source,target,confidence
14175,15111,0.7694453
13082,12667,0.9989405
16705,13603,0.9789811
9956,12731,0.9661017
3346,11942,0.9772633
10694,12410,0.9891657
11530,9954,0.9733412
8241,4203,0.98460335
8143,17526,0.9731329
1903,13168,0.9600877
4142,11456,0.9868939
10500,9919,0.9824484
10536,10533,0.9829131
16909,16416,0.97755563
14025,17573,0.97574186
17390,17396,0.9752068
3356,12053,0.9700688
15912,18750,0.9855177
16893,13351,0.97207403
16991,16073,0.96126556
16436,16423,0.9761462
14427,20102,0.98627925
16648,15850,0.9824425
17964,12927,0.9730242
17951,16420,0.96886194
5147,5146,0.97537994
12470,14889,0.9756016
16451,14944,0.969215
13407,13045,0.7554773
14458,9542,0.9443152
16942,15906,0.9741529
13926,12065,0.973664
19972,19496,0.9686801
12791,2399,0.9973356
17775,14255,0.99656445
12489,15423,0.9729469
14901,17956,0.9712234
17951,12904,0.96873236
19470,18483,0.9734529
14893,17387,0.96979034
18957,4577,0.97632533
14889,11364,0.9752867
16450,10061,0.97242934
12920,10969,0.9032849
10061,12920,0.97153497
8189,8190,0.969131
12004,12472,0.9703226
12920,18978,0.94042796
9920,10499,0.9824677
5636,17366,0.99156684
16360,11974,0.97772616
15383,19946,0.97842455
12895,19425,0.97865367
14418,15395,0.9787531
19235,3731,0.9810992
19579,14026,0.9697637
15083,13572,0.98678166
9496,9479,0.9901876
3231,7288,0.97894806
13310,9898,0.9859416
3643,4198,0.9778334
5816,17912,0.9773975
11906,17873,0.97979283
3677,19437,0.97649115
16895,15393,0.9860276
2266,2280,0.98179996
14757,19041,0.9896319
16895,14692,0.9729442
3230,7264,0.9799484
12895,14416,0.9819342
19425,12897,0.97634196
7326,17376,0.97856355
14874,7299,0.97498983
8197,9793,0.9780065
14333,7366,0.95165956
8279,3193,0.9793258
19794,16204,0.9917719
18818,13705,0.9914048
14701,19794,0.9742668
6620,14551,0.9859999
9981,4573,0.97168726
12706,19602,0.9835572
2796,19269,0.9787338
13527,14710,0.98613435
12187,15533,0.98641056
17753,15174,0.98390377
16716,19284,0.98555183
13046,15009,0.9812072
16360,4198,0.9780005
2052,2062,0.9941791
2053,10739,0.99587315
15415,14709,0.9301735
18480,13925,0.97418743
12347,17847,0.98900324
17936,16897,0.9785957
12931,16362,0.9784893
4452,15869,0.9782447
2063,17599,0.9953661
2911,17284,0.9506495
15836,20337,0.9682009
18715,12201,0.9708038
19654,2063,0.9954026
3685,19384,0.9747712
19097,19245,0.98684907
8231,5400,0.98970795
2043,2054,0.9948488
11403,1939,0.99042773
3248,19441,0.9768191
5790,5788,0.98242307
10835,7173,0.97860867
14726,19245,0.9864139
5789,8518,0.98154986
19174,10297,0.98220855
17312,12845,0.9885451
9711,9214,0.99450487
9312,11498,0.9962734
3697,15374,0.9860604
10739,2047,0.9959636
2089,11383,0.9948638
13746,15820,0.9910097
2091,20023,0.99592704
19994,18439,0.9807406
7875,4465,0.9934261
18197,13891,0.9875701
15815,12896,0.9764305
9756,18316,0.99157315
2045,2081,0.9947062
11404,11403,0.99061817
1939,5442,0.9901336
19755,3826,0.97416943
10719,2053,0.99572587
17350,3471,0.9390445
13376,2648,0.98686635
3639,15786,0.9808647
2055,2043,0.994491
10835,7902,0.9483147
8189,11486,0.9685689
16352,16362,0.9775599
16941,17982,0.97129333
10711,2102,0.99415874
8627,17825,0.98858005
14925,11766,0.9871618
7617,12563,0.9881676
9488,9396,0.95656246
11329,9780,0.9964373
8699,8108,0.96977454
3453,4786,0.9950794
17587,9034,0.9642549
12077,13929,0.9791917
6730,13243,0.9887862
15393,14376,0.9771286
16771,5976,0.9794224
1856,11376,0.9548679
11547,5500,0.83383876
5765,11547,0.95328146
17749,3453,0.99503005
2051,2044,0.9957217
14041,19186,0.95117205
16679,15535,0.98963344
18988,17961,0.9738418
11383,17599,0.99516255
2059,17599,0.9953642
10801,13005,0.9563845
3232,20203,0.99301845
8071,17174,0.5960678
8499,19269,0.98699075
12731,15045,0.82953787
18195,10740,0.96652836
17616,14638,0.9778227
6118,5589,0.9750788
11463,5588,0.97386336
17966,12932,0.97354895
17316,13300,0.99098855
13110,20023,0.9958853
7289,7288,0.978823
20336,14385,0.994538
13006,2908,0.98874635
18461,12003,0.97154343
9954,9956,0.97695553
13966,6289,0.96979505
6298,15952,0.9687875
8916,20154,0.96577334
7017,15432,0.98213726
12909,12604,0.9762591
19088,16416,0.968375
14432,16909,0.977457
12490,11368,0.9708161
15286,5396,0.9817971
10452,10348,0.9807715
18983,19457,0.9700275
12053,15421,0.97014356
11368,15421,0.9712725
15421,16920,0.9716181
17721,18996,0.99416685
16422,18565,0.97509855
16934,16020,0.9594599
14427,14915,0.9704422
19234,16215,0.98013407
14453,13425,0.9370075
14449,15429,0.97427374
16944,7508,0.97122264
18461,19973,0.9714993
13407,20295,0.92735773
19972,12473,0.9633978
13407,11367,0.97527856
17366,18944,0.96849155
17912,13886,0.96640277
17936,16400,0.9787957
13899,14873,0.97771853
9793,11896,0.97816694
13886,16391,0.9787
18439,18453,0.98034644
9811,17333,0.9784418
15741,16706,0.9822819
17360,7175,0.9801384
9898,11905,0.9891472
13653,7299,0.9268523
16400,16895,0.9792485
12425,18453,0.9798568
17360,14405,0.9724461
4453,12187,0.9863426
18264,4786,0.9950654
18438,8279,0.97953403
7175,15379,0.9797793
7465,15506,0.95825493
12049,2066,0.9944013
12323,1856,0.9563938
15199,14021,0.9945035
2043,2036,0.9947137
19562,4786,0.95926803
7294,11362,0.9781141
5105,8700,0.96776617
8108,8109,0.9699214
15832,14745,0.96614623
14925,11362,0.98607165
16893,16438,0.97240037
15174,19577,0.97690195
15054,2088,0.9950252
2090,12049,0.9942159
7176,8487,0.97885233
5344,5346,0.99488187
2039,11383,0.9949981
18785,17753,0.9846806
9873,5665,0.99032813
5674,5675,0.9841172
2082,17576,0.99568284
2052,2045,0.99439454
2058,16953,0.99532497
3678,13892,0.9768361
12460,19994,0.9804983
2080,2058,0.9951599
17506,13006,0.9884211
2908,17284,0.9908303
14427,12044,0.9775904
2066,2089,0.99463177
16391,14406,0.9784055
17751,8149,0.98043597
14701,13393,0.9872362
15894,17407,0.9706662
19562,16551,0.9661754
15053,13110,0.995843
7294,3234,0.966553
15038,17076,0.98335993
17767,19823,0.97962415
12657,18639,0.9952455
10418,10419,0.97133315
11875,19903,0.98671526
17004,12560,0.98100877
11923,10768,0.9916856
18833,15763,0.967796
17856,19859,0.99035245
17770,19830,0.99811625
14285,17841,0.99744713
9274,11180,0.99366623
12210,8779,0.97856027
12840,10766,0.9897508
13324,13289,0.9915194
17778,17776,0.99272984
13233,11798,0.99809676
15270,14264,0.997265
11022,13227,0.9981092
10268,19726,0.9756075
6525,8794,0.9796699
8335,8334,0.98090976
15050,18053,0.98383003
11429,12051,0.98134536
9606,16793,0.9970956
2375,15264,0.99734664
16609,17604,0.9957885
12930,4628,0.98142207
6584,5515,0.98093367
19837,18375,0.99177
12829,18327,0.99747485
19879,16306,0.9974873
15348,15312,0.9909017
18945,15396,0.94976884
8226,13774,0.94557434
17699,6341,0.9776072
18811,17835,0.99636877
18874,12360,0.9981035
11799,2064,0.99744165
16051,19098,0.98425275
12348,17768,0.99125236
4852,4850,0.974287
8171,2130,0.9934924
14106,18114,0.998887
14572,15768,0.86559343
12636,15035,0.8947771
4816,11394,0.97399455
13582,15098,0.98168683
11525,13492,0.9943733
20113,2641,0.952361
1914,11265,0.99277
19860,13735,0.98717475
6678,7781,0.97173023
16284,14774,0.99151343
12669,20180,0.9553541
9953,18658,0.96007115
16398,17913,0.97505856
12464,18410,0.9725327
5308,17913,0.97546774
14409,15394,0.97595793
2981,8581,0.9843664
13167,1915,0.9845887
16304,13272,0.98454815
3749,15861,0.92754513
9823,9320,0.97629106
14881,18939,0.98050433
13741,16315,0.9885102
11424,4111,0.9495591
4014,4015,0.9555983
12131,12130,0.91875935
9825,20341,0.98145366
4303,5531,0.9395157
9115,9137,0.9663758
15221,17758,0.98987716
8149,14565,0.98127455
14483,13953,0.98322034
10470,10469,0.94620126
19945,11111,0.9947466
6200,14755,0.9870279
8446,8679,0.9429298
14588,8679,0.924759
13391,10492,0.99310815
14292,16320,0.9770939
14331,6869,0.98810065
3431,18886,0.9695459
19901,6889,0.97687405
1986,1987,0.97355926
14250,2736,0.98818994
5776,16487,0.9812835
8856,10813,0.95834714
14174,16672,0.9797202
14320,2388,0.98937875
6082,10391,0.9889559
13121,11260,0.989618
2049,2058,0.9953643
11961,6611,0.9759603
19985,18471,0.95921606
2054,2058,0.995148
12212,12211,0.97520065
17174,3017,0.9749009
17751,20347,0.97581476
2047,2044,0.99594635
2045,2088,0.99475056
7273,17018,0.9554207
19186,15147,0.9324746
16505,13005,0.9556827
7465,14041,0.9438124
19967,19965,0.96461374
9957,12731,0.9554553
3257,3256,0.9731555
16551,8071,0.9146141
13885,18954,0.984071
9375,8990,0.9829374
4350,11352,0.9823391
4159,4158,0.9759898
6176,3099,0.9737269
12450,6989,0.97336864
14231,15716,0.9781123
14494,16442,0.98203075
8392,10697,0.9789642
4100,13910,0.972628
19240,14197,0.92383426
20146,15560,0.9674906
9188,9189,0.9920644
10202,13578,0.9642742
17696,20029,0.98767066
8922,15455,0.9857657
4423,8701,0.96663207
16963,12955,0.9848719
2378,16122,0.9808148
6385,19013,0.99145025
14491,7351,0.9846335
4035,14378,0.9767943
17520,12093,0.98094636
6118,11463,0.9748532
9190,9142,0.9653166
4607,11470,0.9760659
18592,16565,0.98296297
6217,11504,0.9890365
8164,20103,0.9888181
4643,4644,0.99164057
5338,7915,0.99086094
1857,4636,0.99171114
1190,1192,0.9914466
9712,9711,0.994551
6343,13481,0.9844593
10067,5694,0.9921631
13481,5101,0.98457354
2025,16215,0.98063976
16039,13739,0.9798504
1010,479,0.990559
8673,8662,0.96725845
5142,5143,0.97542065
5711,5710,0.9936394
10558,7955,0.9803523
7431,11098,0.98028094
8531,5004,0.9953694
5004,10193,0.99529994
8914,8915,0.9650854
9622,9128,0.9911828
9843,9844,0.99294585
5064,8350,0.9875751
11105,5645,0.990112
9096,9101,0.99345535
9093,9101,0.9935488
9102,9286,0.99291116
6448,9978,0.9938753
9286,9111,0.9928959
13016,19521,0.99521327
9463,5198,0.9932441
9471,9469,0.98972917
14205,8349,0.9410783
5167,9042,0.97020525
9126,8885,0.97222304
11081,8639,0.9756065
8108,8190,0.9696322
8793,18086,0.9823496
4285,4284,0.9847297
16380,14516,0.91593957
4168,12020,0.97561103
4348,14391,0.994369
16670,11599,0.9848973
16917,4328,0.9828386
16830,6844,0.9887195
10776,5397,0.9713099
8973,7947,0.98006743
18340,11121,0.99461186
16869,14942,0.97519284
7127,11026,0.9427466
5741,10161,0.9861946
7191,2181,0.98855466
18851,17261,0.98829633
5811,15783,0.98126614
15251,13702,0.9981279
14869,19958,0.93680155
3372,16380,0.9548178
17793,11019,0.99720216
6635,2412,0.9685787
16772,6956,0.9698037
16835,3035,0.9851307
19404,12868,0.9650684
14282,2630,0.97261983
2611,2606,0.9701872
16790,16783,0.9974692
12794,11797,0.9981192
11956,3432,0.97311395
18323,12346,0.9973158
3982,3983,0.9835985
13352,15387,0.9862315
20273,16251,0.9974152
17888,14807,0.99129725
4370,12480,0.97274834
9222,5249,0.96478313
2120,8209,0.9918087
8677,8680,0.9910732
17097,19131,0.99512535
7903,13159,0.9925504
17838,15792,0.96348166
13211,16761,0.9908326
3835,3834,0.98556304
3965,3924,0.9848994
3979,13395,0.984288
2791,2784,0.98743886
15697,13606,0.96673614
15770,12807,0.9785145
15766,2332,0.9795105
3058,3073,0.9750284
9344,15903,0.976599
19262,17218,0.85969657
429,428,0.9995315
14394,15337,0.98866475
11042,16792,0.9749428
15034,18609,0.9933235
6156,5224,0.99107414
19303,6312,0.9650695
10275,16632,0.9821733
3170,10385,0.980459
15516,20081,0.967442
6760,2321,0.98950255
10024,10023,0.9787693
14700,17198,0.87643754
5834,7721,0.98269665
7929,15540,0.9908993
14564,19409,0.9590079
5759,1850,0.97851276
14482,10563,0.99345136
15076,10777,0.99848986
14249,10539,0.98853123
11777,10838,0.9985164
17158,13145,0.94056016
10690,17248,0.9877824
15583,19756,0.97826517
17720,15726,0.98396885
13877,12869,0.99229044
11285,15369,0.99229586
1525,1524,0.9897372
17883,11250,0.9803311
16831,5992,0.9804992
6648,8670,0.98941576
15240,15794,0.99745625
12347,15317,0.989193
1953,17632,0.9774901
7091,13336,0.9633602
19350,15789,0.9962829
19332,11019,0.9973097
5439,15693,0.9886206
2182,3701,0.98891556
19903,2790,0.9868499
19354,2278,0.9982357
825,824,0.9915012
10597,17839,0.9925564
9688,10212,0.9895865
18604,15553,0.9795424
16318,14252,0.9960014
16178,16196,0.98636925
3628,17662,0.9648913
16102,16101,0.95807874
18097,8876,0.9714953
9133,10870,0.9948519
13301,17338,0.99050057
14882,4475,0.96202856
16411,7862,0.9719814
14917,4564,0.9612788
11593,12626,0.99441826
10698,16044,0.98302853
14,13,0.9990664
12393,13245,0.99589276
11883,12406,0.9893684
2814,20288,0.9781513
3175,20265,0.9916869
11758,11756,0.9801523
5911,12190,0.9784006
6533,6830,0.99353176
18792,19072,0.99063265
20348,15106,0.98178655
18370,13222,0.99706787
16265,17808,0.99739146
19352,2234,0.9972429
13919,18478,0.97950566
9864,14227,0.9844886
4144,12869,0.99375266
11800,13720,0.9963586
1929,11326,0.9752567
9347,9297,0.9784977
18420,12865,0.9916328
14936,12070,0.9822223
18816,15771,0.9563089
17414,14547,0.97958654
7780,7781,0.9709473
9353,9364,0.98030615
13422,14910,0.98451656
13415,14905,0.9734667
8711,11486,0.97112256
12945,19481,0.97088516
16730,11363,0.9923586
12520,12090,0.96892506
13650,16728,0.9941011
14398,16386,0.9525566
19221,16145,0.98302174
13577,19670,0.9810439
12192,19252,0.98972017
14479,20042,0.9849303
11641,11642,0.82279724
19629,1984,0.98877025
18202,15668,0.9685897
9052,16562,0.97646254
19636,9144,0.9940163
17620,10642,0.9821447
18051,13482,0.98003685
14021,19180,0.9687751
6720,18644,0.9660622
17151,4926,0.977128
5371,12953,0.9822955
18826,5820,0.99319625
10232,7987,0.9726915
12428,6025,0.98445225
17763,15915,0.9864916
4862,15454,0.97969073
9142,5174,0.9652053
10434,13466,0.988372
8307,12593,0.9912772
15037,17563,0.81686443
5502,7720,0.97264063
1908,12852,0.96728134
17802,18362,0.9974141
10749,13084,0.9929382
16776,14753,0.9981268
8782,14585,0.98977697
17574,14598,0.98593324
13503,19066,0.98824537
8565,8567,0.9800581
12424,17336,0.9843641
8109,8110,0.9699377
15156,17678,0.9754723
8603,8600,0.98452395
4392,19289,0.96140116
9761,9780,0.9945886
4475,12022,0.97224796
3362,3666,0.98398465
12939,4236,0.98138326
3825,16837,0.97434676
3972,13403,0.9724478
16976,15483,0.9881543
3672,7812,0.9854431
2514,18197,0.99216026
19480,19021,0.982431
2248,11618,0.9778585
5300,16193,0.9726634
16497,11164,0.9859827
14518,20056,0.97865444
7847,2285,0.9801671
18494,4074,0.9816743
15452,7571,0.9805573
11447,6706,0.9906144
7573,16455,0.98122543
8607,2564,0.99736625
9634,10210,0.9893143
4987,8612,0.98920643
15836,15660,0.9717396
14385,12380,0.9893383
10260,2386,0.98079
6462,15204,0.9837039
8742,8762,0.9832587
9140,9141,0.9902081
9114,9118,0.9919382
13488,5724,0.9732603
6292,15952,0.966427
16486,19532,0.9675811
17441,15137,0.9429357
15157,16458,0.9354508
4997,7242,0.9647462
5403,6284,0.9962697
8007,5295,0.9788817
6296,18593,0.9905144
12773,15015,0.9577474
12075,13936,0.974379
16443,20293,0.9628272
9800,3120,0.96992975
10753,9530,0.9941346
9747,9748,0.9861059
12190,6039,0.9808142
20132,11751,0.9899026
19109,8522,0.9858159
11732,17627,0.97717285
10878,18635,0.9792518
17728,6039,0.9803977
2937,8172,0.99324703
4645,7437,0.99222445
7164,17911,0.9697109
1497,1498,0.95987797
14080,14590,0.96206707
8702,8704,0.9663929
18029,16468,0.98958147
6937,18956,0.9713949
5147,5148,0.9754592
9004,9005,0.9832427
16618,10110,0.9818927
14992,7770,0.9771791
5502,5501,0.9721034
19594,15490,0.96257687
5673,5676,0.94397795
16262,9354,0.98388565
8836,8838,0.96712184
17400,19985,0.9603647
10995,15236,0.9858037
3641,14526,0.97941154
12115,17213,0.98903567
14508,16468,0.98990506
4198,12891,0.9772295
9331,10198,0.9911464
9781,14721,0.9782624
19016,14205,0.9884271
19538,5435,0.9707791
19649,9205,0.9904094
5750,5749,0.9902097
5704,10587,0.9841913
9990,20182,0.98094165
18265,15714,0.991836
14111,11165,0.9902716
11279,7663,0.9692059
12700,5342,0.984832
20157,4939,0.99497765
7072,7558,0.9841522
4933,4949,0.9873697
9187,9185,0.92413235
14721,12719,0.9784428
10077,10586,0.98958683
2816,2783,0.98764277
5236,5237,0.99410737
9722,5627,0.99303305
5683,10588,0.8655065
5944,7010,0.9604606
5663,5684,0.9809457
4867,11560,0.99430686
10456,9872,0.9893066
8927,8926,0.9677863
5144,5143,0.9747649
6636,12385,0.96657616
6948,14428,0.9870746
8916,16056,0.9656376
6831,13742,0.9631322
17120,10074,0.97536546
9424,9426,0.9931746
9905,15089,0.9859445
3136,17000,0.9903323
19889,17665,0.9722754
4466,9285,0.9930045
11333,9556,0.9735024
9113,9124,0.99221545
9911,9880,0.9723031
15325,2116,0.9821546
10210,10207,0.9654489
17783,2814,0.98573864
4867,19078,0.9945825
8965,14141,0.9743561
5282,5283,0.9838484
14596,11160,0.96482396
11279,6052,0.9732443
20184,6940,0.98175323
12006,4166,0.9951755
4047,4166,0.99527454
3750,3920,0.9950186
16334,18943,0.9953193
10750,17092,0.99529016
19813,15228,0.987677
16760,17243,0.9935749
18923,3492,0.97168374
16946,4665,0.96707416
4561,5765,0.9795054
12241,18665,0.9875503
5346,5347,0.99496657
5198,9470,0.9924291
8827,8826,0.9701349
8650,8395,0.9626046
2227,15039,0.9886567
15249,15758,0.98484427
16570,8358,0.9723116
6344,2141,0.97153735
10225,10224,0.98311114
7511,12498,0.9882655
17314,16334,0.9953485
13062,15043,0.97730166
4271,11914,0.9844243
19540,6554,0.9749853
5687,7893,0.9845866
11479,19298,0.98824817
18816,17277,0.988898
12105,5527,0.9802115
8149,7902,0.94835234
18363,15308,0.9873416
7045,3477,0.9610954
3613,11448,0.9561492
397,396,0.9894415
3297,13826,0.9940102
5651,9951,0.9878913
8561,8560,0.9824075
5706,10114,0.9836263
10121,10122,0.9832065
5687,5688,0.9847608
9641,5315,0.9773942
13534,17214,0.9929141
4634,14991,0.9832398
19739,16175,0.9760591
14033,8150,0.98002106
11747,14033,0.9808882
17177,1940,0.97542167
3286,15347,0.97046846
19188,3091,0.9937172
18199,17717,0.9815129
14710,18785,0.9862434
18265,14309,0.99168736
6005,8511,0.98222786
7394,12155,0.97614473
14027,18199,0.9837345
10611,6743,0.97825086
14551,14711,0.98001194
6388,19031,0.98472255
2510,18337,0.9879852
6270,9007,0.98382056
10955,10956,0.98849034
9986,13726,0.9772461
5751,5752,0.99094415
7166,5471,0.98688227
12742,3370,0.97310084
9813,19814,0.99419373
19650,13072,0.9949308
11005,2032,0.9847531
5054,15116,0.9841336
9266,9267,0.9941519
9862,9327,0.9948777
3634,11111,0.9950347
6783,11078,0.9379816
17842,15300,0.99286425
18879,6801,0.99410206
11184,10916,0.99517584
10202,12673,0.8319059
18690,7307,0.98276144
6400,6403,0.98551023
5525,18271,0.99196166
3887,6959,0.9765644
6796,13332,0.9643887
7279,3941,0.97596383
4090,7385,0.9525348
4832,11205,0.9743541
13557,8409,0.9779604
16960,4907,0.9897171
12368,8585,0.9915217
8273,14837,0.9722261
12900,4021,0.9782802
11338,14875,0.9588252
12269,3091,0.9893243
9786,6009,0.97274643
17467,20046,0.9723912
5074,11419,0.98614955
2138,19311,0.9835998
16786,12376,0.96561205
11077,2231,0.98463273
4038,18954,0.9841175
15882,4384,0.97426456
19520,17674,0.9863008
15467,17986,0.98216486
2143,19311,0.9836939
14775,5845,0.98525244
5831,12817,0.98447347
2290,18839,0.9889075
6728,14750,0.9839754
12660,15064,0.99514717
9657,9157,0.971066
19510,7345,0.98676413
15427,7325,0.9797595
18521,15949,0.98803395
15500,14082,0.98370105
6192,5045,0.99005705
6115,11452,0.98791796
10779,19153,0.9832696
16108,19725,0.9760854
5223,6135,0.9915902
8182,8895,0.9882881
2877,18827,0.98843783
15803,14383,0.98753
7424,7548,0.9729638
12850,8211,0.9863426
13273,6845,0.9865421
3355,18913,0.95265007
7036,18913,0.9547379
14123,10054,0.98093283
12440,6519,0.9846256
18701,11471,0.97630435
8230,4785,0.98525745
7421,15477,0.991601
14467,12525,0.9828414
1371,1372,0.989136
18119,9725,0.9833908
6903,4012,0.9704765
17496,2029,0.97543055
6705,3352,0.9891038
6992,18493,0.9742252
14711,13029,0.98918766
16553,14727,0.98159456
19799,14551,0.98399955
10858,15189,0.9914792
6033,13102,0.9852542
16543,13502,0.9889136
13680,3063,0.9898509
17745,14199,0.977617
18302,11346,0.975391
2851,9503,0.9809595
15463,10345,0.9626214
16220,19296,0.9883295
10790,18057,0.9800552
12454,12453,0.9597559
3632,18431,0.95853513
9780,5251,0.99517375
13966,6290,0.9690581
8031,14212,0.9810208
9279,9281,0.98654294
5430,10677,0.98999923
7859,11131,0.9873624
8615,8505,0.97402376
10677,10674,0.9903252
4315,11348,0.9820977
15470,13422,0.9856117
9225,5240,0.963875
7215,18937,0.9732448
7301,18441,0.96640825
12446,11280,0.94095296
5395,15725,0.9831504
16552,5451,0.9908279
13239,13238,0.99545324
3362,7158,0.9836944
377,1254,0.9908009
11242,4317,0.9804952
14950,7979,0.89243215
13594,18151,0.9936451
13032,9562,0.99631834
14195,18751,0.9952578
16206,18782,0.9782964
3455,15267,0.9916505
15839,12452,0.9853876
13933,4830,0.97627217
19978,13914,0.9754742
4906,11410,0.9877801
15418,14903,0.9637726
19978,12014,0.9755847
14775,5846,0.985233
3008,3007,0.9811972
12813,18844,0.99484295
6951,3292,0.97249866
12051,7020,0.98080355
14667,18406,0.98852986
5491,5492,0.991955
9874,15110,0.97369766
15125,12134,0.9772296
11670,18682,0.9720933
18545,20320,0.96726716
13953,12959,0.9814307
6234,8581,0.9844944
12572,4443,0.96059006
6030,7758,0.9836251
14225,15721,0.994665
13728,2567,0.9829936
10472,16997,0.96013576
5035,16123,0.97769463
11380,12940,0.98245054
4943,4944,0.9873798
7661,5442,0.88285774
12658,20340,0.62743795
4986,14924,0.9766442
4958,12515,0.98768914
4668,4667,0.9819734
2242,2590,0.9920076
5274,5273,0.9560212
8816,10705,0.99544865
17139,15761,0.98645455
17581,12711,0.9727834
7066,16446,0.97824574
15718,17025,0.9813654
9710,9711,0.99450487
18505,17409,0.9858089
5839,5840,0.9807715
12764,18771,0.98679334
9442,12605,0.98325664
18729,19738,0.9888087
17237,18279,0.98741525
19501,18501,0.98056155
8120,8119,0.9767992
9610,13085,0.98614955
14535,7786,0.97604513
13737,13257,0.9837606
4939,8417,0.99530905
8535,6103,0.9851871
17183,6517,0.97739846
2686,2687,0.9727904
3491,15849,0.9604373
1703,1702,0.99148893
3980,3979,0.9842709
15017,13199,0.97795117
5446,15735,0.9702241
18192,16170,0.9699073
12654,10879,0.97854805
6280,6745,0.9896355
1574,1573,0.7307897
15507,19047,0.98693746
5957,3715,0.98193884
628,1480,0.9890484
13049,11819,0.97246563
6172,7517,0.9802751
6264,8591,0.98418945
9437,9436,0.97480017
4947,5229,0.9872973
12543,6387,0.98444366
5044,6132,0.98953444
13836,14699,0.98503184
4400,4401,0.9811415
10004,9502,0.98073846
15150,14732,0.98260915
148,147,0.9971353
11904,16357,0.9896667
13721,5902,0.9882073
2181,2182,0.98870635
19043,17167,0.98980254
19561,15162,0.9463822
15821,2839,0.98245275
3708,8326,0.99262166
4725,15731,0.9846058
5376,8093,0.9866107
19642,13070,0.9951401
15058,12651,0.9944095
2401,2029,0.97556746
6224,18313,0.98807985
17811,18654,0.9889447
5446,20018,0.97029185
7795,4799,0.9936429
12966,15933,0.9817167
12981,15581,0.95082146
17627,13849,0.9768496
11668,13104,0.9769245
11650,15011,0.9755549
14600,10785,0.99311674
18624,20122,0.9931176
6609,4632,0.9515882
6908,3922,0.9950919
10603,10602,0.98333824
10132,5729,0.9846163
3153,7031,0.9887905
8653,4454,0.9648968
15811,18288,0.995084
12089,15459,0.9872022
15473,6161,0.9713884
9437,9986,0.97632515
6671,14778,0.98405886
14920,16932,0.9455221
3891,3890,0.9710197
11809,2391,0.9859352
8559,10573,0.9841559
14773,17830,0.9582914
17843,14298,0.99224573
18021,15500,0.9839677
6580,16490,0.9786719
5724,10404,0.97336054
15943,7197,0.9894968
9667,18106,0.9935649
4234,12067,0.9850857
6117,6398,0.9877627
6399,6398,0.9877117
9729,9730,0.9863603
3857,15387,0.9859082
4926,4469,0.975632
11201,17833,0.9841112
2906,13782,0.9867165
5793,5790,0.9823872
4542,18984,0.97409904
16445,17979,0.9744499
12841,12450,0.97282684
6860,17709,0.96117866
19698,18159,0.97466373
3994,10315,0.9693319
494,493,0.99096406
15626,3165,0.9756595
1255,1256,0.98966485
11654,3409,0.9937186
6737,19869,0.9905331
16613,10405,0.98757917
11755,20096,0.9821587
5122,5123,0.98151714
8727,8725,0.97998214
8261,5843,0.98829633
12202,11310,0.9832565
2127,5854,0.9928543
2648,5358,0.9924609
14716,6690,0.97282636
8518,8517,0.97870755
18797,12271,0.97799927
8084,6515,0.98345387
6147,19536,0.9890069
12727,19764,0.9720622
8111,12724,0.97226727
18551,18075,0.98063844
8153,9485,0.9857326
14608,17585,0.9911645
2966,18879,0.9936976
3342,18908,0.9669662
1952,3003,0.97381717
1216,1217,0.98858184
18781,11568,0.98534334
7931,19165,0.9850277
11765,16244,0.9986255
13154,18140,0.9766356
18882,2769,0.98458046
16889,18897,0.9509848
7604,17434,0.98547214
12064,15905,0.96294594
14768,14767,0.9880006
9588,9587,0.9792726
16142,10337,0.99425584
11675,5107,0.982524
19723,8210,0.9920461
8210,4957,0.9919979
15530,3642,0.99096024
5400,19578,0.9887205
2609,5695,0.9894183
19664,14623,0.9821294
13935,14887,0.9754499
7007,3493,0.9657723
14846,6981,0.9888891
4718,4719,0.95945114
13394,3966,0.9843097
4311,4304,0.979815
6681,7683,0.9780164
5804,14673,0.97652507
16729,13890,0.84894216
17646,19027,0.9732819
19314,6818,0.99038994
2743,16820,0.9879418
15974,7666,0.97694844
7339,7819,0.97269815
12549,18008,0.99012965
10445,12542,0.98041487
5630,10309,0.9741441
18573,15995,0.9882587
12851,7488,0.9731077
15420,4075,0.965412
19958,14859,0.91908556
20011,18486,0.9738028
7140,3458,0.9732301
12867,11259,0.9675849
6546,6547,0.9806287
16998,13001,0.9697683
16674,19531,0.97936136
13256,2411,0.9883614
8697,8698,0.97928786
12356,13230,0.98358595
17805,12374,0.988036
16098,10461,0.9468472
10811,4121,0.9788794
8348,13739,0.98053783
16881,11826,0.9817218
19943,14040,0.9693959
8111,9859,0.96128494
13920,8630,0.9772061
7121,15953,0.9789988
16393,9909,0.96260095
14312,2961,0.99133074
6549,6550,0.96807575
13802,11818,0.9926051
4586,7861,0.99299556
11757,7953,0.9820786
7382,14889,0.97550255
18932,18933,0.9558798
18933,18919,0.9612522
14035,5299,0.96612185
1950,19804,0.9929502
15210,5208,0.9724999
18214,13139,0.98904514
12106,8035,0.9759118
5365,20323,0.97944975
8045,8047,0.9889255
2705,8509,0.97921616
13245,15270,0.9973158
19921,5888,0.9843962
2716,19887,0.9892125
2691,13273,0.98741674
11740,17203,0.97424954
17946,14907,0.9693523
15082,19659,0.9855172
1673,1664,0.9841941
18961,14907,0.96921813
5690,5691,0.9919693
20292,16407,0.97119707
6380,14507,0.970579
13905,4445,0.966398
10330,14502,0.9877358
9589,9105,0.9781935
13875,13434,0.98404443
12133,10913,0.93377656
17882,5281,0.9821457
3900,16541,0.97869164
10992,19949,0.9788482
12887,8514,0.9843987
13337,11886,0.9784868
19250,12965,0.9742441
2006,5189,0.9929531
18499,12983,0.99025893
4667,4666,0.9817492
4183,12978,0.9785251
5904,11550,0.9695672
20103,18066,0.98752904
7928,4713,0.9888333
6139,1893,0.980409
8890,8889,0.9650962
5182,9311,0.99065304
8101,19241,0.98437023
18900,6051,0.98932195
6325,18008,0.9906351
9861,9353,0.9805171
20221,13133,0.9822724
3371,3100,0.97956353
13435,4893,0.986743
16042,14526,0.97896737
15415,7288,0.9775259
13458,15921,0.97804445
17996,4403,0.98798776
18498,18512,0.98282135
13637,10832,0.97800374
13997,12167,0.976919
15578,13067,0.9945511
8531,8486,0.99542904
17614,10019,0.97800237
17504,7869,0.9868168
5624,5623,0.9864645
9632,12237,0.9734919
11526,10859,0.9700799
14623,14622,0.9825104
1859,17243,0.99455655
11513,12997,0.94120806
13359,8079,0.98379946
16052,14056,0.9641337
10579,10578,0.9840344
20199,11655,0.98304796
20015,7117,0.96995914
9786,15326,0.97389483
12507,12946,0.96195585
18010,6338,0.9909067
6336,18010,0.9909161
5756,10655,0.99073106
13775,3173,0.98144174
9976,18585,0.9866139
17940,6897,0.96132696
8121,8120,0.9770858
11956,3433,0.97189516
4815,11394,0.9739919
2204,9952,0.96444327
7857,9006,0.98343074
14320,6082,0.9889755
11850,11848,0.9706324
4869,12077,0.9806152
5591,5590,0.99188375
14963,5042,0.9765177
4116,3360,0.97540843
18939,3839,0.980682
4009,10242,0.9939447
19662,9693,0.9755706
10530,9950,0.9879451
9880,18656,0.97258717
19469,12058,0.98310953
4895,13949,0.9819739
15461,7153,0.98004055
7641,5027,0.97765553
7051,7064,0.9765856
13918,4551,0.96445847
13434,15908,0.98323536
17280,11138,0.98884135
11772,3453,0.99504554
11146,14736,0.99272573
16235,17636,0.9839336
14183,16536,0.97965086
14641,6230,0.9479856
16229,11775,0.9670479
11834,11848,0.96500486
481,1038,0.99076605
482,481,0.9759496
19866,6080,0.9841219
12166,12581,0.81365454
16948,20301,0.9743886
1394,1396,0.98298115
8252,19276,0.98556244
6545,11382,0.9808561
13921,20019,0.9805742
5588,5586,0.9752643
6455,6454,0.96675026
14779,12387,0.98787004
10936,10800,0.9852284
15013,17699,0.9781134
6061,4964,0.967159
10337,6120,0.99421424
16046,19108,0.9852942
3084,12635,0.99523866
9100,8879,0.9899103
13821,16836,0.9948086
3503,7070,0.95889586
7152,19297,0.95707923
4231,10928,0.993668
11505,11993,0.95856476
13684,18048,0.71734536
12312,14536,0.9676061
8969,19632,0.98638386
11832,11834,0.9625163
2168,16717,0.9812305
2168,15227,0.98158884
13461,13623,0.97525716
5424,13560,0.97500753
7501,11499,0.9809394
13140,13118,0.9867638
1354,1355,0.99111104
7472,4462,0.9769985
13496,7804,0.5580731
8076,8077,0.977813
8884,8883,0.97517437
7160,9855,0.9860411
15503,3463,0.98780257
201,202,0.85401845
7538,7700,0.9824997
1894,6075,0.9804434
12129,9287,0.9604748
18529,18390,0.9863079
5379,5465,0.9511358
19043,7632,0.9902422
11633,9303,0.99340665
17631,17132,0.99036014
17394,18969,0.9638266
10658,15266,0.9900203
9383,13078,0.99233
5979,5978,0.9910505
5232,5264,0.994802
4254,4253,0.9606775
6052,19803,0.97272146
10353,10725,0.98023236
13419,14891,0.96404606
7082,14463,0.9863896
8126,13682,0.9772365
19565,15526,0.9860994
3868,3869,0.98174906
14674,10398,0.97811127
4744,11778,0.99074906
19390,13792,0.9712455
18443,15384,0.9699672
15326,6010,0.97406083
5325,11445,0.98293245
6980,7756,0.99364907
12963,5060,0.986429
18488,7093,0.98227155
7799,7849,0.9805414
17477,7799,0.981296
7588,17474,0.95148665
12170,3641,0.97956103
16518,15590,0.95403767
15108,16629,0.97791296
2533,5383,0.98888946
12160,11533,0.99027854
11728,16757,0.9850987
5106,15745,0.98347694
8821,8822,0.9944537
17874,3070,0.97675586
10194,14958,0.97975105
5202,5301,0.9616808
11657,11660,0.9928958
16068,8932,0.980123
14927,4226,0.97860444
10322,16485,0.97148806
17708,16573,0.9752642
14501,18219,0.9894609
18517,6060,0.9941664
6042,8324,0.971825
10082,15982,0.9949639
6163,11460,0.9812805
12544,15985,0.9620955
9099,7750,0.9896479
878,1693,0.9915758
11514,5138,0.9782682
18167,7403,0.9704873
19686,2238,0.97235966
10596,6445,0.9833045
9677,20186,0.98861814
14532,15495,0.9781471
5631,4506,0.9923786
8823,9017,0.9626004
6714,2495,0.9846443
2590,18810,0.9925827
19073,5851,0.9879622
17238,4851,0.97852784
7649,4637,0.99142367
5932,5931,0.9684058
18642,15613,0.9824523
17741,19275,0.99568695
18753,14181,0.96557146
18197,4269,0.9912074
8530,8524,0.98046565
5101,19231,0.9835601
9360,6226,0.9686573
8975,8974,0.99308795
11641,11636,0.9258945
8960,8959,0.97355765
8570,8704,0.96673
8386,8385,0.9936522
10802,8734,0.96793514
5197,5195,0.9926354
8124,1967,0.97929925
3517,11219,0.96788263
13961,18506,0.97086
14303,17810,0.99339217
11202,10455,0.9765584
4573,12250,0.95332336
15473,14695,0.9733483
12111,5556,0.97936237
5497,6172,0.98082906
19620,5609,0.97962934
8772,8774,0.9850649
14304,17858,0.97191364
6335,15722,0.99059474
13991,19410,0.993515
11157,11158,0.96618104
1217,1218,0.974441
1847,4394,0.9890085
8258,11938,0.99316275
9708,5623,0.9851644
5628,10274,0.9819725
10277,10274,0.9808369
11202,16069,0.9811147
6481,2169,0.97401875
9845,10423,0.9807329
11108,5723,0.97232246
9184,9220,0.9797198
10561,15612,0.98215944
10588,10589,0.9506148
9219,5236,0.99407816
7269,6462,0.9824905
18778,6478,0.9863092
6425,3004,0.981169
5540,15210,0.9829511
18080,5973,0.9885698
10533,5644,0.9830905
13087,18676,0.9846676
10390,10418,0.9713433
9805,9771,0.97490704
3915,3702,0.9890398
9416,9424,0.9936952
9500,9516,0.98836845
9676,9682,0.98338586
9609,17608,0.9852828
9666,9647,0.9758154
9821,10367,0.98699886
10137,11648,0.98445165
9558,3993,0.9942147
9472,9463,0.99363893
4918,4919,0.9642077
8856,8858,0.9588629
3703,1909,0.9885837
11635,11636,0.99207777
3701,19299,0.9889237
8811,8810,0.97685915
9045,8839,0.96763337
9073,9046,0.9660677
9211,10747,0.9749239
8641,8380,0.9655105
19622,20155,0.9695468
12124,6525,0.9803319
8866,8867,0.9751095
12104,12105,0.9801001
8333,8331,0.98058045
9831,9903,0.9859774
20014,7114,0.98462045
5688,10582,0.98458326
902,1812,0.9838598
11577,13592,0.96123916
17470,20038,0.99253476
5525,4941,0.9902153
14348,2663,0.9782613
15737,5979,0.99364895
4274,4281,0.9895399
1975,17049,0.9878191
11331,6906,0.9953774
14407,6895,0.9951786
5745,5748,0.98686606
17724,11055,0.9626859
8399,8398,0.98535556
9366,9369,0.9948089
13889,12413,0.9952781
15061,15588,0.9904377
18277,11702,0.9839369
4701,8349,0.9726624
19896,18396,0.9835101
1930,3920,0.99512464
10635,10652,0.98028874
15316,2895,0.98786587
11182,11184,0.99515015
14286,2692,0.9873444
8865,11861,0.9845797
7927,16208,0.9824571
12852,19563,0.96901435
19421,6848,0.9667899
18885,3060,0.9881324
3745,12883,0.97214186
11238,15816,0.9882091
13510,8202,0.98400223
17431,20024,0.9829911
11773,12311,0.9876666
17708,13658,0.9753132
18830,18794,0.98864776
19482,18490,0.9860306
12537,7454,0.9723795
18530,14980,0.97583246
8118,12601,0.97643775
3412,3413,0.9940942
9019,20163,0.98528695
14729,5879,0.97767806
9925,4477,0.960274
11495,9312,0.9962896
3953,7320,0.9625853
17938,11318,0.97092986
15548,16566,0.9871765
10179,10178,0.98693
4022,18952,0.98101693
7300,3928,0.94274986
15490,19085,0.9633102
3163,6900,0.9707911
3757,3758,0.97216547
3781,3782,0.96092904
18487,5051,0.9797657
18419,8274,0.9797422
3747,13346,0.9722357
18620,18621,0.96405244
14232,6070,0.985371
19546,14997,0.9791738
18845,16272,0.98920155
5844,11809,0.98586917
8541,6719,0.9846811
6540,5767,0.9900836
19854,8511,0.98145574
17001,12152,0.98532295
6583,5841,0.9812494
18249,17001,0.98547757
15257,11043,0.96162313
6223,2032,0.9847723
6242,6234,0.9845691
5915,5824,0.98324996
10574,3454,0.98450154
9768,11899,0.98823684
9740,9744,0.9640701
19141,9880,0.9728536
14896,7171,0.9811131
5175,15475,0.98705417
7212,16481,0.9830034
13977,5724,0.97295064
5026,10134,0.9776415
18006,5596,0.96784747
19379,11238,0.9882613
2668,2748,0.9894763
16305,2663,0.9935545
18842,8102,0.98769975
13274,2722,0.9872967
14848,19924,0.9487006
3663,7164,0.9667964
19355,18444,0.964419
11275,6790,0.9815563
15504,19043,0.99000204
5465,7691,0.97835904
13874,6410,0.9706406
17343,16870,0.9658093
19075,14996,0.96199554
3036,14310,0.9845019
2473,17820,0.96789294
7312,17374,0.9709998
19950,3736,0.9820576
15413,4214,0.97584677
12821,2430,0.9803146
7498,16777,0.9594541
4421,11357,0.97966135
15230,3221,0.9902603
9642,9139,0.9934505
16799,12818,0.9848459
9743,19366,0.9885091
2488,8543,0.9935283
11270,6203,0.9655896
4476,18982,0.9571081
16936,4661,0.9695088
3466,11961,0.9754208
6969,13912,0.9571761
13240,11866,0.98534286
10430,9848,0.9931892
3827,3828,0.97111905
10237,20201,0.9894465
2131,2190,0.99382097
15557,10078,0.9934875
8393,8392,0.9791685
9099,9100,0.9896583
14657,2992,0.96731377
2497,6727,0.97914493
4571,13805,0.9752771
11439,7420,0.9731476
7727,15991,0.9737698
14850,19932,0.9842169
6696,18347,0.9701788
13827,3330,0.994249
6774,6967,0.9771549
13012,13080,0.9593988
11212,7737,0.9722778
2457,2469,0.9637397
3638,2866,0.9784832
19872,19851,0.98963296
19335,18333,0.97831446
13288,19264,0.99192387
18846,16273,0.9898844
8624,10596,0.9828693
19838,8696,0.9906438
17131,20212,0.9771641
12721,7334,0.9752077
5885,5124,0.9831529
2221,2242,0.9913891
10527,10547,0.97538996
6902,4012,0.97049093
20293,4055,0.963828
18082,12629,0.96364325
18885,12430,0.9880735
12943,12066,0.98610014
15700,15696,0.9819088
5273,12669,0.95976466
8830,8828,0.9814167
10594,9799,0.97273064
15513,8555,0.9672733
7966,7660,0.9713199
16411,16908,0.9719221
9459,9962,0.989829
10961,16158,0.9815984
9566,9565,0.97996587
9563,9564,0.97963184
11,10,0.9992613
17923,6821,0.97045094
10394,10258,0.9668337
4425,6199,0.98071116
12390,16830,0.98871255
6524,5787,0.98162395
5266,14616,0.9953961
13195,19259,0.9900064
17198,14209,0.98037726
18591,20099,0.9890064
19239,4220,0.9435532
19616,12631,0.9827491
19301,20226,0.9860028
16751,13030,0.98415285
944,945,0.962883
19758,13036,0.98050505
5818,5817,0.98964894
11627,9212,0.99305576
17564,12213,0.9789089
18041,19571,0.7781127
4269,14035,0.98985696
5306,11753,0.992251
16750,19227,0.9871869
19570,11756,0.9840434
9735,9736,0.9786639
7450,2476,0.99064624
16234,13050,0.98424953
8203,13050,0.9841232
17338,15348,0.9907066
12398,18378,0.9835882
10144,10145,0.9784006
17219,18061,0.9792406
14075,18623,0.9689748
15757,8546,0.99791425
2703,2704,0.9820955
12106,8510,0.98044294
2437,5826,0.9843722
16533,12329,0.98440707
15100,5972,0.97355473
17584,8503,0.9870679
4293,4332,0.9798237
10521,7948,0.9806542
18869,2902,0.990072
4516,12737,0.96671987
3483,15304,0.9660731
19884,19314,0.98697716
13450,5054,0.9841542
2498,2497,0.9793874
2471,6776,0.9660622
6190,6962,0.98396975
4314,4313,0.9826082
2099,11784,0.9951029
4697,4699,0.9636603
5820,5821,0.99319357
10744,9167,0.97551423
12305,15152,0.9849027
14744,8124,0.9799243
9543,17714,0.9821208
11667,14696,0.98220426
17377,4005,0.96234363
3172,3788,0.97940654
5664,5661,0.98040557
9259,20171,0.9773442
17364,13413,0.97657824
11885,12859,0.9778504
8072,7673,0.9813588
15462,7227,0.98960364
3143,7238,0.97215176
14732,4883,0.98356587
19216,11124,0.98470104
9386,10915,0.97872525
8409,8408,0.9785235
7565,7564,0.9721254
6717,6213,0.9922431
17010,7791,0.992663
12782,16562,0.97480565
1932,2128,0.98160905
16888,17921,0.9698776
16888,17914,0.9692634
11871,2236,0.9852706
11066,10629,0.9930553
9000,8996,0.9838244
9377,9376,0.9835502
16949,7667,0.97993463
16525,19537,0.9697794
6422,7719,0.9824446
3541,7517,0.9798449
17480,19151,0.96799725
9374,9393,0.982101
7622,15988,0.98946315
10854,20300,0.97947526
15015,8904,0.9929236
15229,19813,0.9929162
12228,11633,0.9936335
12940,19515,0.98252654
6835,3836,0.9851966
14940,12072,0.98261756
7842,16475,0.96951574
7627,17483,0.9937395
16195,18201,0.9927227
10368,15030,0.95901084
7546,7532,0.9820225
15154,18761,0.9706197
19329,15328,0.983204
5438,19805,0.98881847
6573,19632,0.98623616
10510,16503,0.95879775
5438,2898,0.98881954
12156,6020,0.9781757
13929,19500,0.9812568
20010,19556,0.98190826
15030,10371,0.9812052
7626,7627,0.99410784
10742,11614,0.99212575
5257,20341,0.9874184
2695,12184,0.8865071
17798,6246,0.98930055
12806,2259,0.99020094
20300,17414,0.979603
13440,14941,0.9790597
10229,10661,0.9794143
11412,13588,0.97513026
5429,6101,0.9845598
4711,7821,0.9816197
7496,15808,0.968789
3214,19179,0.9777077
6299,8469,0.9851651
7857,18555,0.98379415
2596,10260,0.98835295
3086,19704,0.97664
1715,1717,0.9901433
5256,9858,0.9785865
16229,15151,0.7975402
8646,11150,0.9935076
9039,9038,0.9943851
13753,15318,0.97123444
8449,5025,0.99493814
11548,8005,0.98739433
9604,9125,0.9912815
5638,5639,0.9939487
5621,5620,0.9834626
15814,17091,0.97754806
9871,9872,0.9892089
11711,10387,0.984875
9883,10458,0.9889204
15092,20344,0.97812265
9522,9416,0.99329364
11999,18946,0.9695878
17039,17025,0.97487086
4956,9277,0.993331
9110,9111,0.9922192
9103,9092,0.99340963
8549,8550,0.9865281
6597,18629,0.98577166
10182,12672,0.9897035
8399,8412,0.98546034
14366,7227,0.99206614
7536,20046,0.9724392
6994,15160,0.9769106
7364,17471,0.9747643
20213,12114,0.98664945
16794,16782,0.9895968
10402,16985,0.98649675
2983,2769,0.9845101
19909,11722,0.9770269
7128,8508,0.9499653
18491,19222,0.988388
15662,17009,0.9942568
16449,6960,0.97692865
4617,19033,0.9806473
4664,12051,0.9808608
12288,15667,0.97814435
4758,11471,0.9768341
8489,16580,0.98545
19756,19786,0.97782075
6652,2433,0.9802335
731,732,0.9889248
2482,19721,0.99209917
5402,20090,0.98780084
11251,11902,0.9718354
15725,20098,0.98319894
14158,18292,0.9855225
10212,10215,0.9892647
18198,19806,0.98674285
6814,2904,0.9904323
12847,20277,0.9882802
7096,13882,0.96188074
10443,12677,0.961947
8027,19600,0.96068496
5356,10168,0.94743323
11261,3053,0.9518003
4306,6920,0.9082894
18586,10198,0.98671365
3395,4295,0.99038166
4760,14142,0.9855703
6437,17470,0.9928657
10670,16215,0.9817098
7954,11067,0.98086953
1906,3639,0.980514
19626,18615,0.96264935
8701,11145,0.96637315
8133,9360,0.96383125
6073,6072,0.9762962
10804,8759,0.9666891
9440,9443,0.9944155
12585,7616,0.97964245
12152,11748,0.98441595
14052,10959,0.99348265
17331,7490,0.96365064
13576,5689,0.98738396
5270,9764,0.9647812
20076,10742,0.9922179
19048,13996,0.977326
6297,6298,0.969587
10538,5660,0.97988945
4632,5168,0.9507208
5659,13053,0.9861683
2326,16284,0.99144506
9772,10309,0.97531927
3294,3943,0.9710391
17427,18508,0.9818271
5801,19009,0.98258495
4629,5025,0.99519545
7972,1907,0.98053896
14163,7480,0.9782558
5678,5679,0.9837096
9267,11059,0.9937704
18647,10733,0.99520016
9406,9405,0.9729513
4017,14884,0.9629513
3397,18038,0.98679984
12883,3746,0.97216266
11001,8024,0.865763
8280,3242,0.98088306
7694,10636,0.9764914
4117,11339,0.9401629
18485,4721,0.9606172
12465,7261,0.9827831
4200,4201,0.9657489
7274,12689,0.98141575
12415,16846,0.9762483
2583,13506,0.9868418
12899,3899,0.9625362
7495,13220,0.95296234
17515,5361,0.9930442
10454,20253,0.95885
5550,2897,0.99317247
16270,13724,0.98792285
6,4,0.9993185
1876,17743,0.9812371
15096,10868,0.98059595
12590,18270,0.9755391
6713,14759,0.9940183
10331,7306,0.98247045
7897,5280,0.9770757
5287,5327,0.9605689
20020,20358,0.9782307
10642,12025,0.9891834
5114,5113,0.98834026
16242,14083,0.9838307
10642,10174,0.987953
5359,8123,0.9791581
19588,11244,0.9810457
16563,5878,0.764053
13170,16070,0.99528486
17035,20222,0.98504597
12502,18486,0.9736907
11150,8690,0.9936464
13362,11150,0.99350476
18369,15325,0.9821961
6648,8683,0.9898
19845,15263,0.9936488
4516,14179,0.96681744
14799,5935,0.9465592
11643,9326,0.99250656
4497,19988,0.87294424
16030,12700,0.9817962
13683,18267,0.98502326
19980,13911,0.98176515
7509,14921,0.9893373
12011,17395,0.9619242
7312,3948,0.97056973
6003,8035,0.9735792
12481,4384,0.9741392
12000,11306,0.9689078
3784,3783,0.984484
2608,2607,0.98748386
17894,7389,0.97612244
10549,17118,0.9806544
12866,9865,0.9822757
15360,3360,0.97579974
7300,6875,0.94232327
7756,14960,0.993741
3754,11318,0.97092664
3943,3293,0.9710127
13484,17082,0.9789972
7120,7119,0.97207063
4745,15639,0.9850307
11640,9574,0.98798835
15436,12052,0.9822353
12052,12935,0.9826356
8950,8505,0.9742085
2357,15144,0.97863173
12341,2425,0.98818165
4973,5070,0.98696834
4373,15624,0.99240667
14984,15498,0.97734374
8107,20070,0.9766178
6194,7464,0.98959935
13584,2720,0.9891928
6507,6438,0.97007006
1870,7145,0.97634935
20314,13000,0.97414523
16331,12106,0.97811913
2610,2608,0.9874374
12047,13487,0.97943395
1958,10342,0.9895271
15929,20054,0.99360883
7982,12204,0.98520017
17009,7787,0.9941298
13508,19192,0.98676795
7056,19548,0.97170806
7822,18528,0.96955544
18079,11363,0.9922448
12699,10452,0.98073304
9361,8577,0.9652165
5905,8577,0.9658234
8995,8991,0.98376966
20313,10175,0.9919708
7640,7642,0.97921264
9719,5986,0.9852551
15263,19745,0.9920948
6404,6000,0.8607861
6583,5503,0.98139036
10184,20198,0.9877923
5431,18751,0.9953253
8769,8868,0.98129797
10826,13135,0.9619198
13111,11669,0.98185825
12688,14685,0.9851656
2893,12267,0.9887944
17979,4791,0.97438836
17344,4626,0.97038335
20283,17901,0.98476875
6021,6020,0.9792235
14510,16156,0.9911409
13693,17640,0.962137
14328,6863,0.96948504
7309,14881,0.9792157
14397,19923,0.96939397
3160,3161,0.97149456
19511,12525,0.983198
3186,3798,0.9708718
7576,7154,0.979505
4552,12257,0.98302805
7502,9009,0.9784434
14890,7383,0.95775115
17554,11581,0.9789959
7754,11836,0.96950454
16640,4392,0.961168
14955,12935,0.98293847
6858,1993,0.97747904
2247,15742,0.96986085
3880,14168,0.97501504
5610,9663,0.9829531
14006,17011,0.9813045
18555,11397,0.98151577
15186,19283,0.9856776
8342,14055,0.9757902
19283,16750,0.95352906
14012,12121,0.98865336
7619,6480,0.97074103
1669,1670,0.9936154
15542,12775,0.98530143
1553,813,0.91353923
10109,5692,0.99261415
10083,19468,0.9770874
5160,5159,0.98154944
7148,7018,0.9826707
19008,12521,0.98198515
19229,7445,0.9570311
5008,5007,0.9874336
10154,10143,0.98013204
6466,12384,0.980437
10670,6502,0.9813332
5396,1907,0.98132837
8483,5936,0.96377975
11144,8310,0.9919887
6222,8572,0.9835454
9315,8977,0.9924879
11163,8958,0.9728808
8562,8570,0.9680576
10244,15624,0.99239516
18110,10717,0.9947738
12646,10718,0.9947806
10615,10614,0.99330974
19569,7909,0.9913852
6026,7759,0.98360026
9735,9744,0.9899553
8998,9375,0.9829389
18502,12532,0.96993434
17799,2191,0.994436
12111,11098,0.9796699
7409,11044,0.97728807
8130,20101,0.9911532
3468,15522,0.9734476
11040,5462,0.98298925
9122,9121,0.9924028
9125,9128,0.99126726
19150,13105,0.9830767
17615,18126,0.9792739
17615,18668,0.9792986
18669,18124,0.9663803
10160,5738,0.9732088
19579,18564,0.96869385
9594,5605,0.98268294
5684,11187,0.9811835
18083,17557,0.95854974
8783,18092,0.98393166
9753,10282,0.99402034
8305,8302,0.9889338
11192,10451,0.99021834
17616,19667,0.977778
9527,9525,0.9932967
14531,17489,0.97853297
9524,9523,0.993306
9101,9102,0.9933042
8520,12628,0.98031586
6238,8583,0.9770855
9380,9381,0.98508435
2349,9373,0.98228914
8811,8812,0.9758388
8378,8377,0.98137337
16579,13055,0.97108185
17057,17070,0.96456623
13057,12622,0.9855892
8862,8863,0.9765752
18087,8793,0.9833407
5158,5156,0.9811307
10114,11194,0.9838008
20151,18612,0.96483487
18609,13058,0.9937364
8407,15565,0.97935563
10570,8511,0.9819728
11149,8662,0.9685297
9681,7166,0.9868166
13720,12393,0.9963081
10919,6894,0.99409664
11660,16195,0.99208623
5204,11657,0.992718
19413,12000,0.97170144
11631,18639,0.9952679
19019,6133,0.9918075
11060,11059,0.9937762
11091,5493,0.9922283
9369,9367,0.9947937
16394,17918,0.9952083
10192,10189,0.979286
7219,3913,0.9952956
17289,19878,0.98450375
11620,12652,0.98976797
17782,11069,0.9844392
5486,12358,0.98473895
19873,19870,0.9860815
2230,11077,0.984565
2190,17810,0.99363226
16914,9728,0.98465306
18984,19991,0.9736502
6295,6294,0.9725954
12298,19092,0.98173714
17920,11975,0.9951178
3631,13342,0.9595127
13820,13819,0.9949273
18493,4814,0.9738799
11944,3425,0.9731173
3464,3360,0.9752416
20284,13866,0.97447306
6469,19401,0.984271
18346,2467,0.9911829
3832,3831,0.97286487
15125,10261,0.9759507
13783,16982,0.9760007
15817,3067,0.9433774
13833,13834,0.99418396
6836,6835,0.98574674
17324,3075,0.9717639
17886,3075,0.97163063
14884,16403,0.96345866
16453,5036,0.97997874
19545,9021,0.9780792
7583,10612,0.9909636
2667,2098,0.9875688
11870,11221,0.98770756
2977,5990,0.987835
5476,17772,0.9833868
15651,5976,0.9809579
7990,16747,0.9894372
13255,17276,0.98859763
16292,2420,0.9942596
19848,2249,0.9838792
6219,19267,0.9911686
17412,19624,0.9887284
8685,8686,0.98970795
8672,8683,0.98964626
12373,5747,0.9901991
9886,9887,0.94468904
16446,7065,0.97838974
7761,7816,0.9683782
15460,16978,0.9865644
12216,15761,0.9864587
7657,7761,0.9673023
3903,16771,0.97898203
18364,14576,0.96519834
13463,12526,0.98371893
7678,5009,0.98485017
4733,13462,0.98373955
19290,17756,0.98643446
15946,19030,0.96693945
10565,7591,0.98192364
13459,7358,0.987688
14962,5389,0.9693347
5876,18794,0.98849106
15748,2181,0.9884637
15368,8430,0.97251016
19400,3637,0.96268433
2745,7907,0.9660134
5940,19889,0.972336
13316,3271,0.9486446
2870,2871,0.98042744
19356,5920,0.97332054
17306,2873,0.9810877
3528,3553,0.98622316
3036,3037,0.9842517
2573,2571,0.98191017
3410,11956,0.97248083
6083,15388,0.98408014
2481,6673,0.9886917
2229,16272,0.9893216
3138,2260,0.98087424
20006,12056,0.9814119
7184,3716,0.9745034
19478,7086,0.9871306
19489,18459,0.9718085
17408,18477,0.9753736
3381,18423,0.9929639
12407,13750,0.9879743
15755,2565,0.9979646
6405,6406,0.97816694
15701,14714,0.9750624
3579,3578,0.9765083
19979,16421,0.9663185
17386,13406,0.9724701
6976,4322,0.96568334
3184,17329,0.9738792
11247,13777,0.975626
15862,3767,0.95142955
17480,6677,0.98497516
12469,3998,0.9661691
12715,17672,0.99251914
11020,10378,0.989589
9596,15619,0.9878842
11220,11225,0.9927987
17251,19203,0.9705842
11507,4573,0.92372364
10760,10425,0.9927165
10752,18177,0.97867614
8748,3814,0.97136915
15478,19020,0.97689223
14011,18024,0.96667147
12566,17500,0.9610235
17008,7681,0.98499656
2584,13608,0.9896208
12037,13582,0.9809471
5404,3113,0.98057395
9955,10703,0.6724512
20032,5320,0.9756124
6212,11053,0.97878075
11021,17008,0.9798923
6530,18870,0.9572864
11620,17086,0.99046105
19834,6152,0.9843524
10243,10336,0.9926146
14534,7804,0.9802034
12705,4757,0.978505
5975,3092,0.9922535
11086,14759,0.9939044
7630,7797,0.9813182
20186,13574,0.9884862
14169,12247,0.9887537
10761,6248,0.99017566
8847,8846,0.9944699
5262,3295,0.9697899
20043,5320,0.97398835
15554,16037,0.98697704
16213,12176,0.9821045
17023,15718,0.98922837
6754,6726,0.98547494
11836,18296,0.9634759
11225,16855,0.99266267
6363,18832,0.98865104
18815,16260,0.98507565
1865,16000,0.98836863
18255,13172,0.98952115
836,837,0.9909462
14204,5402,0.9885887
8411,6499,0.98501796
17163,11670,0.97237474
2660,3881,0.97211623
2948,2277,0.99021685
1400,1401,0.99086505
1395,1394,0.97034633
8155,19787,0.981389
13389,17059,0.95720637
13526,5439,0.9862455
17829,14278,0.9834578
11684,8166,0.9883732
11531,10082,0.99493223
10240,15980,0.97946906
9351,18651,0.9789635
4684,5720,0.9736352
9638,16093,0.9830351
13652,8078,0.9845568
10631,7453,0.98106617
9629,9150,0.97607225
9235,10902,0.9767701
15730,8342,0.97539866
5584,19843,0.9849338
8591,8592,0.9844206
19875,5894,0.9851657
17293,17271,0.9712177
18269,11726,0.9781294
14688,9543,0.9810931
13188,19679,0.9813679
17511,19074,0.9829895
9028,9027,0.98426026
2854,12397,0.9938274
16276,18834,0.9855692
15903,7050,0.9766673
8093,9295,0.98684
14652,6574,0.9757303
19103,7150,0.95689005
15655,6574,0.9756551
860,1603,0.99034345
5879,15184,0.97798735
1532,1530,0.9850584
3242,3236,0.9764465
19611,20139,0.97541475
10577,8064,0.9857943
2135,17267,0.9810782
19749,15207,0.99427265
13151,1879,0.9774205
16171,14561,0.98169863
19389,6015,0.982895
6574,15941,0.9756442
7143,12299,0.99438393
16569,15198,0.9725372
15517,16523,0.96573156
14194,1970,0.9864575
8170,1873,0.98383325
16549,9486,0.9860551
11496,11303,0.9966955
13170,16506,0.99410594
19372,18384,0.9915325
2723,6721,0.9780196
18318,13710,0.99786
19847,19361,0.9915181
9962,16092,0.99046105
14995,18650,0.96125644
13747,1878,0.992652
11606,13747,0.9925989
9668,9667,0.99313426
15313,2874,0.97123057
12435,15819,0.94856995
6655,2627,0.9769111
6216,6217,0.985091
15544,18759,0.98196775
18814,15747,0.9835227
19894,2326,0.99100935
4302,1912,0.9841403
16836,6853,0.993381
14864,3620,0.9859708
6776,14780,0.9669427
3325,3326,0.9495923
12903,4146,0.97043216
7133,7135,0.9625854
3058,12854,0.97502613
19451,4429,0.9814944
17952,16901,0.95770323
5569,7767,0.9669311
10035,10038,0.9765844
16483,11442,0.9773167
17536,13040,0.9963133
10033,10032,0.9768758
7195,17998,0.98849225
15355,3260,0.98626596
12809,13219,0.9748464
16398,3960,0.9747388
16395,15862,0.95137435
6417,12283,0.9619149
2884,6833,0.9672218
2577,15140,0.95464176
6168,6265,0.9790588
12702,2661,0.9624031
19173,5405,0.97616196
7991,8555,0.9669585
20352,16620,0.96464443
13230,18815,0.9845233
8835,19112,0.97039557
6628,11133,0.9869392
19874,17824,0.98808527
2425,5015,0.98815095
20348,18690,0.981968
17144,13214,0.9813343
14235,6912,0.9903976
4872,16727,0.9892189
5463,20279,0.9670989
14237,1883,0.9801512
6034,15705,0.9900557
19446,14718,0.9901045
14139,19632,0.9863279
7954,11213,0.9806691
3640,19617,0.6607263
6614,6618,0.98945624
14352,18890,0.9774571
16645,1978,0.9921293
592,593,0.9900399
472,571,0.9903831
3683,12402,0.98686916
6634,8087,0.98222315
17852,15315,0.9879048
17353,13183,0.97698975
15790,5918,0.9797647
11150,13361,0.99455404
3208,6920,0.99131304
18579,13149,0.9890274
13138,15458,0.9719263
2652,10452,0.9799518
10816,10439,0.9808292
18720,12558,0.9765039
11092,2208,0.9976179
17813,12800,0.9933891
2112,14280,0.99625933
15278,19858,0.9815011
16678,5207,0.977784
7894,14684,0.9794247
13265,11188,0.9906882
19950,3735,0.9619392
18465,17397,0.9714398
4511,17957,0.98685175
8722,8725,0.9796006
9931,4175,0.95750487
17944,4124,0.9722259
15847,13328,0.9888565
8237,3430,0.9729944
3288,9835,0.9831951
12063,15904,0.95927364
18452,16401,0.9645577
16876,3506,0.9847194
14938,14445,0.96205467
13795,14842,0.9708373
14393,18896,0.9761179
12515,4945,0.98757476
3179,3191,0.9689848
14003,17050,0.9734538
16894,3739,0.97004056
6661,7548,0.9728477
4730,7251,0.97723514
382,383,0.9994918
16453,7020,0.980008
16970,17972,0.97924954
9552,9553,0.97950006
10063,14476,0.9834601
16912,13455,0.98719597
7856,18027,0.97713506
11918,4934,0.98759174
15910,19508,0.9822886
5840,5503,0.9811731
20161,8910,0.96395963
13947,7237,0.9816629
16670,3645,0.9751209
6536,3133,0.98362297
14099,11492,0.9526737
15990,7790,0.98033154
14951,5065,0.9863697
6307,6308,0.98982286
10973,3227,0.9582556
5121,5201,0.9779605
14984,6768,0.97725576
7073,7072,0.9851022
11922,17241,0.9897647
18019,16493,0.9833255
16074,14525,0.9680894
7500,18016,0.98078704
14961,13466,0.9935853
6664,11523,0.9719997
17810,11806,0.99353725
12782,13811,0.9771672
12109,18392,0.97065
5319,12036,0.9746037
6105,10488,0.95660925
19492,4305,0.98965317
8558,8559,0.98419434
6228,2461,0.97461843
8935,12302,0.9920425
8250,11067,0.98076
19057,14008,0.98857844
10215,9635,0.9869245
9989,9473,0.9925667
12781,10985,0.98091656
2195,15263,0.99247277
10664,10665,0.97414666
16097,17108,0.9953081
10466,10468,0.94617355
10466,9889,0.94580454
4098,7455,0.9700693
9913,13352,0.9860377
11690,10518,0.9809332
5885,12617,0.9844221
9032,9031,0.97882354
1877,15235,0.94472563
19543,19036,0.9921957
7427,7429,0.969799
19531,17988,0.97929996
6900,17886,0.9716135
19010,16969,0.981965
5818,15278,0.9497513
4683,7702,0.9678267
17014,13022,0.9791226
6762,10556,0.9729989
10784,13121,0.9900832
10708,16409,0.978075
14928,13924,0.9802704
7371,14160,0.9818465
20321,12163,0.98121613
10364,2599,0.9763217
15637,11257,0.98451173
6233,18157,0.96915734
20231,3880,0.9731714
14668,4669,0.978466
643,1793,0.89092624
8631,5130,0.985103
11033,6147,0.9890189
16336,13492,0.9939435
13017,7823,0.9749885
10492,5279,0.99378455
7831,7832,0.96724653
13124,11995,0.9932823
20040,7681,0.9867589
20051,6665,0.9675807
11689,17723,0.9904298
8739,8738,0.9826397
12320,7041,0.97246593
7041,8215,0.97241366
13028,13683,0.98415196
17055,13192,0.97274786
17514,19281,0.98299485
5314,12775,0.98489916
1947,14557,0.9830936
5691,10584,0.99211085
17671,17165,0.95650965
20017,19714,0.95085186
4363,5373,0.9704479
9130,8888,0.96536106
7992,3888,0.9870467
7889,7886,0.9874901
11163,8957,0.9739052
8665,8664,0.98301375
10807,8761,0.967776
13065,15573,0.9942046
5195,9466,0.9928886
8604,8600,0.98401904
15134,11007,0.97867614
9181,9179,0.96607757
8005,18559,0.98720956
10585,5683,0.981326
14634,5693,0.98046964
10274,10423,0.9807577
12243,2366,0.98347706
20192,14626,0.98631334
9683,9182,0.99138933
14104,9926,0.9732641
7214,5849,0.98374176
10795,6860,0.9702552
5810,5795,0.9759226
9328,9764,0.9644384
19586,18569,0.97668856
15706,11673,0.97681934
13473,11450,0.9578379
9943,10363,0.99237555
8968,5210,0.9497059
8678,8419,0.9847666
14066,7782,0.98764634
10282,9751,0.9940587
10283,10288,0.99406296
10256,10281,0.99347186
10722,5192,0.96719843
751,1074,0.97128624
10309,10369,0.975218
8363,5630,0.9746269
16616,10072,0.9768847
19666,10052,0.97798437
10754,17623,0.9784761
10049,20344,0.9774505
9778,9273,0.99338716
9273,11180,0.99343216
9160,9651,0.9863854
12628,19107,0.9714324
8589,8548,0.9864976
9492,9471,0.9897383
9373,9379,0.9824765
6302,11681,0.98934585
9374,2349,0.98232025
12778,1936,0.9826476
14724,18267,0.98518753
18691,11683,0.97095114
8154,15191,0.98539877
11856,11845,0.97733146
5202,11856,0.9782442
19948,15490,0.9630807
8387,8325,0.97264695
11506,11847,0.9551389
13543,8814,0.97806257
8874,17044,0.9841575
4581,4582,0.97867775
5746,11841,0.9898213
2032,19843,0.9847201
8230,13042,0.9824686
9378,9004,0.98273057
11802,13236,0.9929195
10180,19671,0.9887827
15230,15229,0.9938706
3437,7011,0.99362814
9927,9928,0.9931966
11617,19137,0.99454296
9400,5265,0.9949215
11304,13262,0.9822841
15905,15904,0.9632395
13493,11910,0.990584
9180,14594,0.9944564
9414,13566,0.9987826
9868,9368,0.9948797
3921,6933,0.9952539
3220,3219,0.99680364
9862,19129,0.9948849
6473,11621,0.99039596
19316,2152,0.9840905
19827,11018,0.9504682
17225,17583,0.9788947
10646,10643,0.98903066
10644,10646,0.9897237
3922,4047,0.99514836
13699,2129,0.9845132
20191,20189,0.994113
2939,14301,0.98772126
2741,12830,0.98654777
6926,15338,0.9669388
15290,18347,0.9688937
12453,6577,0.96045387
4008,17384,0.96485484
15426,18468,0.96398664
7158,19401,0.98446375
6095,6094,0.9724894
6716,7459,0.9899621
15483,12083,0.98772115
11402,11311,0.96279174
11045,11901,0.99263155
6747,20325,0.98054916
20040,6174,0.98563504
10330,6175,0.98773986
15616,10659,0.981233
12839,6180,0.98752975
14817,19898,0.9868601
4601,13429,0.9850043
1527,1526,0.9866052
13769,3074,0.9759311
6816,15801,0.97822237
14835,13775,0.98134047
17906,7061,0.95838636
13335,11966,0.9693601
3529,3530,0.96981984
3131,3182,0.96869
11065,9801,0.9776638
19426,18449,0.9564669
13402,14875,0.9588683
7340,7330,0.9485964
7300,3929,0.9445524
3849,3848,0.9682732
19993,3810,0.9758548
17549,12589,0.98893994
6702,6652,0.9800607
8568,3451,0.9602628
10812,19545,0.97717106
17786,2164,0.9838124
18360,6755,0.9879337
5778,17276,0.9887344
10618,5780,0.98950547
2155,8539,0.80639625
5524,16782,0.9895047
3978,13395,0.9843135
15607,5618,0.986484
5826,15279,0.9848883
2625,10631,0.9807819
18877,15714,0.9914386
2706,19357,0.9920334
16089,10735,0.97040975
12883,3186,0.97182804
10375,11065,0.977773
12943,7101,0.9860632
15911,17973,0.9827597
4503,19701,0.9817313
4346,11286,0.9865334
11695,18170,0.98179895
5021,12524,0.9851478
5724,5761,0.9728521
2183,13741,0.9881733
14803,1909,0.98855174
8459,6958,0.9929576
15254,2172,0.9855721
11093,5695,0.98894405
2528,2526,0.96638185
19899,15868,0.9673789
17356,2343,0.9846112
8428,11312,0.97739476
8328,19585,0.98535776
15693,15519,0.9683451
15215,16028,0.9819656
13388,13662,0.9712089
3482,10304,0.97739124
2698,18864,0.96240866
17320,3353,0.9882697
15305,17898,0.97568184
3552,10715,0.9802238
14461,4678,0.98645335
13992,14776,0.97231096
19786,14208,0.97816944
10710,13825,0.9830851
7085,16441,0.98664725
13919,4372,0.9673342
19991,4529,0.97457933
9164,11621,0.98993635
18299,5466,0.99122345
14291,18632,0.991426
14091,19124,0.97324556
9228,10897,0.9746946
9227,10897,0.97535306
16320,14804,0.90784997
16346,15322,0.9804012
19452,4525,0.9800283
17433,12949,0.9559043
10997,15439,0.9587477
4774,19000,0.97675383
18485,14929,0.9608566
6877,3115,0.9861724
3261,3262,0.9865943
4321,4034,0.9407967
4202,4205,0.9658518
16419,6941,0.97602624
3514,8644,0.97784275
7259,13806,0.9809239
15867,3865,0.9667273
15340,15826,0.97731197
3886,17319,0.97128814
16349,3128,0.97806543
3071,17874,0.97683537
9063,7701,0.9937913
19116,6859,0.97683376
13210,16116,0.9775013
3952,18174,0.97783333
20147,11565,0.9718451
2272,20084,0.9728344
2387,2596,0.98855096
7663,7041,0.9713099
15623,15125,0.9773976
7840,18776,0.9723194
12154,7761,0.9669002
19791,17724,0.9617708
2239,2591,0.98368245
12361,15975,0.9789097
8556,13770,0.98886234
7417,7416,0.97300184
5111,8360,0.9641544
14628,18670,0.96122116
11056,11057,0.9799954
16757,15554,0.9865652
12669,13571,0.95421433
8609,11090,0.9800535
18590,2827,0.9759957
6046,13200,0.9831428
11655,1973,0.9826036
15218,16230,0.9870142
16126,13580,0.98809636
8316,1881,0.97289795
12214,12624,0.98534554
7908,15003,0.9760188
11805,6258,0.98453
2485,17281,0.9880795
20150,13061,0.98042816
8869,8832,0.9810363
6099,6101,0.98507917
9243,9242,0.99499464
1396,1399,0.990062
15027,16645,0.9880531
9598,8155,0.98464245
18805,2916,0.97574925
8990,19339,0.98376334
14244,16814,0.9846941
1794,643,0.4813192
8746,5131,0.98546255
10759,9650,0.96608746
19899,6847,0.96740806
13504,13028,0.98367023
8163,12602,0.97853935
394,393,0.9899877
18759,11478,0.9779344
14748,11058,0.90698606
17830,2623,0.97955346
18227,13644,0.98462373
11246,17883,0.97997093
19233,17530,0.9879881
11147,12778,0.9829996
18335,12714,0.9858537
12502,11582,0.9742768
5374,15008,0.98440695
8229,5039,0.98407865
16719,19164,0.9842443
10598,6446,0.98441875
6047,11430,0.96831256
14545,16764,0.9910459
8064,5384,0.98569065
15245,6270,0.9815243
19856,16778,0.98409307
852,851,0.9911602
11366,11374,0.9825911
6428,5735,0.9419065
19806,7932,0.9868868
10040,18679,0.95933145
13530,8432,0.9642833
11343,11993,0.9608944
2811,2567,0.98587126
5560,6246,0.9892897
13155,19278,0.98142195
5131,5129,0.98558587
13965,10445,0.980809
18013,6449,0.966275
11296,10729,0.9936033
8637,8368,0.98473614
2187,5601,0.9808832
12600,16062,0.9858279
6480,17575,0.9686146
17927,7263,0.9652905
4772,13454,0.98605275
5043,7777,0.9888391
13149,15539,0.98889995
17278,16795,0.9872936
12573,3062,0.95481974
18105,14607,0.9424699
10360,5641,0.9741097
5528,5527,0.98060167
8160,5390,0.9738749
14541,17226,0.99055475
12339,12172,0.9922017
9989,9474,0.9935514
9668,5230,0.993983
10906,10305,0.8201687
2114,4289,0.96967846
19922,6924,0.979802
7265,4327,0.9826215
12788,12354,0.9970182
3023,17861,0.9914886
17022,18069,0.9895913
2176,2177,0.99278885
2869,18378,0.9844551
11170,2530,0.9697086
20310,16453,0.9818449
2353,2359,0.9852131
3273,17880,0.9805546
18422,3376,0.9848829
14191,17535,0.97516114
17959,19996,0.96357983
7605,7195,0.9883108
17889,3312,0.95358664
3526,3474,0.9834593
11582,4746,0.9735603
7484,4517,0.962041
3098,18951,0.97208846
11251,13347,0.9719053
13793,3988,0.94869757
6710,2638,0.98085487
8313,8270,0.9647575
4385,4449,0.9670855
6703,13866,0.97471684
4374,15438,0.97264355
11425,2579,0.960855
6570,17635,0.9603049
14686,13630,0.9802813
17154,12216,0.9859307
6211,7189,0.9900468
13427,4584,0.9905054
14162,16472,0.98208046
11374,18781,0.98105294
11453,15528,0.99469864
8157,14724,0.9853941
344,343,0.99972564
15566,14016,0.9828886
7224,3757,0.97258425
9810,10390,0.971981
4148,8036,0.98169494
5685,15612,0.9820347
7633,15736,0.9840333
16195,1902,0.9922869
5352,12971,0.95917314
13411,12015,0.96408993
2057,14528,0.98096645
9339,7440,0.9863325
19045,15994,0.966062
11686,6086,0.9743741
17118,14121,0.98022056
6600,5490,0.9796178
16479,15914,0.9835805
7183,7182,0.9862693
10988,8495,0.9756469
18074,8051,0.9849364
10608,10598,0.9839489
5411,14740,0.96748346
14368,7035,0.9894952
5112,5493,0.9913783
9008,9007,0.98356146
7006,7146,0.98217946
20004,7003,0.9806974
16056,7704,0.96538305
14619,11652,0.9855745
5345,7407,0.99482936
6000,6405,0.94034964
6593,7976,0.98046035
5854,6232,0.991861
12848,13768,0.9896913
5164,5165,0.95951986
17575,6052,0.9716349
3522,12879,0.98258096
7575,16949,0.97936475
20082,15000,0.9579418
13011,19075,0.962375
8409,9031,0.9780067
14518,9020,0.9779915
7041,2272,0.9724459
16187,9641,0.9760753
7576,7573,0.9799778
19469,7043,0.983157
16750,18066,0.98093444
1537,501,0.9884482
2001,15006,0.9804842
5788,3561,0.98165214
2829,18756,0.9776238
11849,11992,0.9847393
4203,20121,0.9847921
18164,6105,0.9536154
11992,9955,0.92815375
11522,5301,0.9746065
14691,2453,0.9919069
7141,7136,0.9856734
14986,15019,0.9781733
7683,15509,0.9781753
5933,5932,0.9676949
8681,8440,0.99289
8786,8773,0.9776595
10805,8749,0.96718675
15072,16086,0.9671176
9448,5190,0.9810089
9444,9443,0.9944454
6339,15127,0.9926433
10305,9767,0.96723515
11494,9312,0.99628276
8850,19621,0.97997427
14087,14523,0.991601
4937,13981,0.987948
13280,11210,0.99369544
7869,2820,0.9866583
10018,12244,0.98311204
11450,11448,0.95635855
10155,10620,0.97247416
11195,5728,0.97369814
12620,19614,0.9902896
15610,5618,0.98562104
5644,10531,0.9838018
6610,6609,0.94975
4265,4264,0.9930147
17617,13107,0.9769015
9626,9140,0.99030066
8394,8650,0.9622221
11504,5656,0.9884293
10643,10176,0.9882427
10470,9902,0.94692117
10656,10655,0.99064076
2360,17812,0.9851741
15822,15327,0.9826665
18053,18809,0.98608273
1097,1096,0.98880845
19796,9987,0.9952369
9978,9977,0.99398744
13066,11569,0.9680227
10839,10979,0.9814594
8065,8066,0.9854897
5096,5095,0.9708363
14495,16979,0.9693012
6349,6354,0.98184353
16373,3299,0.99430686
3207,3206,0.99424285
3797,15389,0.9346563
1927,11845,0.9685837
19856,13269,0.9845638
6402,6407,0.987645
14384,17326,0.9875634
13791,12436,0.9497156
19567,19085,0.96294016
19085,15769,0.96395785
7925,11366,0.9830426
11704,7924,0.9796484
2216,15755,0.9977138
17507,14575,0.9807858
19637,5079,0.98152626
8477,6251,0.9723841
2677,4561,0.9870696
18352,2511,0.98890615
12039,18159,0.97233236
13330,16845,0.9871586
17440,5016,0.977945
3255,11671,0.9765968
14664,12029,0.98128843
11207,5654,0.45148075
14030,5334,0.983157
2334,2333,0.9892975
16120,17121,0.99533695
2574,5325,0.97709185
17254,17264,0.9882373
10464,9686,0.9801531
7126,12554,0.9676262
12555,16999,0.96733296
14537,12569,0.9812811
8441,10438,0.97968525
19137,14100,0.9944121
5110,8359,0.9659661
9582,9065,0.9921902
6098,5513,0.9727666
11901,11903,0.986649
19526,6094,0.97239923
7409,15495,0.977776
1599,1600,0.99078864
16205,17718,0.9897857
1577,1579,0.9946555
7886,7887,0.98728764
14156,19696,0.98478127
18590,13526,0.9846928
10310,10308,0.99260736
1375,1304,0.8157294
10884,10892,0.97800046
11178,11174,0.9753788
8267,9758,0.97959423
5573,11069,0.9844765
10147,9663,0.9824738
19096,19089,0.9731914
12591,2093,0.96762407
15024,20103,0.9889003
8938,19786,0.97861665
19691,13167,0.9845968
1915,12695,0.984641
17310,18265,0.9920901
14022,3571,0.9886746
12605,14557,0.98327786
6302,6284,0.9896702
7221,18435,0.97207266
4428,4429,0.9814275
3405,15502,0.9637375
4194,17392,0.9792748
13691,5875,0.93117476
7932,9294,0.9870674
11807,11047,0.9870113
16824,14240,0.9949195
19999,17962,0.9843337
11903,13157,0.8623969
13871,18492,0.96451545
5029,5031,0.9865455
13520,16709,0.9654888
2839,3103,0.97672856
11550,11343,0.96551603
7892,15115,0.98475915
6486,2307,0.96804696
4881,8952,0.95691985
14236,12351,0.961614
10326,5033,0.9875094
15635,12746,0.9888532
20238,7274,0.978251
20207,10868,0.98060864
5791,5789,0.9821942
10988,1866,0.9752338
12181,13814,0.9948822
1033,1034,0.9897529
15225,7941,0.99299353
1087,1088,0.99115705
12565,17220,0.9785985
8482,5932,0.9673515
5851,14742,0.98094374
11833,11137,0.9849007
6993,6704,0.9671328
2962,18369,0.9820764
16214,11045,0.9846548
282,280,0.9877231
9294,19730,0.98673916
2206,8607,0.99727684
20087,8052,0.9724603
14024,11309,0.962397
16429,13424,0.9371288
13577,10106,0.9815801
20155,20162,0.9671332
15382,13350,0.9712747
20308,18505,0.98415935
6128,15948,0.9847894
6634,15282,0.9818565
18758,6366,0.9890015
8045,16537,0.9888996
17020,12149,0.95871425
11709,11279,0.9732294
15668,15153,0.96743685
7720,11042,0.9736944
10509,6422,0.9817147
11751,8014,0.9910664
16737,15957,0.9838621
16017,15769,0.9648358
9197,15061,0.9899767
5333,14531,0.978559
388,387,0.5074814
18980,7487,0.9713652
3302,16371,0.97012746
1940,1862,0.9748173
20199,17119,0.98498374
17809,2302,0.98421
19024,16930,0.98032653
5074,5302,0.97969866
16564,12735,0.98485017
14674,19201,0.97807527
20160,19640,0.9859946
7119,5068,0.9729611
15397,20304,0.71549034
20218,18709,0.9648809
7706,8300,0.9747936
8615,7706,0.9743741
7818,13989,0.9753651
14080,8892,0.96265936
8645,8637,0.9843546
15961,17466,0.97011775
2402,11505,0.95290256
9054,8495,0.9755175
17037,1994,0.9845782
11920,14394,0.9885797
3813,20208,0.9587342
17764,15682,0.976262
7433,7654,0.9737809
18593,4884,0.98769426
13177,15553,0.7809354
1919,19788,0.9751642
11831,11134,0.9675974
13043,17033,0.98805153
6462,7023,0.9839446
8206,12801,0.9744408
13812,6812,0.99250925
18620,8914,0.9651399
20136,12384,0.97905934
8892,8891,0.9622098
8700,8702,0.96655273
8663,8425,0.97338575
11570,6230,0.96199995
9981,3607,0.8310258
5713,9738,0.9836375
18671,15088,0.9791407
5727,5723,0.9722711
13501,7910,0.9901072
2955,10720,0.9657237
10423,10421,0.95695806
16090,9649,0.96871096
15090,5689,0.9805618
9691,10191,0.9289359
8074,19586,0.97543305
13026,17508,0.97022545
10128,5715,0.97268265
11187,10557,0.98116666
13606,12666,0.96786857
8667,8414,0.985202
5639,10282,0.99399793
10252,10250,0.9915815
4087,4089,0.9931826
10458,10460,0.98850155
3644,18296,0.96769506
10369,9805,0.97522813
14642,17623,0.97838086
14118,14120,0.9805157
9987,17741,0.9954189
9428,11097,0.9915671
9423,9424,0.9926709
9935,9423,0.9927509
9934,9475,0.9917367
9477,9494,0.9910665
9985,9494,0.99109155
9518,9520,0.9883336
9094,9093,0.99470454
15570,15584,0.9943507
16049,20148,0.97210926
11651,9660,0.9899428
10137,16091,0.98435056
9577,10103,0.98658735
8709,8708,0.9886048
5532,11835,0.9685522
9579,9580,0.9866339
4918,7688,0.96607745
8808,9024,0.9801763
8639,8640,0.97040975
8861,11154,0.9776987
1927,11846,0.63916904
10621,5706,0.9834493
12505,5809,0.98464334
11638,9412,0.9723661
8663,11149,0.9716286
9412,9928,0.989437
19301,19011,0.9857755
10655,10657,0.9906764
2227,17561,0.9882619
17505,10970,0.9501553
6909,12006,0.995191
5351,5350,0.99470705
9991,19796,0.9951441
9876,10911,0.9943979
9336,9664,0.99490595
14101,14611,0.994975
13343,19951,0.99490464
15588,12226,0.99036753
10651,10203,0.98143744
17030,4268,0.9856436
1959,17701,0.98330736
266,488,0.9520968
6679,13593,0.98079324
17701,3895,0.984706
11833,16214,0.9793528
17227,2170,0.9928542
2403,5301,0.7485485
18809,16299,0.9877461
12785,6826,0.9865558
2231,5542,0.98558676
19882,11006,0.9928235
18875,17305,0.9837172
19795,10161,0.9155866
4948,17996,0.98753405
7014,2574,0.5732082
15747,13231,0.983487
2752,2821,0.98787373
20272,17846,0.9865154
20272,9770,0.9866312
5325,1959,0.9805455
16460,10039,0.9862033
6076,12600,0.9912478
10906,9765,0.8801205
3961,19685,0.99083334
18919,16344,0.9434924
10015,14456,0.98875344
14801,11789,0.96278423
14423,14425,0.949029
9965,17404,0.972818
18808,2033,0.9773491
11851,5532,0.96608114
17991,16433,0.99088216
4573,11522,0.94605124
19312,2937,0.99322903
9098,14108,0.97991574
16197,14001,0.98561364
3844,17370,0.96155304
11835,11845,0.9680743
16488,15129,0.9752704
7579,15115,0.98478556
8587,8313,0.9650065
3485,11169,0.9771243
5792,5791,0.98218805
4023,18952,0.9810416
7647,7648,0.9921119
11409,19976,0.95593935
6761,18532,0.97457165
6277,7464,0.99002343
6305,15163,0.9844972
19634,13020,0.9741631
7332,14135,0.9766908
7447,5821,0.99336904
4291,16449,0.9752864
13724,6669,0.9884748
16330,16331,0.9820425
7022,7021,0.9785871
18544,18550,0.976857
10618,14771,0.98929834
19413,14916,0.9533926
10703,11550,0.8886885
19338,13719,0.98968446
8649,6642,0.985349
18357,5899,0.990706
11624,12658,0.7297283
15265,5649,0.9598981
11025,11027,0.981756
10058,18128,0.9797854
15985,14614,0.96119684
17419,7287,0.9773924
17996,5179,0.9873236
12970,19507,0.9813147
6581,5724,0.97539353
19275,16222,0.9958318
6369,13977,0.9729518
6798,4522,0.9935135
12402,11008,0.9869861
3528,14307,0.9867669
13771,14310,0.9844913
19477,7084,0.9868434
4587,17960,0.96365565
5951,16283,0.99008393
11253,17334,0.977389
3584,9344,0.9765827
3899,3717,0.9613258
15849,7024,0.9612488
13277,18305,0.9570946
3809,3843,0.9632836
5155,5141,0.9741819
4036,2600,0.9513125
10279,9332,0.98788923
17660,10706,0.99106896
2387,17659,0.9886545
11678,3918,0.9892992
757,756,0.99122417
5409,3170,0.9805376
7830,15516,0.9675267
8571,19335,0.97832483
16526,12572,0.9604274
2603,10465,0.98260075
2319,2481,0.9880519
15280,6605,0.99009436
8038,8037,0.9819052
6716,6475,0.98947084
6300,1959,0.9807508
19600,11570,0.96095943
1088,1085,0.98827446
7846,7735,0.98318785
11321,11551,0.9566155
2241,14652,0.9765114
20359,7334,0.97489274
8832,8831,0.9812843
6094,12711,0.9725425
5109,5110,0.96922565
5399,15992,0.9842957
11057,8830,0.980605
16519,7339,0.9732289
18067,11096,0.98542273
9441,12263,0.944079
17245,15733,0.988653
13201,17193,0.9852879
8026,17046,0.97855765
16739,16213,0.9803531
19585,16009,0.9859531
10937,11841,0.4648667
19144,10002,0.99540085
16260,5481,0.9846273
5140,8820,0.9915422
16585,16050,0.98826456
6515,1969,0.9836601
2541,2540,0.98463815
17033,20119,0.9879386
8621,13730,0.9834276
807,285,0.9870149
15272,17804,0.9925459
17265,13281,0.9976793
9260,16599,0.97662795
35,37,0.99688596
19756,17556,0.97836226
17822,6754,0.98743325
10840,5904,0.96605897
19855,2265,0.98701596
1046,1048,0.9844503
15534,5925,0.98028827
6483,6482,0.98592955
17940,16443,0.96195924
19074,16550,0.98316354
2328,5980,0.9803293
15499,20240,0.96877813
7845,6021,0.9795274
5529,6213,0.99107474
10067,7647,0.9921376
16723,17715,0.9831381
15739,11733,0.97972417
4785,19165,0.9855651
15213,15021,0.98037076
10607,7807,0.9885075
10839,13133,0.98167235
15272,2658,0.99011594
11675,16155,0.98210657
16719,13804,0.9854754
15738,3571,0.98790693
2445,12352,0.98394245
12397,2858,0.99383575
5239,9741,0.8765978
12129,11176,0.9375968
2853,18869,0.9900594
11971,17354,0.9842063
11551,11506,0.9556296
20285,18914,0.9748376
3611,19278,0.9812367
6240,11287,0.9720863
19279,14028,0.97540057
18018,15697,0.9660127
12587,19279,0.9747931
19748,14185,0.9738548
6725,2844,0.99010533
8147,13505,0.74095756
16233,11773,0.98702
18794,2182,0.98870486
5875,16745,0.97577626
15604,17605,0.996856
18651,12132,0.976997
12132,9350,0.9769966
14481,10083,0.96835357
6449,6450,0.96725166
1376,1342,0.9818948
7406,5956,0.98919326
6400,2230,0.9849888
11867,11077,0.9848991
12595,4860,0.98186606
12175,14061,0.9858348
279,280,0.982511
1344,1376,0.99120235
15319,11802,0.99297595
16677,15491,0.9843382
11606,2926,0.9924825
3319,14676,0.97719985
6901,12434,0.94956464
6839,2974,0.9764989
6178,6217,0.98955685
398,397,0.99054843
8040,5956,0.9892418
12017,11352,0.9814921
20033,5569,0.9691799
13786,5854,0.99287874
14311,17882,0.97936046
394,1333,0.9899844
9836,9839,0.9943663
16851,17312,0.9882591
3490,3489,0.95593816
15301,13278,0.97413784
3290,19396,0.9673602
17925,3863,0.96065617
13317,19922,0.9829847
16155,15745,0.9829441
15463,20164,0.9687631
3576,3577,0.97647524
13541,1954,0.99055123
5781,13122,0.97468704
5332,13856,0.95954007
16164,15661,0.95754224
7841,7837,0.96176606
16745,16218,0.9893149
17436,14897,0.96237344
8613,16590,0.97916
1330,1331,0.9915298
5533,5530,0.9916899
16452,13176,0.99164724
4356,6901,0.9565726
15148,10829,0.97700703
7901,5038,0.9723923
4596,10993,0.99449253
4479,7281,0.98615104
12025,5746,0.8851381
6718,15244,0.97000456
9297,8962,0.975834
3199,5312,0.9913385
8111,5837,0.9616025
1184,1186,0.99155456
8634,13236,0.99331844
2173,19836,0.9885662
16703,7920,0.99076086
15790,14791,0.97986794
13831,13830,0.9942133
18414,5887,0.98924375
19653,9327,0.9953608
1028,1030,0.9847652
15312,1962,0.9910942
17757,17223,0.9845977
6949,13047,0.9869401
888,1699,0.9575108
18962,15892,0.9629184
11866,11865,0.9837748
15927,15465,0.98084086
5520,16960,0.99241406
7111,7110,0.98210424
3744,3745,0.97170377
12523,19544,0.974589
13474,12092,0.9934064
4083,7250,0.9718675
7019,11432,0.9812267
10289,16073,0.96150255
18184,19197,0.99158746
11686,14673,0.9748617
9548,9556,0.9803796
5388,4389,0.98930955
5302,15457,0.9744153
17486,7738,0.9773143
8544,8534,0.9868444
10296,19172,0.9804653
4589,7862,0.97318166
4259,13767,0.98838717
17739,5539,0.976484
1362,1361,0.99129266
19172,15114,0.9805716
16633,19174,0.9813115
15094,15096,0.9802557
6734,6194,0.9896479
13985,13922,0.990334
15282,13257,0.9832792
11212,5303,0.97221
13628,10827,0.97494644
10481,18408,0.9925101
2000,16564,0.97188985
882,881,0.95021194
12916,4256,0.9943737
7988,6209,0.9437972
18604,18572,0.97330666
11485,18735,0.9866962
7709,1986,0.9726059
16562,19678,0.97578627
9357,7109,0.98466474
9270,16060,0.9738425
14560,11418,0.71094275
9375,11058,0.9529869
2134,5184,0.9838203
8981,7725,0.9673427
12169,20043,0.97267604
19660,7616,0.95430344
18799,11672,0.98481387
11748,10710,0.95207465
14604,16737,0.9849053
2720,17677,0.9887046
2643,2720,0.98609316
17469,17470,0.99267584
13987,19410,0.99332994
9196,9195,0.9898517
8618,8350,0.9873444
10583,12242,0.98607683
2124,2920,0.9802771
18123,13089,0.98707366
8766,14588,0.98369527
8358,5173,0.9801257
3219,3030,0.9967891
13814,6771,0.99512625
9169,18106,0.9933206
10466,10469,0.945896
17243,10985,0.99412173
10637,10634,0.90470964
6803,15442,0.9705565
19431,4030,0.97156525
18515,18525,0.99560237
11303,9780,0.99626714
19124,14603,0.9727188
11339,18398,0.93945134
17451,18510,0.97981113
3183,14389,0.972048
18980,6991,0.97043073
3144,3707,0.9709171
12607,8284,0.9862963
14946,4611,0.9892107
19394,3257,0.9727569
3156,16850,0.9834326
20175,10737,0.96628
16455,4975,0.980355
1890,12086,0.9725304
5089,11609,0.9722234
7364,7335,0.97508234
12170,19063,0.97935665
2356,10496,0.9796122
7670,7762,0.9775121
7684,2892,0.9788455
12512,4897,0.98206747
17166,11473,0.975973
17988,4752,0.97895193
7863,20065,0.979683
18710,11676,0.9815104
13857,18215,0.9759913
14134,11995,0.9928094
20270,19356,0.972023
19734,12196,0.9863782
5943,13161,0.97314495
16018,12610,0.9745908
11741,7663,0.9726882
11743,17575,0.9722248
12685,14740,0.9579595
4268,18247,0.94544804
5690,5318,0.99194276
8349,17475,0.94284534
18393,20087,0.973256
15226,12336,0.974355
19714,13438,0.95252264
14713,12115,0.98912114
16473,5020,0.9864421
17647,11539,0.95162654
6340,13019,0.9924545
10670,15786,0.9819229
15195,11666,0.9816124
11666,9433,0.9817317
8927,10865,0.9667576
9318,9317,0.98325634
5183,9316,0.9917691
11162,9279,0.9869784
9297,8960,0.9748291
13360,8438,0.99261993
8655,8386,0.99350476
7734,10486,0.95556694
12602,19261,0.9783497
8734,8736,0.97509027
9466,9464,0.99322635
11757,17683,0.98112583
7719,7151,0.9819832
6310,7713,0.98079705
17858,3700,0.97239333
9944,18466,0.97368115
18677,20101,0.99066985
19574,11679,0.9930622
16586,18090,0.97701716
15908,15957,0.48437136
6507,2509,0.97021264
8612,14617,0.98986244
17919,3913,0.9943902
19649,9206,0.9900822
5681,5683,0.9814184
1013,1014,0.99114424
20182,5693,0.9808007
18496,12510,0.9797804
4925,14147,0.9517879
2876,10099,0.9765595
10720,16073,0.9644018
10236,5581,0.99329644
9842,9843,0.9929913
14114,13572,0.986811
10765,14627,0.98263276
16164,15141,0.95807064
2439,19553,0.9904075
10215,5619,0.9889959
5063,5061,0.9888881
4269,14325,0.98879707
10187,16100,0.97195125
18119,14620,0.985363
8008,7853,0.9772537
11951,12456,0.9520628
3102,14823,0.9818941
12870,7048,0.9507777
10316,5630,0.9731065
18657,9571,0.978753
9983,9496,0.99016774
9841,9274,0.9940037
9528,9527,0.9933733
2468,2457,0.9610547
5406,14652,0.9758021
9776,17613,0.9864298
19107,20146,0.9689622
15085,9699,0.9887917
10135,16091,0.9838937
17247,6028,0.9798472
16572,8520,0.9831839
14624,13089,0.98694986
17122,16091,0.9840073
8401,16578,0.9772857
17448,16974,0.9721167
4580,7644,0.97881556
9398,9397,0.9924374
8707,8706,0.9881102
7004,7220,0.98511815
7155,3660,0.9858586
10741,18653,0.9954249
15127,15722,0.99087954
9995,10549,0.9816875
12825,5910,0.971375
8716,8715,0.9900103
9043,9044,0.9705062
8374,8375,0.98293394
7594,19109,0.9863377
19109,7595,0.9853188
8794,8795,0.9790111
10599,10600,0.9840687
12845,3158,0.9884448
16428,4488,0.97186273
15295,12390,0.9885435
8263,1926,0.9895042
5385,18880,0.9531089
13536,7981,0.98435056
9011,9013,0.9794698
250,253,0.99153167
17181,15721,0.9946997
10218,5751,0.9909402
18672,12672,0.98906684
19111,18878,0.9932754
10470,9901,0.9469105
18418,17695,0.98581135
14839,13796,0.98039067
19153,10659,0.9831073
8238,11956,0.9724357
11866,8605,0.9828303
10226,10229,0.98132366
10328,15950,0.99035454
8606,6318,0.98389906
6909,17947,0.99520504
3079,18747,0.9664246
4162,3920,0.9949549
8296,15851,0.97621596
17339,17857,0.975221
4070,14888,0.969088
9016,9024,0.98174334
5345,7917,0.9947693
20170,17902,0.9948284
10637,10171,0.97720814
11621,15585,0.97319317
18853,19870,0.9881143
18427,3712,0.9752641
16258,5894,0.9853161
15311,18372,0.98297507
14316,15821,0.9826422
2518,19871,0.9880611
2750,2279,0.9867171
13437,4812,0.9730189
11423,6035,0.9925678
10368,10366,0.9849807
12139,10371,0.9847957
10163,16103,0.9789437
12448,17901,0.98500407
3738,19383,0.9474858
6059,7693,0.967167
12839,15349,0.9883151
11876,19904,0.98892736
11384,15327,0.98200077
16432,19761,0.97861964
4286,4287,0.9838133
7454,14695,0.97262394
3428,12448,0.98435915
17900,19411,0.95347303
17291,17287,0.98606384
12510,5050,0.9793323
3795,13350,0.97127324
5896,2733,0.98667777
15780,2365,0.98822206
14779,5850,0.9876538
7836,7554,0.990373
16295,17281,0.98800546
11004,2031,0.9847149
17907,12768,0.97944176
14076,18521,0.98784745
13874,3420,0.9707846
10634,10164,0.98598456
5652,5653,0.9877372
16852,6910,0.97336346
3981,3980,0.98423207
7571,4861,0.9798163
5370,17421,0.9827188
15933,10141,0.9810801
12966,19517,0.9797661
13436,4750,0.9831139
8931,16068,0.9805399
13332,15143,0.96555984
11749,15699,0.98769754
7567,7566,0.97576255
7064,15440,0.97679794
7492,7491,0.9690587
10217,5750,0.9902327
4971,7360,0.9887518
13715,18832,0.9884964
14852,13874,0.9703132
12013,6955,0.96858615
12873,12872,0.9626228
6982,15844,0.9890631
8715,8714,0.98921824
12904,9938,0.96868235
15480,17452,0.9800397
8216,7581,0.9925252
8024,7979,0.7974585
3434,18852,0.97331864
20006,4675,0.9813176
4057,6944,0.98986185
16443,10003,0.9613657
11394,6992,0.97405857
4380,4381,0.9641899
4176,19976,0.9539474
4848,12028,0.9580616
14851,7313,0.9626319
20079,9457,0.9866579
5754,2398,0.98931783
17402,14441,0.9520681
6225,5536,0.9879391
15825,3450,0.97904027
6376,6395,0.96908087
4150,17950,0.97104776
17367,19416,0.9470428
18452,14886,0.96326417
7200,16898,0.9674874
12558,11071,0.9766077
15098,2003,0.98130804
14637,19198,0.98087996
2384,12142,0.9789819
14137,12708,0.9746806
11613,2051,0.99556965
2959,2958,0.9911999
11786,6152,0.9845563
19564,14239,0.98184454
14728,1941,0.9656137
15334,6657,0.9887856
6207,8134,0.97912896
12761,11148,0.9839679
6450,16994,0.9668966
18287,13900,0.9730522
10291,10292,0.9734298
18693,12032,0.9920968
17886,13318,0.9726371
19278,19592,0.98118913
15107,15109,0.9922463
19168,11670,0.9720653
3881,3167,0.972995
16336,10271,0.99392843
11385,5092,0.9806491
12576,20320,0.96729314
13522,2252,0.96629155
2709,17765,0.9604099
14256,5559,0.9753127
3201,2386,0.9849651
14862,11897,0.986343
7279,3945,0.9757319
19020,5367,0.9768341
14004,12029,0.9812618
2427,3134,0.98057497
16510,19044,0.97712153
2335,2334,0.9892965
17290,17837,0.9878247
6477,12814,0.9948926
6686,17814,0.9854791
17275,11811,0.98530626
3386,3387,0.9939446
18383,2930,0.97435826
15782,12818,0.98356676
20212,18704,0.977701
3178,8025,0.9798448
5219,2263,0.97864735
12268,18188,0.9737213
10513,14652,0.9779221
12968,12721,0.97545785
16734,10457,0.9653296
15077,9534,0.9792621
18658,19656,0.9622763
5196,17168,0.99212533
16058,8928,0.9681646
16058,18623,0.96845186
10357,5325,0.9829003
14941,16950,0.97916836
228,1020,0.99012274
17722,18760,0.9871565
6751,12414,0.95949626
12845,12429,0.98837996
8820,8829,0.99140996
10152,5737,0.9760188
15180,20099,0.9891846
16732,14220,0.9906254
8151,16559,0.9905641
10690,8166,0.98923314
19248,13654,0.9500398
18522,18015,0.9728195
14175,10798,0.93351614
14697,19773,0.9863945
4884,19090,0.98755485
2636,2158,0.99084103
4443,4849,0.9605495
16466,10513,0.97685724
5007,15925,0.9870841
16198,12261,0.9727762
5868,19585,0.9854812
18354,16809,0.9882216
6476,7214,0.98367107
1875,12734,0.9869048
14520,12580,0.9660274
8936,8935,0.99297756
5093,14490,0.9685098
11527,11887,0.97804695
10892,10890,0.9783608
10745,9209,0.9740676
9763,11770,0.9819879
2520,19938,0.9867049
10491,4874,0.9228937
7707,18761,0.98018056
17062,8169,0.9874893
6592,19807,0.99701726
3202,18407,0.9626424
18916,19407,0.965402
12413,16334,0.99533147
11449,17210,0.9883831
18320,2650,0.9889599
11740,9859,0.9874515
15422,16422,0.9547193
16020,18977,0.96880096
18977,7272,0.96846515
7272,14438,0.97276187
15209,14571,0.9867599
12327,16638,0.94585603
15008,18583,0.9847303
14375,11733,0.9738554
7150,8196,0.95838624
18070,5413,0.98542744
13995,12166,0.8821408
11753,5614,0.9785674
9975,19080,0.99333197
6165,13200,0.961258
19467,12927,0.97296983
12850,6861,0.9862872
18924,5472,0.9740612
18291,19087,0.99688256
11830,6035,0.9861145
1090,1088,0.8050827
17175,11744,0.97142315
19417,7233,0.98335224
16853,19220,0.9911307
12473,20002,0.9483632
17589,13075,0.97751904
18290,2616,0.9727141
9661,10930,0.98545897
16008,2617,0.9713101
15197,16008,0.9717605
2903,2811,0.99188775
6885,2839,0.9827031
8061,4900,0.9831229
8028,19191,0.9783604
18095,13057,0.98503256
18893,19392,0.96234626
18474,7405,0.9740103
9610,19659,0.9859762
18961,13421,0.96902275
6423,15272,0.9906074
15434,13432,0.97421426
15401,7370,0.9579276
17876,17330,0.9703498
6313,17424,0.98419976
10090,12961,0.98753184
515,1710,0.9908562
19495,12065,0.9735502
17335,15358,0.947066
17981,15943,0.9892685
14361,13367,0.9901634
12044,14453,0.95464677
13554,9263,0.99474996
9669,9681,0.9865068
10734,16602,0.9956312
7031,4280,0.98794067
4430,6770,0.99498487
19878,11808,0.985974
11976,12460,0.98040354
16101,10186,0.9495033
3732,15328,0.9833723
6016,19389,0.98289996
2077,20268,0.98405266
17215,18294,0.9710409
14715,12593,0.9930328
8170,6829,0.98427147
9645,9153,0.9936826
14781,6673,0.98857725
756,1096,0.99124813
9898,14737,0.9839692
12796,16259,0.98342854
17245,15201,0.98877126
13326,16524,0.9070297
10729,11643,0.9936753
19879,14285,0.99747086
6355,5615,0.98841095
17371,3892,0.9718622
16403,15380,0.96149874
3805,3804,0.9605486
18206,15871,0.99132407
18944,15871,0.97019917
7851,13007,0.95263886
8918,4378,0.98051
18862,6844,0.9884024
5594,11481,0.96724397
6742,8997,0.98340976
13332,7071,0.9678509
6085,17443,0.9801759
5001,11451,0.99105775
5240,5246,0.9645983
13232,12832,0.9876457
15810,19382,0.99048257
13757,14790,0.9758245
13826,4279,0.99105316
12588,19771,0.99347043
10954,12588,0.9939598
16715,16204,0.98947525
7071,12277,0.9594813
16443,4763,0.9613232
13793,18416,0.9669766
11762,5306,0.9927769
13866,7544,0.9739155
4228,12510,0.98227537
6395,6053,0.97054243
11658,9757,0.96324974
16204,19274,0.98811334
16715,14021,0.99438804
15884,14907,0.9692396
18391,15816,0.98824525
5212,9098,0.9790878
9163,11621,0.99018985
4187,18965,0.9682819
4779,7144,0.97479
18431,13342,0.9596507
3843,3844,0.9626188
13894,13520,0.95848054
17173,5598,0.9864217
11935,9757,0.9737163
11937,17622,0.9760149
15856,3626,0.9697809
10821,6589,0.9674587
6441,6432,0.97339094
8952,4880,0.9570849
15939,5145,0.9859535
8126,15676,0.9751183
18379,2523,0.9705645
9915,17380,0.9840534
13377,11715,0.9888958
13203,15649,0.98187995
14932,13435,0.98650175
6435,18249,0.99244976
17529,14698,0.9884284
6654,13377,0.96668077
16293,11596,0.9805767
19602,13029,0.98602563
14226,16125,0.98572254
13029,11715,0.9701976
18926,13881,0.97579145
4630,10612,0.99055886
4014,15877,0.95584583
12036,11960,0.97466063
15980,2350,0.97659874
11535,19046,0.9651164
18659,9613,0.98947525
2980,2688,0.9872196
16905,7396,0.97097373
18897,15341,0.95367116
16708,12536,0.9927705
19159,10780,0.9866063
2424,11593,0.9932353
19580,14538,0.96232986
20253,6570,0.95905393
9456,18790,0.98754466
7892,3087,0.98538786
6317,8606,0.9840994
4,3,0.9993012
4,5,0.99933165
11892,16567,0.9698145
7217,7216,0.9721487
19245,11596,0.9876123
17528,15535,0.98769844
3091,3063,0.9914697
15818,16878,0.98705417
19941,11239,0.98630744
14860,17866,0.9861616
19296,17065,0.9881329
13246,16279,0.99042004
6495,13249,0.9893695
12374,2108,0.99412364
3708,3305,0.9925938
10444,18176,0.97931165
13632,17739,0.9768322
17718,17194,0.98937744
12146,11488,0.97742873
18629,19011,0.98572886
19122,19702,0.9801158
7282,12553,0.98683083
2666,2665,0.9868587
15062,9201,0.9893388
6229,15235,0.90279037
6527,9231,0.97454786
11912,9231,0.9623963
14472,4745,0.98473984
10724,15958,0.9251663
16472,11676,0.9820098
19723,6443,0.99219537
1813,1812,0.9894497
14569,16728,0.99407285
15193,8542,0.9849592
2486,17821,0.9910136
4097,19794,0.99180543
5952,7716,0.9743817
7292,7290,0.9347955
17629,5058,0.9881368
10294,15138,0.9801078
13246,16294,0.9905578
6142,8224,0.9775694
13845,2648,0.9889226
8162,1903,0.9798993
8693,8467,0.9932596
13362,8455,0.99349606
19826,19325,0.9783312
4195,4194,0.979116
12931,9562,0.9772429
18985,4548,0.963137
13018,13198,0.97767967
11026,11013,0.9549327
12816,16795,0.9876956
9768,12847,0.9883918
6797,6798,0.9937383
19916,16328,0.90704846
15321,12377,0.99431664
13883,14690,0.9785485
12458,8429,0.9760199
9354,8988,0.98377
15761,14084,0.98639476
16697,17858,0.97299135
20016,7135,0.9608055
14856,3446,0.9757357
15729,8101,0.98544693
19253,12548,0.9693
9973,14623,0.982285
5863,2479,0.98007125
17395,12507,0.9585909
12848,6793,0.98934734
10251,19502,0.97801334
4040,4041,0.98575157
13113,10513,0.97654724
4866,19500,0.98042715
8843,8842,0.98171
11350,12906,0.97018415
4766,4765,0.9419213
18820,17792,0.98748183
15860,18984,0.9738324
19993,3838,0.9756349
8540,2155,0.9827608
17444,15467,0.9809528
12461,16890,0.97189856
4081,7384,0.9539083
17953,4444,0.9661864
13334,3511,0.9709843
9861,9352,0.98065656
15625,4631,0.98619545
9388,9387,0.9798385
7183,10976,0.98630536
5369,15914,0.98304766
17194,15332,0.957182
20073,15485,0.98516834
20003,17702,0.9244037
9822,10403,0.98743874
11169,5950,0.96916986
3121,12996,0.96693134
17143,18151,0.9935952
2558,2695,0.9850609
17958,14452,0.95824116
3206,6920,0.99132806
16340,16338,0.9761686
10020,18995,0.95869935
16509,11518,0.9827046
7708,14530,0.9833481
2559,2014,0.9876245
2952,15912,0.9669611
4996,4997,0.9670706
7317,15931,0.9876724
17932,17931,0.97780263
15504,6501,0.99029267
6550,19528,0.9694726
6667,7122,0.9674588
8818,8819,0.99455255
12047,11607,0.9797723
16449,4290,0.97687596
7076,13434,0.9822526
13189,14541,0.9906651
6045,15022,0.98566645
16053,7788,0.98391646
15153,17668,0.966513
13997,18035,0.97686076
19220,19930,0.9909636
11953,2492,0.99057394
802,1436,0.99131423
1931,11164,0.9862701
2577,14934,0.9546514
8582,2192,0.9927995
19118,18097,0.97100115
19457,12490,0.97030973
9029,15749,0.96740294
9025,9023,0.9817042
7759,4229,0.9844135
15926,18509,0.97900397
8553,8550,0.9866171
9449,9446,0.99427646
9355,9354,0.9842508
13434,4722,0.9814186
11388,12905,0.9775358
7326,19946,0.9785913
14974,5654,0.9471946
14146,8253,0.98347604
13709,9356,0.9843789
8917,12642,0.96613944
7510,4596,0.99474674
1893,10532,0.9810254
17019,14008,0.9886867
6607,4633,0.95339406
11024,15737,0.99354124
4043,9913,0.98604345
10525,10547,0.9753973
19453,11364,0.97463995
15590,5504,0.9619191
18725,13808,0.961753
11611,13373,0.9845353
19044,7188,0.97685015
19514,16477,0.9932306
12535,16484,0.9787891
15835,3055,0.97354627
14896,4074,0.9807637
4030,4028,0.9718817
7571,4974,0.9799533
4971,4972,0.98946625
19515,14494,0.98279715
6590,20050,0.9631617
5015,4751,0.98816246
14506,15958,0.9919606
18618,13547,0.96394765
5401,17740,0.9912581
17101,10737,0.99355906
4312,4310,0.9832925
3169,13020,0.97371554
7291,7292,0.97211707
17378,7291,0.9746878
15161,16676,0.9750929
11458,2574,0.97193784
9824,20218,0.9649343
10475,10474,0.97793216
5067,10322,0.9711574
9009,12217,0.97898155
13599,16463,0.9786663
17066,16571,0.97741276
19316,16262,0.9835159
15740,11804,0.9903992
8964,5432,0.96252096
12143,10280,0.98825026
11387,13924,0.9794627
16482,20031,0.9830466
4456,7550,0.96673787
4752,13599,0.97865444
6386,7350,0.9851301
7815,7599,0.9724745
7815,7596,0.97246325
20074,7564,0.9716144
6233,2247,0.9693168
13996,18033,0.97700787
9013,9014,0.9798828
11222,12679,0.9808461
6417,10433,0.9615128
7765,8094,0.96295905
4742,11699,0.9765877
5130,7072,0.9851891
7241,7242,0.97001326
14649,3003,0.9758917
20325,7792,0.98076767
8848,9060,0.9938444
13038,8184,0.98672557
8721,8739,0.9816684
12087,4362,0.9693611
7764,7806,0.9628483
16206,6805,0.9827535
13975,18523,0.9719731
4865,9779,0.9731521
14488,5090,0.9922545
12381,16839,0.9882853
13177,17150,0.98956406
16688,16186,0.9951623
19818,20248,0.97290313
15216,17716,0.96927
11705,11712,0.99071455
19281,18055,0.98615545
8246,12605,0.9832364
16032,16000,0.9875097
7142,7367,0.99153626
4637,4636,0.9915276
2340,2974,0.9771838
18469,12909,0.9698215
16756,19809,0.973239
1328,1327,0.99039286
19816,18437,0.98859566
16119,14300,0.9837022
17994,7677,0.97254467
17483,14129,0.993346
8474,5872,0.9927618
11032,16693,0.98733854
9313,9311,0.9918617
5183,9319,0.99145836
9282,9283,0.98806584
9296,8955,0.9758707
8674,8663,0.97374845
8427,8433,0.99329925
8692,8655,0.99329513
16872,19845,0.9936081
9417,9440,0.9942667
3197,10332,0.9932073
4738,4739,0.9749145
2564,2207,0.99746025
8834,8759,0.97204554
11509,10628,0.99230367
11322,10822,0.9753083
13460,5087,0.97267747
7838,16168,0.95652515
8134,19286,0.97947055
6740,12878,0.97595894
2205,2206,0.9971433
19440,4218,0.97654617
16554,10855,0.9720886
13198,11322,0.8959377
19477,7539,0.9859304
12044,19995,0.9804615
14676,3418,0.9771187
3772,3773,0.9669863
6571,12145,0.9666569
10409,15096,0.9801835
14773,2624,0.93377805
16659,6082,0.9892287
2760,14801,0.96014285
3489,3491,0.9580605
14421,18452,0.9658761
12031,13900,0.9729593
3360,11961,0.9758898
12120,4867,0.9934388
3893,12465,0.9828166
16359,3728,0.97303164
15329,15347,0.9730917
6114,6116,0.98769987
9556,9555,0.9795497
3801,10793,0.9752388
5804,2295,0.97788674
19175,5033,0.98694104
8468,15658,0.9764508
12310,15193,0.98921925
7165,7713,0.98083615
8449,7996,0.9950293
12166,15671,0.87823194
15142,13133,0.9837669
9553,9554,0.9797157
20207,20235,0.9804749
5209,19063,0.97915995
6505,3100,0.97848344
13626,13622,0.97384834
11686,6089,0.9738593
18483,14462,0.973524
14992,14487,0.979811
14476,12974,0.9840098
4231,10177,0.9931189
6141,3228,0.97790897
8017,5321,0.98913807
20235,19205,0.9799396
16459,1904,0.98416233
14976,19040,0.98904806
19552,7788,0.9938397
2130,17810,0.9936847
17399,12486,0.9727193
12288,17445,0.9913283
16558,16220,0.9884935
4425,8971,0.98028576
13535,7866,0.97741735
12242,14177,0.9923212
9191,9181,0.9660711
13549,19120,0.9662191
10081,5704,0.98488903
5672,5673,0.99068016
881,883,0.9916699
13206,14735,0.9766675
2640,17624,0.96609205
15611,14635,0.98107845
9182,9186,0.99123514
5660,5662,0.98035437
11187,5685,0.98170197
12240,14619,0.985544
5637,9728,0.98442566
13649,14677,0.96746975
10453,5665,0.9905552
9940,9428,0.9917836
9425,9426,0.99216425
9478,9476,0.99114686
9494,9481,0.9911007
9984,9495,0.9900283
12569,16673,0.9809207
19542,19683,0.9862438
11836,19289,0.9492652
4413,14956,0.9612696
7418,7417,0.9728142
9497,9498,0.9889647
9522,9521,0.99325824
9612,10135,0.9834147
11576,11579,0.9769786
16974,13115,0.9718208
9472,9465,0.9936352
5372,2681,0.9673611
2682,15581,0.9550218
2682,2696,0.91223544
5198,9471,0.9916203
6056,2830,0.98423845
17745,20093,0.98500186
14524,17489,0.97757965
3897,5281,0.9798523
10176,5746,0.9901648
6486,5434,0.9678504
6028,15223,0.9528742
447,451,0.99316746
8983,10175,0.97697747
9045,8833,0.96848124
5147,8883,0.9751908
18026,16515,0.9901737
7661,19239,0.928988
14598,15130,0.985364
12233,14615,0.99455726
9908,9907,0.9879324
14996,17500,0.96108484
16966,18514,0.98834664
3497,14386,0.9829364
11608,19011,0.98571754
3709,10769,0.9711406
16293,9455,0.98693407
11096,5843,0.9817405
19672,17511,0.9831482
12069,4798,0.9936532
14895,12978,0.9805291
6508,11462,0.97860616
15936,16432,0.9784872
8341,17693,0.97501165
10065,10109,0.9924819
8974,9315,0.99295956
10574,6270,0.98422194
6314,15952,0.9674087
7751,18393,0.9717319
14546,6371,0.9659936
17518,5836,0.95590824
11508,11509,0.9917562
14627,20193,0.9817509
8192,8351,0.8795939
8374,8377,0.98232436
19398,14390,0.966725
13094,5750,0.9901427
5749,5744,0.989669
16054,8281,0.9694788
17915,6806,0.9767974
3174,17875,0.9813929
16874,17900,0.95229536
4888,13007,0.97518265
16302,17290,0.9879183
15593,15069,0.9931096
6249,6242,0.9846234
6765,6764,0.99496645
1964,16372,0.95612764
642,641,0.9862286
4889,8192,0.97187895
17320,17323,0.9881754
6330,12542,0.9810052
12556,7568,0.97839844
13296,3005,0.9815824
16431,13920,0.9776479
5521,16781,0.9858642
12974,16476,0.9823784
7374,14954,0.98221004
13490,12538,0.99110186
7497,15808,0.96896535
5082,7325,0.9797651
14947,4965,0.9876918
3353,3159,0.98830914
15293,11967,0.9800252
15677,11660,0.9927711
8593,10707,0.9841092
4152,4155,0.9628725
12928,12014,0.976449
6263,8971,0.98017544
17300,8140,0.99133074
20059,14464,0.9773088
6732,7516,0.97953916
9046,8839,0.96501344
9073,9074,0.9680465
8793,8792,0.9824233
11601,8874,0.9839919
5706,10603,0.98375374
13040,8417,0.99582773
10471,9829,0.9861422
9288,16075,0.97868484
10605,10606,0.98364544
4687,4688,0.9738261
8628,5388,0.9892463
10789,16489,0.9909604
5613,20060,0.9825896
209,221,0.9998425
2281,19848,0.98442626
9003,9004,0.9835128
2985,2984,0.984594
17737,14820,0.9902976
13236,12800,0.9932111
2298,18840,0.98724556
13578,16113,0.9713378
16101,11109,0.69441754
14971,19503,0.98318523
5264,11183,0.99510986
7149,17345,0.96652156
19307,8999,0.90934694
8413,8414,0.98526174
18104,14611,0.99512213
15230,10733,0.9218915
10743,2314,0.96653664
2509,1920,0.9523666
14611,10733,0.9950647
15353,8291,0.97235876
16605,14611,0.9950706
17954,4094,0.9687382
17831,15050,0.9868476
6818,19876,0.9894978
18828,18827,0.98801535
12846,11008,0.9870433
6403,14265,0.9857449
13756,5939,0.97503567
18477,4168,0.97504836
13766,6019,0.9474627
12083,20029,0.98764145
3451,14404,0.9591674
18945,12464,0.95367616
6548,6547,0.9811426
13978,17471,0.9739246
6554,11500,0.97501206
16226,8687,0.99112296
12796,17773,0.9834313
14778,2788,0.98349804
6671,2789,0.9844552
6468,3421,0.9942211
18922,6566,0.96498203
4222,17395,0.9613957
3808,3807,0.96291023
7776,7777,0.9886324
14527,10517,0.98251534
16657,3967,0.99355054
13355,3936,0.95858896
3841,17593,0.9815061
3285,15347,0.9705756
7488,8219,0.9721506
4060,16344,0.96150994
13758,12844,0.9768479
19062,18994,0.98900837
14002,7825,0.97696596
2483,16292,0.99414575
1436,1437,0.9913803
16821,16017,0.96518123
2392,1908,0.9656133
14433,11349,0.97927994
11794,18335,0.98491096
10771,11026,0.6447102
8537,8601,0.98480505
17263,19824,0.9877154
6331,17254,0.98778474
6357,6359,0.9856821
9434,9942,0.9751374
13464,15475,0.9870184
7026,16482,0.9829181
16062,5370,0.9785458
7324,13963,0.98169935
5149,14958,0.9802121
4960,15460,0.9862381
17442,10022,0.97815394
4002,13403,0.9724982
7236,12048,0.9762256
10229,10228,0.9774875
4362,7392,0.96807164
5465,7940,0.97328746
20191,14302,0.99400204
12425,19391,0.98027235
2527,16298,0.96642494
5814,13215,0.97165257
11381,3375,0.9841675
9724,18119,0.98361915
14852,6411,0.9692328
12161,7580,0.98695976
14282,6800,0.972981
5946,17347,0.95886636
3594,3593,0.980667
3457,16383,0.9880531
10681,7801,0.97751725
19125,20335,0.98509246
17491,20070,0.9763015
12984,6408,0.9699392
12286,6995,0.99264246
16767,19302,0.97409725
6390,5967,0.9674018
2413,6636,0.9668365
14310,16842,0.98480254
16871,15846,0.98897153
4238,4237,0.970709
13538,18600,0.98228747
11697,15173,0.97571135
17115,14127,0.98900324
2144,11693,0.960961
2600,10350,0.9581406
9741,9224,0.9642669
14793,5923,0.9888854
3102,16343,0.981848
12407,13751,0.9878969
9237,19131,0.9950269
9301,12659,0.99305093
16283,19894,0.99054307
13279,18632,0.99150485
18468,19982,0.9644796
4152,4154,0.96289915
19472,7049,0.9715328
13194,9456,0.9875339
17603,14109,0.9651762
12219,15078,0.959716
6110,18164,0.9561705
13067,10717,0.9946629
19000,4776,0.97629684
10043,4835,0.96338516
3627,5284,0.96708083
18938,14408,0.9775614
19438,13409,0.98271334
18491,17976,0.9780074
10612,12153,0.9937948
13492,10613,0.99423236
4743,13597,0.98977894
14408,9589,0.97783834
9650,17111,0.9674993
20355,9946,0.99247557
16615,15615,0.9770329
8393,15565,0.9789884
19116,3906,0.9768485
16116,15108,0.9776874
19720,6865,0.97280425
19684,15100,0.97176504
3994,13862,0.97167945
18686,10963,0.9824027
16964,13604,0.98563904
11977,6312,0.96562326
6239,6238,0.97864074
17184,13194,0.98717356
12693,18412,0.99111617
20066,17677,0.98559535
7737,10594,0.97273433
2444,12076,0.9889255
20081,19740,0.96669066
15672,18790,0.91929597
6393,2390,0.98857504
15061,9198,0.98988974
13221,5696,0.98828447
8140,19363,0.99149656
15081,10192,0.98161685
19633,17581,0.9734525
9535,9534,0.9791226
1954,5859,0.9914165
5861,5872,0.9926581
10035,10034,0.9768372
10567,10032,0.9768337
9035,9017,0.9634906
5862,5860,0.98579204
3335,15884,0.96922094
12621,8321,0.9790541
752,490,0.9898901
15207,14736,0.99277884
13144,16713,0.9842354
3405,11146,0.9939156
4338,5477,0.9837821
5311,17073,0.98804665
9856,6217,0.9885141
1977,19782,0.97186565
11677,19277,0.95493007
15989,19680,0.9903482
488,265,0.9850021
3688,19913,0.9755457
18071,11290,0.988192
13725,2301,0.9844006
10630,10144,0.9792253
9766,3258,0.9753818
16342,19387,0.97073764
19414,3742,0.9700871
17877,15831,0.97684574
19327,5668,0.9909203
11829,16742,0.9621499
5759,18208,0.9791957
10566,18057,0.97889847
10041,9532,0.98177415
9229,10888,0.97642344
11751,20332,0.9905055
1975,11529,0.9877971
18558,2674,0.98826236
1310,1311,0.99029785
18229,15544,0.9813053
15774,12714,0.98814476
11726,14567,0.97843057
16014,1898,0.9861209
6270,14797,0.9840456
6184,6190,0.98350775
5612,6708,0.98831844
18246,19788,0.9765756
7984,9543,0.9810464
3498,17511,0.98282546
6512,11667,0.9822103
9218,5297,0.9842456
9358,15919,0.9845114
11124,20245,0.9846913
14552,16233,0.986016
2668,2073,0.9894386
18301,6359,0.98866534
14736,5402,0.9887571
18868,5572,0.9890949
17311,11238,0.9882492
18583,14229,0.9872088
487,950,0.9859531
14345,17360,0.9687599
17855,11750,0.991891
18399,11904,0.98999023
18830,17261,0.98850214
14224,16763,0.9850034
17231,11469,0.9933049
8202,8203,0.98403764
8352,18248,0.99119544
12986,6311,0.98427445
2192,2191,0.9958955
14517,16506,0.99375546
13378,10301,0.99528
1092,1091,0.7411272
19453,12923,0.97432184
18971,4387,0.97043645
6378,6363,0.9885067
12694,10301,0.99529594
14615,9962,0.9904868
8662,8656,0.9660889
14783,17282,0.98487616
16832,13296,0.98160744
2649,10597,0.9576965
11803,2935,0.9934443
6707,6706,0.99149925
19972,15433,0.96880126
2456,14776,0.9726016
3414,4294,0.99247146
7834,14047,0.96864396
12820,18842,0.98817134
17861,16332,0.99148655
2862,14804,0.9931993
17351,3562,0.97889036
4272,3057,0.98802626
18476,16427,0.9694482
11381,12925,0.9842754
18422,11381,0.98474485
10795,16884,0.97819066
15338,3204,0.96526784
10591,10592,0.9857437
14851,3417,0.93903816
13012,17500,0.96082515
5324,3101,0.9804858
3621,14864,0.98583883
3487,6741,0.97611225
7449,13406,0.97216153
18985,5240,0.9641842
19498,5003,0.98505473
18366,17296,0.9726887
15292,16807,0.97313327
11330,15866,0.9715418
11789,18366,0.96801436
5519,12002,0.9571417
4478,4477,0.9605247
15912,16561,0.97962415
7202,3720,0.9749757
8497,7194,0.9741502
16458,19209,0.9416888
4545,17959,0.96287996
19134,15069,0.98870754
7222,13894,0.95617443
7742,19046,0.9651328
16868,16379,0.9747431
13456,19003,0.98118687
16166,15939,0.98607546
6274,10395,0.97834146
2028,5713,0.9858066
6989,3422,0.97491664
3449,17827,0.98031634
4737,4740,0.9754174
15756,19318,0.9716831
4498,6255,0.97204685
16683,4516,0.9666835
16145,12307,0.9819918
2309,12128,0.9672212
19702,10380,0.97909296
15407,16913,0.963477
6989,12449,0.9744212
19439,19978,0.9750826
12905,19439,0.97687954
14836,18404,0.97417486
17669,16160,0.9590285
10400,13122,0.97465205
17459,4391,0.9758387
12626,12209,0.9936744
3918,13608,0.9892846
8329,15725,0.9832387
10957,14552,0.9862114
13000,15962,0.9724946
2742,11863,0.989772
17253,17698,0.96849996
14159,2011,0.99054235
17692,18567,0.9744641
8625,8613,0.97954625
6523,16590,0.97980356
6844,18857,0.98856646
2237,16292,0.9943111
18359,5900,0.9874292
13286,18876,0.99572384
12756,19534,0.990995
6426,18626,0.950665
2189,19778,0.98940676
6659,13616,0.98711956
12140,2224,0.9658088
17835,15789,0.9963163
17290,14767,0.9880343
16672,16671,0.9802203
5726,6143,0.9690698
5289,7897,0.96483475
4621,8043,0.97997755
11213,7947,0.98038083
13390,5461,0.99241203
2379,13644,0.9855692
3215,15363,0.9423883
17294,7475,0.9757401
8778,3906,0.9721009
271,272,0.98421824
5470,5471,0.98733866
12172,11665,0.9942212
18848,2430,0.9807148
18117,17111,0.9504025
14260,18323,0.9972792
5207,12712,0.9787239
14770,2312,0.9777549
13874,6210,0.8978157
14520,16768,0.96546036
14549,11735,0.9893519
9975,9979,0.99003917
17361,13888,0.9695015
16363,2578,0.99052656
4361,4360,0.97368646
16421,4352,0.9650965
4625,17702,0.9504656
3817,15864,0.97626525
8507,3784,0.98452985
16913,4120,0.9636635
5335,15690,0.956099
19458,18986,0.94473124
16387,13333,0.98458487
4768,4769,0.971704
12724,12326,0.98317426
4953,5002,0.9865784
19449,16920,0.9717926
16365,6882,0.9758424
15484,7419,0.9745429
1682,1681,0.9901906
3836,3835,0.9857071
4896,5052,0.98264724
7328,16358,0.9760291
14927,12980,0.97841334
3223,3222,0.97798777
4864,14465,0.9820971
16938,4730,0.977192
10395,18703,0.9786189
14954,13963,0.98237956
16108,19155,0.975989
6616,7682,0.9792253
14926,4664,0.98098385
15932,14894,0.98215175
9553,12024,0.979727
9554,9384,0.9795919
13635,13637,0.9778566
14015,20073,0.98653215
12707,4903,0.99281234
17641,7253,0.9620768
2438,13986,0.9717662
19047,18519,0.9859045
17487,8106,0.9763629
16693,12152,0.9862949
13622,13560,0.9739173
19724,15145,0.98238325
8798,10705,0.9954325
12118,2269,0.9835376
16467,15931,0.987785
15732,15155,0.9897859
6564,18737,0.98712486
1848,8235,0.98653513
7466,13853,0.9935737
18029,18022,0.99170166
11655,15177,0.98256874
18025,7788,0.9939569
20332,11736,0.98866445
12699,12316,0.98095876
14706,12615,0.96899205
7489,3136,0.9897126
9322,10863,0.99074745
16603,19146,0.9736974
19240,17712,0.9068237
5288,5327,0.9382926
14598,16653,0.98527795
12895,3229,0.9818725
7321,7302,0.9450316
6811,13346,0.97238076
16627,9979,0.9923495
14720,18059,0.97444427
4756,18026,0.99025893
20092,8004,0.98805654
2122,18748,0.99170506
5648,5640,0.9898583
18607,12622,0.98527205
7210,3913,0.99522394
18725,15188,0.9761096
17262,5717,0.98653466
690,688,0.9845663
2404,14765,0.98086584
12696,17143,0.9938553
3250,13797,0.97797453
17344,11954,0.97037965
15885,7329,0.96486956
11319,17921,0.9705538
7075,15908,0.97971284
15628,16174,0.97558355
14182,19577,0.9828036
1079,752,0.981841
9270,8931,0.97943234
2512,3088,0.98415
9624,9278,0.97988725
1898,19616,0.9851044
15466,20021,0.9767343
15452,17439,0.979544
12517,15942,0.9906696
12982,13958,0.98313046
6146,6631,0.9592394
6267,12148,0.9608467
3612,2679,0.9526634
19081,15226,0.97342616
1655,1656,0.98974645
3240,18896,0.9755677
14948,13457,0.98379725
13674,5568,0.97851163
9033,14099,0.9743224
20250,2892,0.978095
11742,11989,0.99263716
11614,14519,0.9921995
2269,5583,0.9832307
6562,6579,0.97293806
10560,7543,0.97407573
13478,7507,0.9746354
17871,18402,0.9758105
12892,8784,0.9790845
18398,11424,0.94494176
11328,5517,0.96531993
8932,9624,0.97914344
3421,4332,0.9912997
20339,9204,0.99034685
5507,12085,0.9878489
11765,10905,0.99863845
6231,19374,0.9629637
3374,2642,0.9940491
7224,13895,0.97287977
11534,19555,0.98032135
17415,16930,0.97891885
16930,17969,0.9794246
18723,10832,0.9782468
6994,14683,0.97685003
7766,10475,0.97666705
17014,19785,0.9790131
19595,11240,0.9569925
19595,16689,0.9535256
5592,7428,0.9715547
16510,17005,0.9765543
8469,8471,0.9855999
8466,8470,0.9849043
13099,7833,0.89745337
13927,7609,0.9830719
4695,4929,0.9832344
2188,13955,0.98430794
12966,14475,0.98058045
13984,12998,0.9805998
13928,15911,0.9830245
14172,7257,0.98213285
13976,14533,0.99545825
12747,13654,0.9802421
16588,15188,0.8487242
362,361,0.9993973
2022,19740,0.9670451
18066,19790,0.9894057
13496,11346,0.85325
9930,9263,0.99462694
16293,15672,0.98712677
5094,6275,0.97073483
10066,12517,0.99137974
20030,5275,0.9748404
7714,20048,0.9699866
18024,19554,0.9667801
11728,12038,0.98301905
13606,16074,0.9677338
7327,17365,0.9599345
2872,2642,0.9939002
6666,6668,0.96754944
15139,17924,0.97138995
19051,17010,0.99270177
17161,19199,0.9930901
7654,13960,0.9713327
212,207,0.9998085
15891,17417,0.97315246
11367,15430,0.9736536
7539,14463,0.98613876
9941,9796,0.9850433
6067,18517,0.9942116
6922,6923,0.96219605
5542,14572,0.9599079
9183,9683,0.9913338
18216,17955,0.9818971
20070,15984,0.9769248
14677,16875,0.9644622
3912,13171,0.96314746
18742,13145,0.93118614
2311,15274,0.9903572
18428,3493,0.96577114
10686,14196,0.991104
5943,8235,0.9830063
19788,17177,0.97557825
12992,13588,0.98027873
6299,10368,0.98587835
17948,16923,0.95998365
14216,12610,0.97449964
8091,17228,0.9534571
20163,12585,0.92183995
17145,19247,0.9916842
7911,4637,0.991413
5928,13686,0.97440004
6420,19202,0.9757971
14930,13430,0.96992403
11396,16449,0.97295815
492,493,0.9790861
13627,19486,0.9556079
17464,7493,0.96813464
5962,12386,0.988494
7890,8550,0.9866415
8136,8135,0.9834991
5183,8977,0.99172735
8664,8663,0.97720385
14593,15579,0.99467576
13187,14716,0.9740338
11819,4554,0.98877895
11120,6187,0.98319227
6310,3470,0.98026925
1948,13191,0.98888355
818,307,0.9905476
13246,5768,0.99022233
17244,17807,0.9896326
4335,19772,0.9842275
16778,2337,0.98561585
7941,10388,0.99300766
5398,2920,0.9852107
8176,2072,0.98569006
13049,8338,0.98666316
16193,14815,0.97255266
19895,19896,0.9835896
13071,12223,0.9916471
1086,1088,0.9914408
16326,15316,0.9875859
17858,14815,0.9722009
5587,16508,0.9876115
10731,7646,0.99513185
13535,7867,0.97745353
14087,15518,0.993112
12340,14703,0.9799066
2270,5671,0.96662503
19064,19057,0.9886741
20172,20339,0.9903425
5721,5714,0.972959
6825,12405,0.9861871
1038,245,0.98250407
19208,17670,0.9681657
9185,5234,0.9871891
8301,8276,0.9902136
19669,2876,0.9774226
10050,10051,0.97798973
10754,18657,0.9786566
9141,9143,0.99063146
9682,5235,0.9827707
9220,5234,0.79971635
20331,17567,0.988218
9468,9463,0.99337596
18944,7299,0.98319006
15036,16025,0.9856082
6164,6163,0.9825362
8854,8855,0.9570387
5167,5166,0.9710882
11082,11081,0.9759604
8379,8640,0.96678215
11154,8862,0.97716695
9015,8801,0.98155135
5706,10113,0.98379797
5267,5266,0.9948887
12656,19650,0.9952884
11293,11291,0.97628695
5950,6513,0.9690049
8828,8756,0.9824027
17088,12220,0.99469477
2850,9437,0.9756832
10185,20198,0.98773926
5257,5281,0.98589593
17561,10698,0.9854165
5985,5986,0.98537344
4468,4467,0.9947754
13723,18840,0.98876303
6427,14326,0.9888582
15245,13271,0.9798522
10158,12082,0.98184687
10188,10649,0.9820956
10651,10652,0.9808617
17214,12302,0.9917961
16103,10162,0.97896135
17162,17647,0.8857894
12395,14289,0.99397695
11446,18271,0.9916291
4303,4295,0.9615105
11827,2575,0.9775563
14265,13743,0.98590326
14778,2455,0.9842024
19360,5942,0.9717148
11946,3328,0.9849037
16365,6036,0.9755559
7483,7001,0.98521394
16676,16174,0.9754588
13452,17991,0.9907003
15359,14847,0.97458714
19368,5970,0.98125446
17875,14835,0.9813711
3831,3046,0.9728272
15380,3705,0.9590142
18549,15907,0.9901417
5191,14976,0.97934043
3894,12465,0.98290527
14321,16355,0.9841053
17415,14547,0.9798948
6551,12108,0.9884278
6188,19035,0.9889797
14998,7827,0.9764832
2275,7167,0.98631185
17853,5896,0.9863712
2261,18822,0.9859972
5989,11221,0.9877692
17772,12356,0.9839305
5977,3811,0.99236697
6686,8088,0.985016
2619,19878,0.98422563
18310,8541,0.98495275
2436,16805,0.9850404
2157,13755,0.9794592
2074,17254,0.98798984
8002,8053,0.9721885
706,707,0.9867137
9652,9158,0.98701394
10660,6406,0.9743007
8422,12212,0.9750779
5507,14387,0.99003124
7095,14494,0.9817934
4403,5178,0.98780626
17422,4892,0.98687774
13457,4597,0.98140746
19031,6397,0.9849007
13975,6271,0.9702266
15721,6134,0.97744966
7448,6113,0.9881026
18516,5595,0.97026885
14949,7267,0.9864802
11073,6958,0.99296004
16339,3068,0.9926609
6717,5856,0.99107355
6586,6581,0.9752157
14113,9728,0.98437285
10595,10093,0.9768018
3264,12436,0.9499665
2930,19897,0.9738903
12418,19862,0.9690708
1963,15777,0.98074317
18865,15858,0.97533244
12915,6978,0.9730603
12804,6972,0.9766333
9718,16822,0.970116
4237,4239,0.9696937
13932,13437,0.9734944
4588,17952,0.9617984
7140,3618,0.97444993
13310,19238,0.972821
17495,18777,0.99406403
17478,7527,0.96916425
15409,17394,0.9634017
8626,2061,0.9679185
3379,18423,0.9928699
9453,12233,0.99326587
9391,5264,0.9942726
15069,11626,0.99305093
19939,12875,0.9929595
11784,13700,0.9952508
2834,5951,0.9899275
13916,4460,0.95593286
3819,19957,0.9779221
6930,14938,0.96248597
15443,3692,0.96907604
6236,3056,0.9684353
13126,19183,0.98486763
14903,20296,0.9652745
12910,14903,0.96385187
4557,15901,0.96572
18965,4186,0.9678582
6876,14396,0.98634213
7024,18426,0.9615647
18791,19284,0.9858401
4086,4084,0.97206074
8579,8513,0.97503805
6470,3514,0.9778261
15323,3044,0.9706504
15976,16628,0.9806842
3859,11922,0.99001724
12679,9061,0.98076195
2590,15034,0.992834
6857,8477,0.9752573
17867,6254,0.9801122
10292,8806,0.9733508
10830,2644,0.9881159
2078,16116,0.9765346
18215,10414,0.976689
8442,5253,0.9754385
6758,19840,0.98800313
3924,3923,0.98489535
3966,3980,0.9842837
18547,16527,0.9696428
2849,8912,0.945878
2386,16350,0.98271644
14645,12693,0.99083394
19231,20260,0.9836294
8688,8643,0.9894404
17790,18314,0.9866302
18689,10079,0.99405354
13448,16454,0.98296285
16959,16454,0.98301744
2079,10999,0.99358094
5778,5777,0.98888713
18546,11534,0.9803256
12705,18704,0.9783165
7628,15993,0.9814093
7789,9620,0.9831512
7951,12554,0.9673657
19212,16673,0.985036
5407,5406,0.9754074
18648,9390,0.9621318
5081,15550,0.96086025
7833,13837,0.9344127
8610,5122,0.9803859
9079,9560,0.98080164
12328,12734,0.9844678
7353,15877,0.9571866
8234,2829,0.9778521
15330,3135,0.97828126
10377,17242,0.9763847
950,695,0.987645
14694,4340,0.9837949
19363,2864,0.99163705
7882,10986,0.9828682
13061,8930,0.98084885
9134,10872,0.9949184
13208,8330,0.9870472
20008,13469,0.9794744
13494,7625,0.99453944
9419,9416,0.99308217
13414,17534,0.9852187
9509,19144,0.99530125
13311,13646,0.99403304
7611,13465,0.97815907
12722,14194,0.97579736
14127,20202,0.9893104
18137,17115,0.98853326
12094,17237,0.9877679
11684,12180,0.5648446
16278,2485,0.9870364
13723,6716,0.987949
8456,8465,0.9932319
2556,2505,0.9790067
15687,14245,0.8777696
2148,2147,0.99163425
17933,18943,0.99514765
13134,10436,0.960703
15168,13690,0.97871906
2635,2636,0.9908119
14229,18590,0.9769084
9208,10887,0.97554445
16281,11811,0.98487353
13540,8073,0.9874341
5868,1995,0.98593664
16022,16550,0.9831986
15979,12290,0.9824869
20323,17215,0.95798105
6232,6243,0.99353665
17911,7097,0.96685547
1361,1360,0.99126667
7520,12569,0.9809265
19547,7520,0.98521847
12968,4758,0.97585845
17207,16734,0.9653243
15067,17589,0.97692966
11313,9343,0.9834652
7531,4247,0.9801437
17064,5924,0.97916806
8032,8031,0.9811808
16594,13185,0.97387266
14316,6014,0.98263633
19321,15254,0.98606247
12368,5561,0.9915046
2583,1889,0.95756626
19630,13586,0.9888009
13334,15853,0.971951
18488,13953,0.9809076
12078,19482,0.98616624
13459,10090,0.9877823
5600,5585,0.98063356
18334,17809,0.98376954
3469,17539,0.9821379
16552,18755,0.99083143
17160,17228,0.8687941
5215,6070,0.98528427
5254,1990,0.971068
8680,8666,0.98964345
2796,19093,0.9760897
9767,9826,0.97889704
18222,12735,0.9777995
7760,9023,0.9804411
1791,641,0.91186625
20254,13018,0.94366974
14046,5764,0.9767992
11128,20269,0.9878127
8789,5529,0.9906418
9305,5278,0.99315065
6394,2226,0.9957968
6364,17662,0.9649908
432,431,0.9793578
16177,15508,0.98613006
5230,5232,0.99444145
5449,12332,0.9942145
14274,18848,0.98004395
2477,2433,0.9804583
4344,4330,0.99228513
10191,14116,0.84082246
2142,6809,0.9753734
11897,3108,0.98643106
16820,15314,0.9880382
18337,14787,0.98823315
13867,8294,0.9657835
4327,11242,0.9809473
2503,2100,0.9956749
14787,18352,0.9892274
16809,2834,0.9892797
14790,11837,0.9734258
17091,9827,0.98091274
15274,6591,0.99029785
6708,15334,0.98819435
17748,4860,0.9821311
1130,1131,0.99150264
4458,15071,0.966406
5519,4034,0.96920735
16269,18829,0.9676569
6925,16854,0.9641725
16368,12443,0.95752746
12416,14864,0.9859039
16867,18912,0.9893828
4146,4012,0.97047406
18493,13932,0.97394615
14045,14056,0.9640275
6791,11275,0.983082
16353,16354,0.95471466
19452,15893,0.98059595
10513,16147,0.9629417
20039,15956,0.97837824
9268,9269,0.9953666
4507,15872,0.9729522
13736,9802,0.96803176
7029,3475,0.9580525
3902,12457,0.9545814
2764,2761,0.9594288
7157,6934,0.9859719
17429,4779,0.9741455
4517,6915,0.96232677
11902,3760,0.9714921
13432,12050,0.9742643
6792,6791,0.98372734
2307,6485,0.9681216
13342,13341,0.96069896
11231,17173,0.9852132
10828,10824,0.9746347
20302,7571,0.98141795
4221,15439,0.9667004
6392,2154,0.97354543
12805,6470,0.97736174
10433,15489,0.961016
16964,17154,0.98560876
12496,17235,0.9811384
18261,13509,0.6667544
4510,16905,0.9721243
19406,19206,0.9694937
7190,18314,0.98632973
2059,2049,0.995469
10724,1942,0.9029034
7658,16054,0.9677815
18870,2443,0.9882509
12356,5480,0.983146
8444,8679,0.7929166
18343,5830,0.9861514
17278,11816,0.98666614
20116,19341,0.9910648
19264,1872,0.99184155
19869,18357,0.99114907
13176,10789,0.9914043
14142,10995,0.9855586
11423,5037,0.9947359
17942,16902,0.97634375
2134,8257,0.9836125
12789,14244,0.98461825
6555,8696,0.99059325
6354,6540,0.98976505
6282,6512,0.9820557
12754,5868,0.98498154
18045,13632,0.9773282
17021,5847,0.99375916
9599,15152,0.9843636
13824,7466,0.9932375
17833,6317,0.98418033
15042,12636,0.98324996
1853,7946,0.9772274
2687,13146,0.9723984
13252,9732,0.95782727
5317,17190,0.9843865
13381,11365,0.9928583
759,758,0.99127734
12421,16349,0.97897834
12018,12911,0.9626008
5548,2327,0.9924535
14192,2615,0.6024686
8038,6006,0.9821395
8991,8996,0.9835841
9895,6870,0.95547205
18382,6839,0.9758303
3391,4317,0.98317724
10799,8648,0.9938186
4271,3328,0.9843813
6945,6946,0.9895459
8996,9001,0.98342866
13443,4856,0.9747472
12874,11541,0.9903126
4140,4376,0.96291274
16962,12929,0.9771967
13848,12158,0.9924314
17353,3567,0.97763276
11842,2612,0.9845843
12378,14272,0.97349733
15834,14843,0.9534767
18365,14287,0.96698487
18910,6693,0.96451145
1578,1577,0.9932852
3443,17348,0.9857728
6612,6611,0.9757959
16922,4436,0.9620465
7404,19975,0.96257883
12972,2679,0.9488854
11630,13554,0.9947844
19033,13487,0.97998464
16952,7964,0.98217404
10636,13994,0.977796
4690,15408,0.98319477
6071,10756,0.96892816
10756,7814,0.96936876
16464,18488,0.98229605
7238,3757,0.9725978
3265,3223,0.9780149
19949,17917,0.9787548
6731,7504,0.98015654
16879,3542,0.97468615
16002,9438,0.96253765
11997,8596,0.9722015
16041,17554,0.97875273
4745,20230,0.98500776
18166,19197,0.96781266
14975,6417,0.9618931
10069,10321,0.9796165
18690,14644,0.98235023
14910,20028,0.9851156
15625,2026,0.9861843
16947,14932,0.9862049
12953,18497,0.98215884
13924,13470,0.98031986
7680,8119,0.97570205
13021,19771,0.9942292
12268,19028,0.9733261
8129,19096,0.9714083
18453,7366,0.97266567
18538,12155,0.9764534
11587,14074,0.98845124
14990,11072,0.97910905
3600,11734,0.95468676
14977,6128,0.98548836
19215,16675,0.9823689
11491,13965,0.9807709
20332,18780,0.9244781
17553,14555,0.971202
11528,11569,0.9679699
5019,7639,0.9861436
6558,3066,0.9714875
6382,11481,0.96686524
18724,13479,0.98137385
13156,14060,0.97997206
12828,20346,0.98413104
16968,4924,0.9780561
5183,10863,0.9912375
15546,5034,0.96104664
19537,6596,0.9698271
12988,11452,0.9881521
1980,13569,0.9793075
5378,1894,0.98037773
12173,17197,0.9741387
2021,8075,0.9745282
14630,13089,0.98717725
10664,10663,0.9751927
9512,16084,0.99516606
10038,10037,0.97619504
5634,10562,0.95069754
8254,10675,0.9898072
15744,19812,0.99438345
6466,7025,0.9826652
2292,3169,0.97316486
15579,12646,0.99465454
10826,2015,0.95156115
4433,12917,0.96988726
4163,20294,0.97464675
19419,15864,0.9761212
7386,18473,0.96700513
13468,13410,0.9798458
7228,4981,0.9650465
7121,10560,0.9736961
14872,18447,0.9698281
7812,4040,0.98561805
15878,12900,0.9814268
15347,19923,0.97201127
3806,3805,0.96055585
10512,17649,0.9736689
9659,9653,0.9894024
16517,16910,0.9938577
13949,13471,0.98227525
14643,18211,0.9789205
10462,2048,0.9690713
5428,3647,0.9700225
13957,17992,0.9725366
19514,7796,0.9934581
4228,13929,0.98143077
12530,12934,0.9835593
8299,1866,0.9752456
7349,15673,0.9849375
15978,20065,0.97908974
8778,12123,0.9784893
7124,7125,0.967573
7950,7124,0.96757007
20246,10328,0.9901681
8495,17191,0.97558016
16490,17461,0.9791828
8822,13544,0.99460644
10502,16695,0.98239225
11717,13052,0.9868558
8159,16033,0.9853736
15948,6343,0.9841675
13175,14689,0.9835104
18595,16533,0.9870228
1539,1538,0.9885118
11002,5450,0.97842914
1549,288,0.9853139
4640,4641,0.990595
5338,7916,0.99087006
13457,14457,0.98127085
13517,16203,0.9873741
8578,5536,0.9886226
14998,14002,0.97790754
5115,11426,0.9922312
7888,7889,0.987502
8943,8944,0.96557105
9317,9298,0.9825967
11163,8960,0.97382843
13065,14594,0.99428636
9440,9038,0.99442977
8803,8804,0.9851156
10615,10616,0.99315804
7910,8010,0.9901535
5961,1907,0.98117596
10713,7713,0.9805675
6924,3275,0.97822714
17000,14604,0.99079764
16724,16053,0.98945576
10731,8449,0.99507916
14975,17706,0.96182746
19792,15175,0.9931339
13813,18230,0.9934842
16183,20101,0.98917866
9709,5623,0.9855165
10925,12237,0.7687597
11759,5623,0.9880596
10198,16094,0.989475
14427,20137,0.9862379
16414,18460,0.96929234
15611,5693,0.98079
2723,14314,0.97773063
9997,5672,0.9929321
10586,10587,0.9827793
10589,5698,0.9833645
7895,5283,0.98377025
9789,5638,0.9938949
10531,5657,0.9844789
10460,5645,0.9887166
15615,18130,0.977549
9415,9416,0.99412835
9404,9415,0.9939296
9518,9517,0.9881507
9529,9528,0.9934111
8479,12628,0.97648036
19425,12294,0.9373506
19388,17882,0.9811762
9948,10529,0.98800266
12957,17995,0.98791087
8554,11497,0.97965235
8564,8565,0.9804765
9042,8827,0.9701046
8668,8418,0.98296285
8528,8527,0.97029907
8526,19622,0.97087395
11591,11590,0.9686656
9080,9078,0.97919846
10119,10120,0.98298323
10625,5729,0.98419076
5111,16052,0.9646524
7758,7759,0.9842002
9928,9413,0.9929899
3357,16869,0.97446513
4033,10967,0.8705061
9851,8512,0.9878033
10647,10645,0.9810463
10562,9773,0.9188339
9217,9216,0.9940965
18867,15310,0.9884024
2702,2701,0.9812385
14277,16804,0.99057204
6829,4988,0.9635216
17598,9412,0.9931289
10466,10461,0.94559735
4288,4271,0.98325527
3456,3370,0.97133136
7174,8292,0.9847439
12942,11311,0.96171576
3248,15402,0.97681457
16461,12992,0.98065764
12015,14902,0.96146566
7157,16858,0.9859294
3104,6019,0.94750226
16415,14478,0.99122065
18002,12517,0.99099684
16962,4993,0.9775694
7521,10448,0.97285604
6554,17474,0.9751916
8106,8105,0.97626275
7545,7786,0.97573984
7639,12958,0.98686594
12438,15349,0.97710866
3209,3208,0.99425477
7404,6931,0.96301657
5593,11361,0.97035295
17581,11609,0.972559
3855,3854,0.96089095
16922,19448,0.9597361
11268,16868,0.9748648
19411,3601,0.95234716
4723,13875,0.98348355
19430,4007,0.9525436
11407,20027,0.9796498
6189,13944,0.9904454
20046,18011,0.9727884
19311,17772,0.9838674
15973,13007,0.9837053
13494,12157,0.99457705
5328,18240,0.96918195
6605,2325,0.99012774
15780,2367,0.9880598
2369,2368,0.9876979
2150,8558,0.98422444
2629,2628,0.98320055
4990,16480,0.9803843
2626,7453,0.980959
3714,3112,0.9886635
7327,3964,0.96028113
10468,9890,0.9466846
5515,5514,0.9807834
4490,14909,0.9842157
4228,4842,0.98092616
13005,1856,0.9559947
8896,6350,0.9810774
6348,6347,0.9809986
15242,20263,0.99184144
4494,16466,0.9768023
15968,6132,0.98953336
15211,10683,0.9887754
18536,17481,0.9783595
16819,2732,0.9880784
18337,2508,0.9877615
10434,15970,0.99191403
16074,6665,0.9662141
1850,5760,0.9788365
7907,19736,0.9663036
13661,9777,0.88967794
16984,11481,0.95090604
18014,6455,0.9676319
15949,7542,0.9894103
11604,18685,0.9658205
3319,8290,0.97728467
8762,8645,0.9836997
5795,11827,0.9762081
15819,3259,0.9486672
5959,5958,0.983667
18909,3318,0.9757927
2931,18385,0.9730497
6808,7231,0.9639151
13884,15857,0.97636515
16834,3011,0.97729367
19867,14275,0.98720527
14266,4367,0.96225077
7401,12738,0.9940935
6601,12454,0.9598348
3325,3050,0.9494407
12863,3973,0.9774161
16840,6869,0.98800397
3591,15305,0.9774253
4146,4570,0.9704197
9251,9252,0.96315575
19996,4546,0.9630616
4251,18969,0.96394664
9307,19134,0.98644364
10002,9507,0.99525046
11622,14609,0.992687
2197,19845,0.9937616
4356,8009,0.9749892
14447,14901,0.9706224
18451,16398,0.97490615
19598,20083,0.9821478
6816,17339,0.9784443
12868,11270,0.9653154
7415,4156,0.97567284
15893,12493,0.9809209
4178,12028,0.9737419
1971,4848,0.87674844
4736,4737,0.97585696
3690,18433,0.9666508
13714,11866,0.98421925
9988,7015,0.9605433
14451,15410,0.973009
17717,19799,0.9871155
4206,4205,0.96477115
15378,8476,0.9694025
12081,10194,0.9812578
15018,10178,0.9864044
1933,8472,0.98398006
17002,7587,0.90579015
10639,10637,0.9762111
12032,14663,0.99213976
18680,10293,0.97936845
15647,6013,0.9902542
17565,17061,0.99184155
3388,3170,0.9803135
18689,3406,0.99409795
12562,12677,0.96431875
16668,15222,0.97357064
15859,3672,0.985438
7980,11706,0.9732736
6715,14247,0.99078745
2656,2657,0.9890646
14532,7629,0.97952807
13768,9794,0.9896628
11807,19321,0.98643714
5138,4648,0.9788309
16999,7555,0.9670916
10005,10004,0.9802289
10027,10024,0.97858745
13569,15077,0.9787917
18957,17941,0.97609836
2917,13199,0.9779429
12877,11964,0.9757034
3279,13174,0.97629493
19433,4578,0.9632598
12734,17680,0.98484784
17034,11549,0.9803392
19072,16000,0.98569393
1974,13048,0.9840142
17242,6207,0.9781425
8029,8033,0.9817276
15897,19994,0.98073685
1549,291,0.98806167
1503,273,0.9905295
486,487,0.98990774
16075,17091,0.97957486
12214,19623,0.98958427
5417,6207,0.97707593
5473,4230,0.98413265
2537,3559,0.9782019
3486,19870,0.98716646
13670,13907,0.98859507
720,1655,0.9894022
19310,11006,0.96688294
18279,17750,0.9834541
7878,8994,0.98199975
1759,1758,0.99142694
17048,18080,0.9885788
6358,6391,0.9880448
14379,17761,0.9842105
9629,12655,0.9758256
225,223,0.98204917
11732,11054,0.97748065
17693,5271,0.9765927
12724,14731,0.9823172
5517,7322,0.96648717
13951,16469,0.98175746
5543,18437,0.98857903
6042,12263,0.974825
8864,11860,0.9875572
1381,1380,0.9903708
11794,2126,0.98510784
7467,11818,0.9926577
5758,14749,0.9846154
1955,10781,0.97707295
17037,6042,0.9594008
7457,11027,0.9818039
3963,14877,0.98526126
15538,1943,0.97429425
11130,16287,0.9840189
10042,10005,0.98094153
1967,13682,0.9791165
18055,18069,0.9376669
16022,14178,0.9833483
7852,16550,0.9831239
15698,20241,0.98378354
12644,15739,0.97918403
19164,11710,0.9848754
12695,19768,0.9847163
18595,11661,0.72166044
14528,10240,0.98048097
10167,18760,0.9815336
14905,12484,0.9734754
13888,6803,0.9698221
1874,11148,0.98410565
16707,19103,0.9556657
18766,5880,0.9877286
3547,17352,0.98283803
5358,5461,0.99153733
5359,12754,0.9833172
7052,2079,0.9929985
16001,15028,0.98761344
1879,2990,0.96030146
17684,10957,0.98563504
17876,12422,0.97083974
5441,5440,0.983588
8184,11717,0.9863353
16624,10958,0.98293567
6995,16167,0.99261814
3267,16118,0.99142456
15139,13202,0.961685
13626,17924,0.9759044
19247,15007,0.9272004
19094,16171,0.9581025
4266,18233,0.9789387
4858,5926,0.9490983
5466,20274,0.9842339
6683,2464,0.9908466
6403,11867,0.98551965
12516,16965,0.9867638
5132,5133,0.99340534
9644,9152,0.99492776
7355,16461,0.98182434
5468,15701,0.9611106
5305,19247,0.9915937
14204,15712,0.98925763
17680,16230,0.9871251
992,991,0.99151987
11139,20128,0.9795473
1538,1540,0.98845273
2201,6361,0.9889937
17268,16260,0.98455644
16202,19054,0.98651344
10702,14221,0.99142355
18103,9164,0.9900177
16318,14253,0.99588865
11176,5239,0.9503129
9762,9253,0.9633262
14274,2423,0.9784232
15799,2840,0.96816784
11377,19999,0.9839144
1098,757,0.9912744
6739,17351,0.98028564
14753,12794,0.99812454
11798,16322,0.99809974
4276,4277,0.9873511
6794,6792,0.9845353
17283,6727,0.97853684
2494,4300,0.974277
15889,9958,0.97358793
14876,14359,0.9915469
6964,18913,0.96274066
6639,6640,0.9392325
7376,12081,0.9806506
16916,18955,0.97566426
17404,4500,0.97385424
14414,18941,0.9707727
18434,13299,0.9722925
10898,19130,0.9795623
17087,10875,0.9766242
18912,15356,0.9895411
17820,15290,0.9680766
15888,13408,0.9827472
16955,20305,0.97600603
11557,12462,0.9740906
3191,17330,0.9697991
4137,14127,0.98925227
13688,6857,0.9715584
6254,19050,0.98056775
18092,15038,0.98358095
4495,4428,0.9813037
14912,16570,0.97653234
17687,7873,0.988149
17398,20297,0.9714803
15442,3694,0.97021705
11061,8903,0.98913133
7985,6418,0.98488796
14770,3011,0.9775621
20271,19373,0.96375066
3436,15825,0.9783861
6883,15292,0.9753651
14425,15399,0.94839954
14730,18790,0.9871645
13937,4828,0.97466373
14500,19026,0.98623914
14493,13620,0.99515414
8636,8631,0.98486274
14587,8771,0.98469794
5363,15541,0.9853021
6162,15644,0.97365
6087,16462,0.9752576
8933,20348,0.98231655
6037,2028,0.98832136
15025,8402,0.97470087
11957,18920,0.97900957
14942,20303,0.97482985
3367,12447,0.9758834
19506,14669,0.9644661
2569,2577,0.9545629
19697,10831,0.95619774
13122,7334,0.9748941
5797,5796,0.9744197
19712,2424,0.9913607
14868,15866,0.9717373
18543,11540,0.97688544
12775,19276,0.9851596
17,16,0.9989229
14369,6754,0.97367233
12553,13616,0.9869278
18099,5180,0.9871464
4197,7218,0.99073666
18256,8304,0.8641511
7652,16777,0.9624441
1188,1189,0.9916903
225,210,0.9831941
12050,15906,0.9742004
3332,4142,0.92739433
4603,4604,0.9723312
11359,4487,0.971846
19861,6628,0.9868493
6643,6642,0.9857039
18477,4527,0.97500163
16465,15580,0.98189527
5996,15686,0.84854865
2525,4496,0.99213696
9837,20067,0.98937106
14208,15739,0.9785785
2671,15309,0.9725122
19793,8485,0.9483535
12477,19979,0.9658251
16401,16393,0.9640465
4413,14734,0.96138585
15994,7615,0.96617156
5073,5072,0.98595285
17877,15670,0.9207014
11686,3099,0.974035
6079,2016,0.98926055
6600,7956,0.979518
2357,11687,0.9786993
12640,5209,0.97859794
19209,19055,0.9152671
13353,13899,0.97762614
17349,7381,0.961414
19789,7033,0.97138965
11475,16496,0.98754174
7773,13002,0.97923756
11492,11293,0.97631615
14997,7515,0.9792809
6732,14997,0.97944164
5321,5956,0.98922205
13002,6747,0.9798421
8495,7145,0.9763708
19187,15948,0.9844759
14228,13172,0.98424214
18949,3968,0.9593529
13008,17007,0.99375534
11436,10483,0.95715207
5740,10160,0.9734518
8330,16566,0.9874228
18528,12109,0.9702682
10181,18514,0.9878099
4403,13981,0.98822635
15072,20351,0.9669211
7548,8984,0.9744707
18630,9337,0.99017954
17591,19650,0.99459535
14847,15360,0.9750415
15461,12080,0.9801531
4691,13409,0.9807493
12163,12164,0.98146755
17413,5720,0.9745948
10783,8970,0.9672335
15456,18496,0.9838928
19464,4955,0.9892434
7270,18148,0.9689303
15501,15590,0.96596545
16477,5151,0.9932801
13318,9786,0.9733261
16457,11695,0.9817582
19557,17970,0.9912135
19575,15119,0.9585478
2040,18144,0.9748727
18751,17699,0.9955384
17457,20068,0.9756127
10691,2272,0.97278047
15019,14002,0.9794875
9203,9194,0.96173275
8692,8788,0.99332845
8785,8787,0.97660124
8786,8787,0.97753716
7129,8542,0.9788632
5605,5628,0.9820962
6380,18013,0.9686508
13676,8145,0.97706705
855,1589,0.9917128
7408,14524,0.9762906
12801,6259,0.97297186
10013,18676,0.98682666
13091,18669,0.9661826
5641,5635,0.9852328
14026,10679,0.97160745
10362,10361,0.98272175
11103,10369,0.9752956
17617,16617,0.9772474
9426,9428,0.99279743
9526,9525,0.9931759
18286,18795,0.9807695
5578,12801,0.97148615
5198,9489,0.9924534
9097,9119,0.9616818
8396,13054,0.9669001
8114,15720,0.97228575
12964,5370,0.9827542
12790,12358,0.9843403
18837,2104,0.9877438
15561,19106,0.93885446
8842,8841,0.98125845
4882,4885,0.98425657
6256,4886,0.98428464
10089,10088,0.9806239
10087,10088,0.980451
10602,10601,0.9827192
13723,7450,0.9885711
10219,5751,0.9909815
15068,12659,0.9935893
9284,8954,0.9820446
2192,12377,0.99609524
8630,16570,0.976309
17730,11479,0.98669505
15367,16381,0.9843849
9823,9825,0.9786093
8237,16873,0.9732472
18841,14769,0.9846875
9378,11817,0.9842147
10709,17079,0.9882202
18875,16119,0.98370516
13065,8902,0.99416804
3532,16388,0.96462846
16172,11332,0.9932162
19880,8865,0.98428416
14402,12870,0.954196
3212,18439,0.9800894
14377,12913,0.98357546
5163,6161,0.97124827
16663,16184,0.9712324
19032,13010,0.99683183
2832,17849,0.98646754
13818,13817,0.99442816
13429,4602,0.9846293
13318,6008,0.9720535
5611,5612,0.98818713
11101,8643,0.9890148
15963,6452,0.9669981
14897,4911,0.96030664
6745,6277,0.9901337
194,192,0.9997665
8620,10663,0.8475284
9693,9692,0.9759459
19483,20013,0.981016
7284,19491,0.9798605
7350,14491,0.98500985
4683,5557,0.9657707
11037,5185,0.98305154
2659,19841,0.97562575
12909,14432,0.9802541
15869,12894,0.9782713
2369,13735,0.98759913
13247,2287,0.9945275
13234,18315,0.98410195
6623,19853,0.9653455
12453,6575,0.9601441
13798,9866,0.9765694
16840,11237,0.98800987
11826,18858,0.9817545
4530,14913,0.97436506
2563,2203,0.9969574
19992,4534,0.9587042
18417,3040,0.97186536
3768,13520,0.9589067
10438,10493,0.9795154
17690,8217,0.97614837
11254,10318,0.9720659
12708,9292,0.9747429
11939,9949,0.9740175
11442,15478,0.97698057
5103,17560,0.9847062
5513,7416,0.97305626
17540,17705,0.9724076
5851,12586,0.9833982
13044,8131,0.9753293
17073,18586,0.98577917
5912,15610,0.9882046
10525,11939,0.97389406
12776,20243,0.9722617
12026,18475,0.96023566
3429,11955,0.9854711
17828,15779,0.99108887
14247,17828,0.99089116
10687,8228,0.99285734
6201,7882,0.9834176
8782,8781,0.9894419
18587,1978,0.97529197
6043,12285,0.9941056
12659,16600,0.99346596
11031,8376,0.9777811
17275,5773,0.9853898
4400,4399,0.9812998
10150,5605,0.98309684
15850,19423,0.98232
12705,5138,0.9786578
18857,17311,0.9885388
12112,14057,0.9875772
15683,6474,0.98269075
12594,5425,0.8178712
17159,5853,0.9882289
10626,10142,0.98163754
6396,18399,0.98956585
17595,11287,0.964778
2904,2903,0.9910419
18306,5877,0.9884516
2780,14289,0.99360526
15675,18257,0.9800046
19431,4026,0.97181827
8637,8636,0.9847547
18044,15520,0.96074474
9817,14622,0.9826186
16009,5374,0.9813634
1288,612,0.9906433
16319,19906,0.96693444
5315,1919,0.97614247
19715,10371,0.9846048
19766,7914,0.9942186
15717,11288,0.98586166
6180,18820,0.983421
14294,14295,0.9881754
19922,3276,0.9784104
7030,4327,0.95796275
6722,14527,0.9825531
10314,16884,0.9761875
9248,9249,0.9952905
4249,4245,0.9761847
19936,12451,0.97408754
16274,6412,0.975529
12492,14916,0.9676509
10183,14719,0.9852871
12117,6034,0.98994815
13259,2400,0.99637306
8628,7254,0.9899115
3272,19928,0.97367126
13321,3291,0.9732059
18732,15664,0.9754005
13970,14671,0.9811398
12349,8953,0.9573016
4504,5120,0.97142947
20251,2018,0.9588918
18059,12590,0.974842
12191,12325,0.97587854
4124,6932,0.9719419
17209,15009,0.97650915
1924,1923,0.9690295
20134,4519,0.8677852
12589,14746,0.9890226
2589,18099,0.98652667
11675,2601,0.9821014
10852,17547,0.98973197
10762,19661,0.98791075
19122,20350,0.98074806
14081,17571,0.97312886
10980,13662,0.97241724
16978,12516,0.9867126
373,1252,0.9881627
2787,6841,0.99374557
11567,3306,0.975274
675,674,0.9827738
10048,11653,0.9840784
14124,20195,0.9836617
9631,2311,0.990289
12436,11951,0.9515252
6604,15787,0.9841024
11350,16450,0.97067004
1173,1174,0.99186134
1176,1177,0.99172103
1202,1203,0.9897921
16749,2061,0.97799927
15813,16319,0.9955107
17189,1846,0.9901273
13978,8492,0.9728265
5038,5289,0.97015196
19089,17675,0.97698396
6074,7768,0.9732329
10382,7569,0.9627959
13485,17130,0.98478186
4521,4520,0.9601056
12022,17400,0.9438492
2274,11406,0.95660263
11428,2245,0.9829882
10676,5430,0.98997724
4442,4648,0.9799051
12161,15507,0.9871041
18878,14816,0.99222785
15120,12262,0.98798907
15468,2534,0.9872459
5444,4389,0.99020875
13514,8118,0.97635925
14990,7829,0.979356
10814,19205,0.9792585
17479,16514,0.9816834
12723,17610,0.993385
14698,15535,0.9865979
8224,13601,0.97846895
11837,19877,0.9685591
6046,19170,0.9417523
755,1097,0.99136764
17284,18336,0.99087256
9834,13317,0.9847244
13733,8790,0.9736121
15710,7718,0.9733496
14335,18227,0.984091
16784,2133,0.9979656
10975,5737,0.9782733
18757,10686,0.9910711
3166,3881,0.9725179
9338,18630,0.99568033
8858,4671,0.960004
2499,5353,0.99344516
13444,17944,0.9721653
5719,11066,0.99313533
6728,8581,0.98404974
6604,7872,0.984469
13784,8253,0.98347235
11623,9165,0.990095
9407,9911,0.97252524
17567,10709,0.98844135
2561,4662,0.99295783
9675,9668,0.9937457
12661,15599,0.9957968
19487,4769,0.9728107
19027,19028,0.973258
5661,13968,0.9724687
12730,13190,0.8914843
18512,12953,0.98319215
6862,13262,0.9819374
10524,19380,0.9679719
12508,14940,0.98082775
16499,10725,0.98025846
8973,11988,0.980027
10487,12266,0.98006743
10522,10520,0.9788425
10334,4981,0.9640044
2056,7427,0.9690279
18807,16774,0.97659147
2752,11099,0.98717785
19348,12820,0.9884494
14966,15484,0.9739656
18403,3161,0.9718839
13940,11407,0.981699
4041,6834,0.9856424
12951,19438,0.98290455
7691,4683,0.97731245
18211,8222,0.9785822
12143,14394,0.9883333
12974,19222,0.96992314
6749,7696,0.97829413
20078,17493,0.98271704
7385,14890,0.954677
6413,15962,0.96703243
18543,10681,0.97711724
6276,11700,0.96877164
10508,7057,0.9706914
17205,11702,0.98421973
17259,15760,0.9778672
14388,3192,0.9938075
13214,15642,0.9810339
12326,13165,0.9866551
6148,5602,0.98770404
4920,12522,0.98264164
14431,12908,0.8427665
6537,6139,0.9834116
17424,5801,0.98368007
16021,15155,0.9897866
10992,7326,0.97883564
18524,14981,0.97843814
17974,15443,0.96993065
8433,8434,0.99325633
8872,10809,0.9649084
9464,9053,0.993666
7556,5412,0.9649356
7668,10312,0.9954307
13039,16724,0.99288106
11180,5251,0.9931398
9118,9121,0.9923152
5676,5677,0.985059
10276,10274,0.9808462
10084,5704,0.98488
6064,6065,0.98472613
5727,5728,0.9726457
18791,19245,0.98652935
6735,14774,0.9914982
5635,5642,0.98610955
16470,5094,0.97074854
5154,5095,0.9708585
11191,10150,0.9836963
16094,5622,0.9853253
20197,5675,0.97921103
15612,10011,0.9816543
5648,9947,0.9917977
5638,9790,0.9938909
9705,10253,0.9927579
16617,16616,0.9773566
10755,20181,0.9787716
9818,17110,0.9793473
9136,9135,0.99401337
9481,9496,0.99033946
9495,9496,0.98996943
9525,9523,0.9932468
9286,4956,0.9929304
16876,3508,0.9847468
10497,10498,0.9820154
10260,2644,0.98855466
6749,14521,0.97815645
19554,7963,0.96704423
7810,9141,0.9909849
9113,9118,0.9920399
17071,13579,0.97411555
9747,9746,0.98621494
16537,17512,0.98892885
4806,19771,0.9939919
16577,20146,0.96631914
8521,8520,0.98414963
20139,19114,0.97495395
6096,18307,0.9838637
3105,14825,0.9864611
19613,16579,0.9712507
9452,9472,0.9937576
9493,9471,0.9910012
9075,9076,0.96481264
8858,8857,0.96064836
15889,18972,0.973256
1847,2120,0.99173224
11763,2212,0.9897564
9042,9045,0.9692234
8886,9127,0.96448886
8792,8951,0.98174334
6084,7115,0.98437715
5809,5794,0.9842853
6483,12802,0.73050565
11183,11189,0.99455136
11214,6344,0.9714469
10686,6156,0.99089056
9215,11060,0.9940807
5346,9868,0.99488515
18692,14156,0.9861855
4170,4165,0.99522555
14350,19817,0.9727534
19813,19812,0.98134667
6725,17298,0.9901451
16804,16294,0.98967385
2191,2190,0.9942878
10051,10052,0.9781018
9559,17623,0.9785598
12245,15092,0.9809552
7001,11955,0.9853542
9448,12521,0.9647968
14037,8107,0.9765471
182,185,0.99565953
13697,12352,0.9837006
7598,19005,0.98041314
4329,13408,0.98076665
19967,3976,0.964362
4514,4212,0.96083343
3796,7179,0.9717758
2281,2233,0.98417825
15773,16280,0.9848091
5380,6584,0.9809568
16454,13462,0.9823433
18005,6408,0.8630049
10772,16955,0.91166204
14043,11905,0.9931852
13260,15049,0.98843235
18724,6272,0.9814231
17517,16540,0.9759142
10530,10529,0.98791367
14821,14764,0.9882357
12526,15494,0.98388666
16332,3025,0.99107426
14981,5088,0.9748796
11942,6973,0.9768042
16386,3481,0.9477395
17913,9858,0.97592926
13776,11959,0.97535366
4536,6992,0.9744956
3675,18433,0.96652603
6953,4150,0.9710694
12504,4800,0.97316575
13914,4189,0.97594064
17865,19378,0.97476643
8273,3830,0.97232866
11332,17372,0.9665269
16327,11224,0.9879942
1911,1960,0.97226274
12209,13059,0.99272996
10594,15493,0.972996
16789,15760,0.97722876
2094,19313,0.99293447
17824,6737,0.98902637
7655,2057,0.981416
6363,6356,0.9885826
20264,16261,0.98612493
4506,10712,0.991606
5276,5273,0.9621766
5276,11155,0.9621648
13079,17600,0.95822704
6440,11480,0.9658315
17563,20149,0.9857174
8608,8721,0.98068136
17224,15676,0.9788522
10607,7480,0.9851109
9161,9163,0.98999524
8277,13540,0.98743093
308,307,0.99070287
18064,8308,0.989979
12611,13044,0.9750836
16907,15883,0.9694421
8367,8636,0.9848475
17580,17566,0.98177123
1291,1308,0.9814202
17054,19582,0.975023
16961,19495,0.9733052
5668,5667,0.9911447
20342,17601,0.97599286
19992,4535,0.95871615
14197,13158,0.83013815
6503,18259,0.9855812
13801,5361,0.9927918
6258,11069,0.984562
11233,17902,0.99495256
5039,19648,0.9841384
16680,4785,0.9852622
2699,11209,0.98148876
12352,6080,0.98375076
5581,4465,0.99342984
5247,9979,0.99235827
13517,11526,0.9658839
2102,2055,0.9942629
12512,16474,0.98303384
7879,11997,0.9719526
11564,16399,0.987111
5878,11001,0.9573974
12103,5834,0.98292935
15707,11892,0.96777153
14821,20277,0.9883581
15682,16739,0.9856141
10946,16739,0.984145
9413,18636,0.9935108
7624,20308,0.9828509
5619,11186,0.9645801
5269,1990,0.9719924
11644,11643,0.9079423
8666,8665,0.98500395
11133,17278,0.9875167
6798,5526,0.9937429
19338,5754,0.98977166
1180,1183,0.9912862
17328,9785,0.9342507
4356,3145,0.9246767
19658,14110,0.98864764
5287,7897,0.9657737
7181,15860,0.97396153
19392,16353,0.9602383
8608,11087,0.9802817
15877,12414,0.95834804
5217,15203,0.993993
9847,10583,0.98649687
5290,16124,0.9813623
5586,20033,0.972081
1455,1456,0.9897167
16050,8782,0.98848176
15568,17564,0.9795671
19117,16584,0.98179644
14649,1982,0.9723574
19487,4498,0.97282004
14573,8217,0.980079
13130,14975,0.9616693
14584,8698,0.9795934
2328,2428,0.9909435
11725,7466,0.99146676
6138,2941,0.992489
16811,18361,0.9929224
15446,4804,0.988822
5393,15106,0.98182815
19702,20020,0.9788669
9418,6426,0.8951771
10441,2010,0.99000776
18163,4732,0.9830335
10839,11427,0.98222935
17430,4220,0.9675579
13933,17430,0.9715611
13521,18589,0.9832982
7982,15154,0.98432213
14917,16430,0.96076685
17950,6955,0.9676359
1185,1186,0.99157554
3642,8231,0.99051243
208,216,0.9998091
2772,5632,0.9927757
2277,6394,0.9898984
3958,16406,0.97474366
11148,15152,0.9845328
2113,12786,0.99650574
3899,11306,0.96197075
9249,11063,0.9953181
15779,19835,0.9912935
3734,17916,0.9743745
13207,17521,0.9918554
5581,2395,0.98453116
4012,4141,0.970657
12926,11379,0.98923665
5954,20093,0.9868832
2909,2908,0.9884525
17351,3554,0.9787845
16436,17968,0.9766526
4298,4316,0.9783351
11880,18382,0.9750888
5499,2267,0.98728335
14469,4777,0.9763613
19000,14469,0.9766495
14888,4072,0.96611226
4873,5509,0.9867373
11380,15441,0.98246425
16911,19438,0.9825248
5189,12092,0.9931685
4989,4987,0.9921216
7232,11325,0.9708803
15906,19470,0.97374773
16994,6451,0.9678734
2955,15136,0.96581596
4549,4146,0.97025406
4946,5074,0.98680204
19003,13921,0.9814652
18443,7249,0.970132
18481,14459,0.98373634
9364,10321,0.98019844
19509,4492,0.9793168
15476,18511,0.9781741
7152,5983,0.976838
16405,17143,0.9937756
7850,17002,0.9832117
7145,4608,0.9773728
12047,19034,0.9807225
7695,7694,0.9758676
10431,14511,0.97882104
7791,20076,0.99240196
13131,7791,0.99260736
5798,18518,0.979166
716,1399,0.99077624
11700,17679,0.96909034
13850,12782,0.959276
10016,15432,0.9817405
16215,7939,0.9816657
7023,7719,0.98041385
12797,15037,0.98953164
18587,8262,0.9767417
18454,18243,0.9886636
18235,10454,0.9585627
9001,9002,0.9834773
10444,13609,0.9786523
16157,15324,0.9764815
5565,7972,0.98008955
12340,16706,0.9825712
3541,6027,0.98026145
8436,13645,0.98561746
13503,8004,0.9879908
13575,14122,0.9795766
12226,9200,0.9897483
11647,16091,0.9839199
16600,9302,0.99304295
9702,9774,0.9804115
13209,18890,0.9780016
5445,8628,0.9900497
14142,11034,0.985435
4538,16928,0.97533536
11304,11299,0.9818796
7487,13405,0.9705602
19500,18999,0.9812982
14505,17463,0.99578106
15408,7411,0.9833227
10714,6049,0.9869086
16503,6631,0.95921123
19646,5196,0.99218047
1877,4197,0.983039
11614,19543,0.99214476
15631,13640,0.9562118
3182,3181,0.96775
18899,16859,0.9754767
17551,14338,0.9853963
11255,12612,0.98424304
19170,17550,0.96555173
17908,16879,0.9744694
19725,11659,0.9762665
18919,3674,0.9598241
13346,3186,0.9717268
18543,7803,0.97653323
11393,15447,0.9828828
12956,4966,0.98793334
9018,12217,0.97878975
8657,16042,0.97813034
17667,19194,0.9893909
6434,7965,0.96841186
3961,15653,0.9906901
16988,20246,0.9656613
12485,12486,0.9720062
5440,12103,0.98358214
7239,7240,0.9765827
5567,16983,0.9674991
13625,2718,0.99209565
4209,4075,0.96443206
14901,15423,0.9719667
4608,8007,0.97855914
16125,14574,0.98783714
12415,17869,0.9771803
12116,13098,0.9865661
7122,7123,0.96751547
13561,13544,0.99458534
4665,16668,0.9694668
6067,4982,0.9942206
12579,17627,0.9754566
10583,19703,0.96683615
6480,13809,0.968649
17209,15189,0.9870439
11781,13722,0.7814
18673,12331,0.9897857
16939,4817,0.9827807
7969,12343,0.9749883
7784,7683,0.9795756
10561,9433,0.98196626
1937,13314,0.97935873
18615,14080,0.9631525
9311,8963,0.986679
9296,8956,0.9764305
9284,9296,0.97942597
9297,8961,0.9759302
8682,11084,0.99319816
11079,5133,0.99357295
8734,8720,0.9727208
3234,14223,0.9932816
10262,10263,0.99135685
16331,8509,0.97196805
9070,15579,0.9944977
9053,9449,0.9940402
5708,10126,0.99401337
19058,19569,0.9919382
19636,15585,0.95128316
8600,8601,0.9842157
20101,12749,0.9906887
7431,5961,0.9809779
7967,12111,0.9793609
12683,16757,0.9866491
9568,8014,0.9930755
19606,11198,0.97755605
7870,20104,0.9888826
5627,5672,0.99213105
12905,4192,0.9774408
13345,12459,0.97893184
7725,1908,0.96608216
16979,10196,0.971731
14136,15522,0.9736492
18571,14562,0.99177295
10429,10427,0.9835512
16090,20185,0.9721043
14124,18668,0.94384867
14620,10765,0.9838725
9998,5672,0.99291116
9679,5622,0.9708018
10008,9999,0.9942403
8370,8371,0.9843382
10288,10282,0.99408495
5658,5659,0.9853881
9869,10451,0.9900017
9870,10453,0.9904789
19667,10070,0.9779886
3254,2268,0.98142517
7416,15484,0.9746704
10508,10820,0.9709053
6780,3599,0.9502621
18733,14045,0.93130195
14120,17117,0.980431
9520,9519,0.98759323
9122,9602,0.9921773
9095,9096,0.99349374
9109,9143,0.99009484
14629,9788,0.9799641
9661,11651,0.9888708
9607,10135,0.9834885
2831,2830,0.98444587
8564,13366,0.9800116
19514,5150,0.99333775
7795,19514,0.9934684
4671,4672,0.95992535
8885,8654,0.9604058
8795,8861,0.9783558
10091,5158,0.9814527
9080,5171,0.97895527
8334,8331,0.9807442
10600,10111,0.983949
10120,10121,0.98307943
17109,10410,0.98652005
20014,4810,0.98449254
10123,10605,0.98376817
13709,7108,0.98468345
15261,9851,0.52465016
10956,5852,0.98727196
19833,17778,0.9851429
9304,11633,0.99335253
10727,12656,0.994918
11482,12993,0.9844797
5354,15099,0.9875579
18010,18009,0.99296796
14431,11418,0.9180836
9366,9867,0.9947424
10640,10638,0.9759268
10667,10668,0.9727135
12226,19649,0.99044096
8539,18836,0.98772836
18372,14316,0.9827923
14300,19896,0.98367614
18827,2750,0.98548234
12730,5401,0.9930154
4287,11914,0.9841979
7201,3403,0.9571408
13123,6110,0.98846567
6373,7715,0.9681327
5843,18737,0.9855429
17135,11801,0.9756511
6546,11382,0.98079026
10732,18530,0.9755583
16775,13697,0.9837892
16260,5482,0.98483026
8687,19865,0.9911708
3298,6565,0.9938758
2371,6571,0.9671633
13829,13828,0.9942372
11337,19426,0.9565644
14424,4052,0.94074184
9640,13572,0.98682666
3697,7081,0.98619103
16852,8232,0.9737921
6458,19040,0.9885048
2737,14250,0.9882613
6687,6686,0.9853216
6688,6687,0.98545086
4112,15823,0.9419191
16286,6641,0.9849355
2060,16253,0.9844752
8274,9923,0.97972167
4139,4098,0.9757953
13496,18764,0.97215265
16902,6701,0.97617537
10858,12269,0.99413943
13953,17444,0.9821683
13439,19484,0.97913545
15719,13451,0.9877653
11080,11078,0.98156863
12979,7039,0.98308957
14909,4473,0.9844301
4011,4013,0.97138476
13462,17973,0.9831026
5041,12048,0.9765677
11695,7371,0.98185354
6273,4442,0.9797309
14673,15129,0.97622126
10328,11118,0.99045724
2286,17273,0.9886248
14817,13718,0.98656505
15803,6832,0.9875129
20272,6845,0.98554313
2761,9994,0.9604648
3432,3435,0.9742842
11357,4424,0.9796779
2547,2728,0.9470525
19135,15070,0.9902851
5412,15239,0.96483463
4382,4383,0.962397
17712,4224,0.9595864
19006,17712,0.96044356
4508,14451,0.97357327
5284,8476,0.96731746
18509,5017,0.9785563
10412,11225,0.9928712
11668,10708,0.9772903
11663,3278,0.9767445
15473,16979,0.9722944
16669,10725,0.98049563
13656,2709,0.9599289
18779,18738,0.9721871
10753,9541,0.99376243
6940,20183,0.8293186
11987,1918,0.97119504
17929,18152,0.95921046
18688,18137,0.98801
19256,8748,0.9711988
10868,15976,0.98073536
4434,10417,0.9875607
11528,12559,0.96777713
13489,12566,0.9610256
7271,17637,0.97210217
16746,8475,0.97535044
13615,16139,0.9841151
3846,17291,0.9861037
15780,17276,0.98852646
2147,14246,0.99148494
16773,7166,0.9868025
15764,12362,0.9976519
9638,9637,0.98431545
12698,19706,0.9806563
16512,15501,0.96431243
12247,12671,0.9886339
12132,12135,0.5213869
7347,5512,0.98391217
11894,2242,0.99134237
18648,13080,0.9615382
5859,5861,0.9921273
16052,20158,0.96292114
5111,8361,0.9647281
13180,13507,0.97772276
4890,20304,0.98840374
14390,19954,0.9667926
17682,10939,0.97590214
13254,8268,0.90372306
3740,19763,0.9952526
8178,5851,0.9872056
8199,13048,0.9838336
13508,12734,0.9396116
11939,9799,0.9740659
9270,9255,0.9792452
17980,4839,0.98531926
4569,8038,0.98204654
16230,18279,0.98727
19760,5818,0.9898357
18234,8352,0.99003476
16048,18607,0.9849917
8012,6201,0.98381144
8828,8752,0.9818295
5686,8065,0.98515123
12312,18684,0.96621567
14208,7975,0.9788092
2540,2542,0.9874233
8212,17217,0.9886565
11017,13699,0.98449004
13540,19753,0.98746103
8670,8671,0.98948634
8661,8669,0.98891324
8218,8058,0.9750132
8318,8218,0.9756488
10556,18183,0.97395825
20007,4689,0.9743138
8659,8660,0.9887166
10006,9531,0.98154944
11527,9230,0.9766986
5375,11732,0.97739434
14209,17716,0.8222044
5307,12587,0.97260135
10548,16099,0.98087275
16001,8343,0.98876524
4318,4315,0.98196614
16167,12715,0.99258024
13297,18288,0.9950212
17742,12179,0.9757574
16022,3605,0.9825487
18393,11127,0.97329414
8048,8234,0.9799657
1320,1334,0.9414748
9349,9350,0.9789878
8994,19067,0.9822212
2136,17771,0.9803883
16529,11135,0.98292345
6621,19768,0.9847749
19639,15738,0.9861297
13336,7079,0.964592
11568,15154,0.9853408
13516,8126,0.97656804
13666,2621,0.987822
13678,2620,0.98284644
1337,1336,0.9654106
18266,17231,0.99358267
18588,4900,0.9832161
11047,19323,0.9858431
16755,16556,0.98308015
19522,15488,0.9446668
18191,12278,0.96766317
8103,17517,0.9754857
12831,6649,0.989475
19322,18829,0.984082
15448,16447,0.97879934
17686,4266,0.97796214
20258,18763,0.9697603
16634,10300,0.99535596
15743,19060,0.9809255
9510,19144,0.99532807
18655,20179,0.9881435
9643,9152,0.9949862
6756,12816,0.98760754
18665,1899,0.98789483
501,1539,0.98845905
16703,10702,0.9936925
17298,2853,0.99000776
6355,6359,0.9867692
11915,13774,0.95154226
18503,5077,0.97753394
12293,12194,0.98083556
17655,20204,0.99199593
15201,19805,0.98879915
6629,12571,0.96028423
2812,2264,0.9876604
6901,12435,0.9502747
9030,8846,0.9943257
2900,2756,0.9885611
18330,18300,0.99255097
19943,18003,0.72941315
8104,17487,0.97604614
11703,5822,0.958927
4516,3483,0.9662149
19459,15901,0.96753335
9863,17102,0.9672161
9132,10874,0.9771419
15338,3205,0.96501297
18921,11455,0.9850952
6306,8605,0.9836337
7397,15443,0.9695939
17998,17981,0.9888553
6527,11527,0.9782617
9836,9840,0.994369
17520,15488,0.9810145
18930,3712,0.9751051
13244,6424,0.97573245
4480,4478,0.96064043
4563,14917,0.9602345
6951,18417,0.9735677
15862,13894,0.95330876
17622,16105,0.9756619
19282,15727,0.9788377
8953,19635,0.95679146
15627,19176,0.9877238
3012,14857,0.9797881
3883,3885,0.97012156
4500,4499,0.9729974
4096,7482,0.96238923
19436,14902,0.96145946
13220,15750,0.95584536
20233,17459,0.9751101
5874,5872,0.9926789
6250,12205,0.9623934
18315,18822,0.98611206
15181,20216,0.9666527
16231,5206,0.9599739
2125,11634,0.9932627
13833,5531,0.99204624
15954,13722,0.97342944
15704,19602,0.97833085
8765,10392,0.9709316
16982,15991,0.9736143
6473,2316,0.9902328
13102,2236,0.9851745
6212,7474,0.9786295
5226,19644,0.9768438
1040,1039,0.9932399
17249,17680,0.9853079
1926,19073,0.9895001
15332,14353,0.9656423
1023,1024,0.9896541
6662,12580,0.9671098
8728,8608,0.97993463
14154,5374,0.9718687
2034,2128,0.9815435
18605,13254,0.838254
2281,18349,0.98467124
10810,8732,0.9627783
16825,2715,0.988942
4317,4303,0.97838116
17300,2843,0.99120706
2956,2957,0.9724362
16441,19477,0.98610187
11399,4062,0.96818596
14921,12926,0.9893148
12536,18273,0.9920019
19917,18413,0.9559371
17046,18060,0.9791139
2542,14277,0.98071104
14756,19836,0.98788315
7387,11359,0.9722714
1764,1765,0.99100095
15847,6467,0.9888031
8237,13331,0.9727772
4120,14440,0.9628391
19947,18433,0.96818966
17395,6950,0.96129143
11267,17894,0.9753838
8156,10945,0.98306155
3007,19908,0.9815398
5199,2648,0.9919968
1960,19394,0.97219694
18533,18018,0.96706253
3669,11969,0.98353034
14879,14878,0.9839528
2603,7733,0.98226446
3284,13335,0.97006613
17935,15873,0.9708321
19018,20005,0.9827759
11504,5602,0.9881291
10555,7784,0.9837998
14673,19704,0.9765003
18701,14504,0.97605145
6606,9548,0.9770454
16650,10396,0.98115057
10095,14483,0.9828751
12955,19017,0.9848904
14743,15208,0.98808926
6494,17809,0.98447025
4980,4979,0.98670095
9430,9422,0.9922059
17409,14948,0.98586094
16247,11502,0.98797417
12317,7131,0.9831927
15457,11918,0.9867039
14071,6022,0.9817824
18998,15910,0.98197734
6127,6091,0.98508286
15481,18001,0.9813163
5056,10378,0.98947877
19523,14985,0.9836885
10147,7558,0.9841203
20147,6880,0.9717515
1189,1192,0.99143934
13571,16087,0.9532195
13989,7599,0.97494304
15227,12683,0.98470646
13217,14138,0.9865139
6419,13475,0.97969306
6504,13466,0.9892492
16995,3136,0.99447304
4465,18772,0.99344903
15696,20004,0.98130554
15786,14346,0.98285186
10302,7023,0.98386073
8576,9298,0.98207194
14716,15170,0.97367823
14428,18981,0.9862059
13807,3217,0.9690369
15722,7971,0.99019825
10573,6728,0.98415285
12319,15741,0.9800514
6171,7456,0.9699883
19550,20163,0.9839325
1893,7955,0.9804643
13486,6342,0.9935927
19043,7529,0.99018234
18671,16103,0.9788302
9177,9184,0.9915452
20108,14562,0.9900921
15812,7210,0.99522877
17951,16907,0.96889335
19335,10038,0.97712666
17968,18966,0.97566867
9173,5230,0.9938471
18293,3169,0.97292435
10620,10619,0.97290266
14030,20057,0.9807226
6699,14532,0.9790714
6608,6607,0.9527481
6329,1904,0.9842009
18221,17186,0.9941586
4789,20301,0.9758212
4769,14468,0.9719553
13404,4133,0.9610976
15892,4486,0.962054
12001,19459,0.9660206
12060,18999,0.98163867
4841,7574,0.9762605
14492,14896,0.98207355
13439,12508,0.9798829
5083,5010,0.988204
17502,17015,0.96342856
14686,18181,0.98031837
5214,19297,0.97416955
5443,14506,0.9921417
14153,13693,0.9610865
9656,9655,0.98195386
7260,19959,0.93997157
12885,3779,0.9461915
14826,3124,0.9768082
4744,12922,0.9905934
15947,5722,0.97456294
10009,3572,0.9502623
18733,12625,0.95453185
7673,8517,0.97981364
3183,3195,0.97216403
3116,4059,0.97343487
14908,14919,0.9850916
15937,11393,0.98283064
16662,18211,0.9798213
5201,17440,0.9782146
16477,15472,0.9930327
10519,10490,0.98174745
2140,10782,0.9803098
6133,20037,0.9919654
20148,20143,0.97710073
6718,9788,0.9799209
5217,12332,0.9940696
6142,18813,0.97445166
9678,20186,0.9885923
14035,19200,0.9884256
19864,16189,0.9893388
225,224,0.9844742
1187,1189,0.9916466
14514,13980,0.971348
5991,13755,0.9792793
18859,19340,0.99105036
5129,5130,0.98540944
8741,8762,0.984002
10467,19035,0.9590611
5285,14045,0.9643733
16143,17565,0.9917966
14059,15709,0.9859439
5122,8737,0.98208356
10477,19051,0.9928208
1881,6042,0.9715476
16407,10060,0.97081774
12483,15417,0.9734124
14463,18993,0.98641217
4850,12075,0.974288
233,232,0.98962444
19199,19051,0.992975
15982,18539,0.9237901
8221,6587,0.97130525
10584,5197,0.9923624
5337,4637,0.99121654
5690,1857,0.9918875
19569,7904,0.99156874
3546,12879,0.98263204
3293,13795,0.97064126
7667,15453,0.9785382
19628,13546,0.96293277
14876,7264,0.9543633
8491,11145,0.96636313
3151,14824,0.97805035
8574,8271,0.9648103
8682,8690,0.9931865
8882,5143,0.97549236
3691,6783,0.91316104
11302,11508,0.9914296
2155,6719,0.97655517
10999,8172,0.99407107
7510,7645,0.9948087
6310,6172,0.9806112
11502,10714,0.9873524
7503,12643,0.9813146
18511,12088,0.9786975
5004,8013,0.99520063
14544,7968,0.9930252
15237,8208,0.99308735
17731,18139,0.9801161
17175,3558,0.9712196
17175,18738,0.9718892
5433,5671,0.9665138
15088,15087,0.9794112
5738,10620,0.9735898
5626,5625,0.99310875
18661,15084,0.9717216
10076,10588,0.98936266
15471,16975,0.9711287
7058,6558,0.9714788
10587,5629,0.97648484
10538,16614,0.9795154
10430,18230,0.9928992
8325,14069,0.972273
18307,7895,0.9837586
10288,10284,0.99425757
9838,9833,0.97221684
10419,10370,0.9715234
10369,9806,0.97552276
9480,9479,0.9892853
9128,7810,0.99155337
9530,9547,0.99419713
9906,14624,0.98663527
17315,17334,0.97748214
9472,9462,0.99375725
8564,13384,0.97981435
9044,9045,0.969709
8377,11081,0.9794911
19617,8735,0.97299147
18606,12207,0.9841038
17579,19621,0.97930807
8800,9014,0.98047996
10623,10625,0.9842913
10578,5429,0.983946
10124,10123,0.9838388
7109,13709,0.98468834
4076,18429,0.96218216
12220,17089,0.9905573
17466,15808,0.9698269
13003,7119,0.97297215
4591,12280,0.95781547
17440,15926,0.9785195
18445,16342,0.9710943
16677,16671,0.9812919
17827,17893,0.9808383
13991,6770,0.9949238
10594,7919,0.97278184
16971,10158,0.9828903
5744,5745,0.9880806
10224,19153,0.98379403
8412,8414,0.98535895
9264,9216,0.9941194
18356,19873,0.98425275
17482,20074,0.97058153
8369,8762,0.9839197
11795,19827,0.95731
15328,18395,0.98320884
10540,2925,0.98336583
19895,3732,0.9835323
15300,12395,0.99373007
11172,5228,0.9868749
4295,4294,0.9899121
9926,9942,0.97501636
19493,14474,0.97564584
4191,4190,0.97823024
7998,15530,0.9904413
16456,15481,0.98041266
12973,16939,0.9821739
12919,7062,0.9557063
6866,7292,0.9687667
8137,7163,0.9955107
4006,7352,0.95098823
4553,14357,0.9746303
4984,17437,0.9872177
15944,14454,0.9831445
18446,3901,0.9772819
10047,18667,0.9827617
11653,14124,0.9836601
15354,17615,0.97931594
10057,14122,0.9717875
11122,2335,0.9893014
15289,12387,0.9879546
15758,17786,0.9838959
6763,13270,0.9905579
7457,10653,0.98139197
10469,9900,0.9461981
17107,9434,0.9747515
13570,9912,0.9702068
16950,15945,0.97758794
13921,12045,0.97910315
4954,14012,0.9887382
15475,19524,0.9869551
10083,4598,0.9820634
18013,16993,0.9636147
11938,7588,0.9738513
4864,4863,0.9815987
4694,13447,0.98322314
14952,4493,0.9796753
16471,7678,0.9845968
5102,6131,0.9856451
7053,18021,0.98403174
6372,6371,0.9643091
7392,7393,0.96829814
6117,20334,0.987912
6402,6399,0.98768204
18597,14991,0.9750735
5249,5270,0.9646652
6362,19330,0.9884431
9850,19584,0.99078465
2749,2750,0.9709065
6268,18522,0.9729056
20286,3563,0.9622589
7304,3424,0.9764276
19038,16530,0.98760974
14795,2669,0.9956232
3024,17861,0.99142444
19360,19367,0.9716637
16561,15913,0.9761573
13884,14865,0.9765728
13323,12456,0.95257574
12817,19386,0.98442787
18750,9961,0.97283417
6552,19035,0.9889691
18537,4630,0.9827267
7589,15973,0.9772296
3083,16842,0.9848638
15525,13732,0.97822124
2833,11197,0.97007036
11197,15791,0.9705401
7494,3434,0.972089
18993,4705,0.98671615
9226,5246,0.96335477
5470,5697,0.987578
16829,13751,0.9879026
12659,9293,0.9929733
7485,15487,0.97883683
18717,11694,0.98157483
9290,15068,0.99368554
18628,12303,0.9830905
8000,1859,0.99463516
13871,4820,0.96396536
6802,15442,0.96985257
16425,12918,0.96106416
6392,17135,0.97536916
12001,4066,0.9652003
15260,12370,0.9837278
14442,4513,0.96142334
7106,4802,0.98067594
15403,6915,0.9626301
11390,12960,0.9831203
15921,19490,0.97917616
13963,19513,0.98222786
1864,13647,0.9941884
8580,6057,0.9746572
3622,12416,0.98577154
11671,15626,0.97592545
8764,8763,0.9846976
5135,5460,0.98352724
18088,15034,0.9932152
11585,14657,0.97345203
7879,16892,0.96503174
11922,11235,0.9901097
13687,3845,0.98637056
10392,12716,0.964594
2388,17213,0.9886021
7728,7730,0.97311926
19007,4928,0.9788249
6789,18364,0.96539634
18190,19232,0.9606619
13489,4849,0.960467
18992,5952,0.9736058
10079,3386,0.9939681
10073,10078,0.9936562
19985,4439,0.9594193
4132,14891,0.96054286
6500,5205,0.98077595
17677,12683,0.9880249
3134,5409,0.980357
15239,7921,0.96757567
18610,18089,0.98931926
2350,18721,0.97026396
18845,13251,0.9891627
12811,16278,0.9860517
9636,9639,0.9841599
17476,10473,0.9669815
11538,15993,0.98173654
7846,7789,0.98304707
6559,19547,0.9850299
3651,17124,0.97713965
18650,18180,0.96058244
12664,12231,0.96183133
9573,5274,0.95332307
11645,13079,0.960265
7855,8134,0.9781487
12954,4929,0.9845222
10791,14970,0.977629
5332,2015,0.9599315
11087,11090,0.98024404
5872,9063,0.99327105
12193,5081,0.9593414
17193,8245,0.9864991
20119,16532,0.98765546
11592,14074,0.98842525
19242,14229,0.98716843
17841,14766,0.9974389
7882,6542,0.9833552
11113,15861,0.9276212
6498,19232,0.96261805
18245,12174,0.9652666
19775,12100,0.96485037
10580,10579,0.98404956
9241,10903,0.99504507
8297,16532,0.9874528
12180,18239,0.78522867
11520,3611,0.9814979
8364,8731,0.97690123
10900,9233,0.9768585
11887,9234,0.97689235
10156,8344,0.9758823
19908,2703,0.9817297
3406,3404,0.9941407
18272,14711,0.98839116
2587,14937,0.8923637
7712,6334,0.97809166
1956,8113,0.9871187
18670,10130,0.9604498
5883,3004,0.9803939
17526,13187,0.973738
5772,18039,0.959818
11580,16045,0.9862308
1603,1602,0.99056715
8576,8963,0.98297036
18288,14819,0.995146
14054,15716,0.97816396
11307,10167,0.9849978
9543,19815,0.9817545
16700,8501,0.971015
11757,4341,0.98249465
17786,5535,0.98384964
5247,11363,0.99263775
17392,4179,0.9796723
13415,14899,0.9738898
16893,7272,0.9734041
12103,7723,0.9839315
7534,7546,0.9778194
11224,14803,0.988313
15190,18201,0.99231744
16324,18749,0.98581415
5408,2641,0.95155054
2217,5012,0.99433434
10489,10495,0.98041487
490,488,0.9519193
12185,7877,0.9888136
10949,19773,0.9921313
18368,18863,0.9837536
5877,16315,0.9885511
19362,2786,0.9936568
1649,1652,0.98954785
15605,15604,0.997038
16899,15878,0.9802561
10022,15448,0.9772394
10134,7641,0.9772918
16569,8347,0.9723255
8030,16225,0.9833566
16801,2407,0.9881776
18058,18251,0.9791337
12994,8027,0.9599801
3031,12839,0.98305374
6894,9068,0.98054457
1359,619,0.99101907
5912,19259,0.9899434
619,1358,0.99103844
6971,19998,0.98283905
2429,2423,0.9791485
11881,11880,0.9743447
9586,9587,0.97933847
13743,16684,0.9857993
5246,5250,0.96430635
10443,19719,0.95523095
20075,14047,0.96782327
7835,14047,0.96257555
15685,10670,0.98058355
7097,7096,0.9644201
5294,3648,0.97839636
6920,4293,0.9799953
4306,2494,0.97209555
3712,3713,0.9748375
9585,9104,0.979675
18003,17454,0.9893
17221,13527,0.98627484
8627,13006,0.98781395
12808,17273,0.9888686
18820,7476,0.98878944
4405,4402,0.98076963
10876,9149,0.97753555
13794,3273,0.98284596
4244,4243,0.9767576
7136,12416,0.9858533
11297,18389,0.9475983
13742,2693,0.9631583
12023,12011,0.9604856
12027,16924,0.977814
14865,6889,0.97674847
4618,12925,0.9836294
2315,13726,0.9771828
6531,3442,0.9653067
15372,18916,0.9653819
16522,7806,0.9625598
15345,6934,0.98609936
12948,12074,0.9650554
12783,13219,0.9754342
20276,20165,0.9889247
13499,7685,0.9857891
11467,10721,0.9782868
4414,13621,0.9678056
19934,14850,0.98470867
7060,3577,0.976395
12059,4704,0.96535826
11222,15955,0.9807942
6510,20252,0.95901275
8972,10353,0.9802058
5545,18314,0.9865811
5208,1876,0.97214496
5913,5911,0.9742009
16590,14067,0.96998614
14287,2758,0.96673363
13166,17419,0.9774704
15437,4094,0.9723012
11808,18359,0.95336854
16573,5357,0.97939223
15431,14870,0.9782015
13444,7216,0.97217983
14538,15514,0.96270514
5298,8615,0.9733819
19122,20232,0.98047686
18118,12239,0.929716
14069,8443,0.97110254
5574,5474,0.9850262
15231,5055,0.98440206
4147,15135,0.9843168
9540,11755,0.97998434
6352,10450,0.94322187
3557,5822,0.9750181
6839,16796,0.97684324
8390,8389,0.99368334
2524,11853,0.9667859
14401,13782,0.98612124
3393,4295,0.9903685
4279,4270,0.98107684
13696,7759,0.98383856
17785,6211,0.9901101
19313,10999,0.99297994
8740,8727,0.97983253
1172,1174,0.9918424
14358,19461,0.9840757
11166,17823,0.9623123
13780,12420,0.96525925
14287,12833,0.9670391
14929,4716,0.9609008
15326,12415,0.97513086
14841,19395,0.9751163
14241,2690,0.98626906
14859,3489,0.9568374
14935,17978,0.9581037
8514,3784,0.9845145
14939,10991,0.96616834
15851,6740,0.97562486
19280,17857,0.97853523
13410,13455,0.987222
3256,3253,0.97326034
15582,7569,0.94996995
12461,3794,0.9714508
18413,14398,0.9534659
3698,12896,0.9766663
19155,6444,0.9759216
18937,11324,0.9731714
13950,12501,0.9773183
9548,10321,0.9753488
11990,10730,0.9801477
16497,18629,0.98579884
18187,14883,0.97726476
14883,15658,0.97720045
8105,17491,0.97613394
15990,14992,0.9812759
3141,3140,0.9700468
10411,10285,0.99307775
19528,20068,0.9734082
10861,5895,0.9737708
2024,5119,0.9716367
419,418,0.84876865
11769,19599,0.9699911
5243,14053,0.7152992
17669,3065,0.9575069
3606,12767,0.9776419
8523,3561,0.981048
9100,5112,0.99032426
10016,7005,0.98143965
6159,20038,0.99235135
13511,14008,0.98835605
15492,12771,0.9904737
14368,13959,0.9800606
10378,6308,0.9894694
14536,7962,0.967606
19151,20344,0.98067576
19105,8400,0.97751504
11282,14854,0.99267864
12781,12334,0.9946061
7192,12803,0.941259
16928,4536,0.97502875
15886,4139,0.97728467
4103,4139,0.9774775
18873,3247,0.98055434
13912,16711,0.95491016
10246,15156,0.97526395
5220,5219,0.9774955
7974,15503,0.9878104
13315,18410,0.97305286
18986,15901,0.96822876
14661,14675,0.9800222
7753,4780,0.9787602
4877,12519,0.9886459
11543,17015,0.96371955
7044,4076,0.96422786
13111,12713,0.98118824
18189,5437,0.981044
9051,17587,0.9778496
17582,9031,0.97826844
16664,5682,0.9756748
4880,12280,0.95724666
3790,11323,0.97241926
17381,9915,0.98392606
18514,19518,0.9867454
17727,16216,0.9856668
5884,5570,0.96170825
6632,10510,0.95942307
4944,4938,0.98759717
7849,6724,0.9792058
19510,20029,0.9869146
2167,7518,0.9900039
6572,2356,0.9789267
16477,5152,0.99316025
7744,12163,0.9817391
13998,17971,0.99284667
9897,15637,0.98521125
14009,7659,0.9675166
5129,8745,0.9854791
7240,7241,0.9740781
16933,7638,0.98119074
17012,7973,0.97881967
7656,16519,0.97367346
16107,5418,0.98675585
12459,19949,0.9790147
18015,12991,0.9729354
3383,4969,0.97361606
13441,14943,0.98444474
5139,7043,0.98373115
8721,5125,0.98088616
1923,11683,0.9925776
17627,13838,0.97683275
16018,12343,0.97452503
2272,14578,0.97286206
10866,17754,0.98985505
8146,11307,0.9817492
15734,17202,0.9882444
20125,20267,0.9866095
8591,6270,0.9842481
20004,10016,0.9810049
8763,8633,0.98562026
11702,8154,0.98433846
19498,19488,0.9773006
15094,10249,0.97964096
8484,8483,0.9631512
8892,8483,0.96325874
20155,8917,0.96738136
16059,15572,0.9784243
8575,8573,0.9760285
8948,9280,0.98656416
8405,8664,0.98061234
8681,8439,0.9929467
8646,8383,0.9933785
11152,11079,0.993796
8837,5148,0.97540516
7955,8250,0.9806537
13992,13753,0.97054636
20332,19574,0.9904806
3993,15584,0.99421895
14509,15960,0.9700047
1986,18738,0.97380644
11240,18190,0.9501503
9285,9277,0.9930146
10935,5674,0.9928556
2361,14124,0.9835623
10017,18666,0.98584783
16090,20183,0.96705854
9186,9187,0.98249394
13962,13129,0.9407117
9689,10210,0.98929006
10281,10282,0.9938167
10255,10257,0.9938199
5739,5738,0.9738003
10499,5644,0.9830619
5313,4272,0.9878963
5645,10451,0.989475
17120,16617,0.97607064
16616,15615,0.9776913
15614,10755,0.9782274
14642,9570,0.97834706
9421,9429,0.99210805
9910,9135,0.99433714
9120,9113,0.9924999
20148,8767,0.9798599
15079,19659,0.9855468
10494,9917,0.98792994
2306,2588,0.9643057
9397,9493,0.99173826
7688,7690,0.96981883
4671,7689,0.9586908
8812,5167,0.97243506
8380,8650,0.9633313
7960,16468,0.99175173
9921,10499,0.98240536
13886,13887,0.9783488
8840,13063,0.9800702
8286,10599,0.98470485
16211,15714,0.9916666
6524,16798,0.9847611
19339,8621,0.98347765
9378,6270,0.9838434
17737,12828,0.9902208
13072,12220,0.9945911
19745,13646,0.9837668
10469,9892,0.946152
10468,9891,0.9467923
13262,12879,0.9827832
5505,15756,0.9716888
10825,11910,0.9906371
2952,18470,0.9788619
11823,17824,0.9880604
20068,12162,0.9781594
17536,13531,0.99651414
17313,18883,0.9950635
10641,10640,0.9758596
18326,11069,0.98433036
16119,19895,0.98366606
16823,12397,0.9940731
11627,18585,0.99233186
9654,12846,0.98700666
2813,2803,0.9853021
6984,13869,0.9499137
15365,19867,0.98731834
3564,11970,0.982061
9942,9437,0.97506374
4309,4301,0.97305465
13413,7434,0.976709
12452,17348,0.98570585
17923,3761,0.9702655
6460,6459,0.97796816
18527,13978,0.97167045
17468,18527,0.9710292
6671,11100,0.9840156
2824,2832,0.9851726
3329,4342,0.9941881
5871,5873,0.9712579
6808,16418,0.96424717
15315,9743,0.9877622
17866,19941,0.98615396
19430,6886,0.9518314
3776,18441,0.96840805
2736,2738,0.9879386
12412,5988,0.98775
19860,5828,0.9870258
12374,5769,0.9942934
2451,17310,0.99206734
4049,15401,0.95733774
7185,7370,0.95869213
19030,6381,0.96722835
19433,4380,0.9637264
2405,16286,0.9847245
8537,8538,0.985024
6753,4172,0.98346263
13293,14305,0.9798608
16612,10360,0.9646244
17977,4780,0.9785685
4787,12045,0.9799642
6783,7247,0.95321643
13468,7170,0.98004824
12511,20031,0.9829086
14454,15700,0.9826583
13447,4899,0.98338723
12514,10063,0.98353666
5514,5838,0.9811225
9877,10458,0.9889824
6594,5842,0.98125297
7368,4233,0.98278505
11511,7778,0.98514396
17673,4503,0.980648
10204,18518,0.9805022
2993,11361,0.9691422
18240,14315,0.9686443
9062,9030,0.9942333
7491,17464,0.9693711
10655,10222,0.990569
5666,6111,0.988063
6114,6115,0.98772997
10214,5750,0.9899541
3033,3032,0.98941004
11230,5546,0.9890777
16841,20277,0.98819864
5496,8622,0.98412377
5617,6356,0.98837435
6356,2218,0.98830193
2762,2398,0.9890233
16337,3068,0.9925057
13883,3586,0.97981375
8220,12427,0.9452302
3340,11936,0.9651602
10516,18188,0.974008
19634,14091,0.9736381
12043,8823,0.9603736
17078,4939,0.9948447
5997,18082,0.9627673
3107,3585,0.98707134
11897,6872,0.986299
16870,14852,0.9684892
13873,3301,0.9902576
11258,13323,0.9516829
16377,11941,0.9798892
15844,15843,0.9889515
13798,6215,0.9768962
14365,7494,0.98352057
2755,18365,0.966594
13844,2170,0.9930447
19782,5352,0.9751286
9884,10460,0.98923457
7473,19986,0.9651074
14433,11357,0.97945374
12012,4252,0.9632542
18969,12012,0.9642041
9022,10707,0.9838732
17108,16084,0.9957065
3648,3649,0.9784172
15439,4707,0.9671527
17534,15191,0.98509187
7905,13647,0.99424535
15330,15829,0.97839147
2544,2468,0.95851207
8283,19277,0.96476924
3763,3762,0.97154903
12946,4823,0.9600329
6954,17950,0.96711004
4802,4829,0.9803946
16419,4420,0.97634584
13914,4188,0.9756874
7221,13896,0.9718071
7380,4079,0.9433565
15917,20173,0.96888566
14698,16699,0.98850167
12251,20356,0.9894188
10439,10489,0.9807099
15333,18388,0.9901933
15820,19381,0.9913282
10958,10695,0.98962563
11900,11308,0.9819649
14303,5820,0.99260724
5127,8764,0.98447996
16789,2174,0.9767086
17153,19203,0.9699856
2645,3167,0.9726791
11556,11557,0.9603031
11959,15626,0.9754867
3814,10408,0.9709109
13095,20207,0.9804499
11671,12035,0.976334
20210,15623,0.9778746
4924,4928,0.9784118
2163,2175,0.9753236
19331,17292,0.96868426
14092,11685,0.96893054
2431,16771,0.97916645
17859,15334,0.98848313
19915,5976,0.9811256
6645,6633,0.96932137
10189,2350,0.97649604
12967,12757,0.9706242
6393,6760,0.98887336
10526,6081,0.9874041
11168,19869,0.9906577
20260,15115,0.9835286
9023,9026,0.97233105
5800,2574,0.97358036
19824,17264,0.98825085
6559,16996,0.98480356
14967,19124,0.97353303
14271,13727,0.9696278
15775,14271,0.96924603
12664,17103,0.9623272
12616,20229,0.9642254
10568,10035,0.97569805
2240,5582,0.98105925
5124,5123,0.98173827
5892,2148,0.99174845
5834,5833,0.98272705
18091,17075,0.9829437
13542,15568,0.9803268
17566,16584,0.9816772
16206,19774,0.98078316
19739,10883,0.977004
15989,14184,0.9902367
5312,15182,0.970304
17418,7272,0.9729575
1889,19601,0.9769155
14448,14449,0.9744207
6704,13867,0.9674017
10145,5734,0.977079
10041,10006,0.9816684
5326,16192,0.9912595
6006,6004,0.9822076
4554,2525,0.99221873
12783,6058,0.97561216
19067,16755,0.98264897
19147,9437,0.97486997
9835,3287,0.98326933
3399,13047,0.9869667
4247,7268,0.97956365
8066,7938,0.9856278
14831,12179,0.97533876
11287,15707,0.96415496
1770,1769,0.98893213
18301,18834,0.98563933
8268,13152,0.98216724
12329,14700,0.85948366
18060,8023,0.9807171
5625,5627,0.9921504
15661,14013,0.9551394
3689,6066,0.9645759
10433,6353,0.96092397
16137,19568,0.8923547
15996,15168,0.9804786
12405,12404,0.98566866
5665,10459,0.9900395
5562,17842,0.99132615
19572,17159,0.9879857
16951,15103,0.980892
17423,12078,0.9859206
7359,12771,0.9938304
8298,15208,0.98811823
13168,16227,0.9696879
18372,6015,0.9828713
7435,6947,0.98928857
5341,14130,0.99321634
5416,7908,0.9751902
5553,8582,0.9934981
2095,13717,0.9921113
5254,5260,0.9706454
19346,17818,0.9940719
9171,9668,0.99380255
7263,19420,0.94802827
13453,4772,0.98509306
6744,6279,0.9904631
9139,9138,0.9928893
16378,19825,0.97368115
6647,2481,0.9877443
6714,17282,0.98512715
13728,2398,0.98027873
17792,2880,0.9895014
16100,16101,0.9568372
17733,12296,0.9785256
16011,13507,0.9775974
1140,1142,0.98351294
12172,13532,0.988897
16596,5632,0.99234664
17273,19298,0.9888598
2962,2940,0.9692486
6362,6355,0.9885384
6362,6356,0.98857135
19582,17236,0.9761707
1085,1083,0.98274475
6232,18700,0.98966074
6260,14649,0.9758052
6651,6656,0.98607963
19920,13794,0.985149
5277,5158,0.9811647
19921,19920,0.988942
15787,15783,0.98492044
17826,2996,0.96684706
4316,4279,0.97884595
9601,5542,0.98419833
20263,12354,0.9958189
7192,6404,0.97906196
4274,11241,0.988518
10468,13316,0.94723636
13426,14455,0.97401875
13882,8568,0.9636467
18148,10819,0.9693756
19178,15123,0.98955953
18955,4062,0.9748809
17102,16086,0.9672345
6753,2628,0.9827711
2415,2416,0.96795493
12863,6963,0.9770297
17295,16329,0.95731515
6418,5512,0.9842799
12877,3446,0.97574276
3446,8240,0.97567683
3447,18427,0.97553444
16914,17123,0.98527235
13913,12480,0.97210205
15394,14415,0.97616655
15654,12972,0.96102923
13915,14437,0.9700108
14484,16465,0.9771847
15922,12066,0.98650277
16924,18216,0.9823867
14460,19471,0.96714485
4825,4779,0.97490025
4206,4207,0.9642152
12469,14421,0.96681386
12861,7202,0.9749439
10824,14633,0.9748252
15586,15055,0.93916863
6246,17842,0.9902057
6121,11346,0.9761451
14152,18703,0.9789661
13642,17460,0.9453938
19454,13694,0.95197344
12911,4319,0.9623896
14900,4322,0.96518564
15750,14236,0.95941067
19637,18059,0.97774875
4145,6937,0.9713589
15449,13412,0.972223
15899,4122,0.97156054
4123,12921,0.97190034
8867,8873,0.9741905
17806,20116,0.9947202
18357,8753,0.9911521
5604,7280,0.9888276
16045,10700,0.9856125
15468,17648,0.98725617
2683,15299,0.9733812
10989,16328,0.97556335
8175,15548,0.9870178
17112,10930,0.78539187
12210,13543,0.97828376
17072,18090,0.97749674
6211,4941,0.99015397
16556,15698,0.98344594
344,342,0.99972695
17710,13644,0.9856113
5311,18861,0.9616401
2067,2055,0.9942555
14010,16002,0.96277404
5720,4686,0.9747404
13020,7935,0.97412443
1957,12986,0.9839003
19790,1852,0.98294556
2226,18833,0.9923881
6534,6532,0.9683907
8388,8390,0.9936795
15797,11218,0.99673426
14264,19352,0.9972439
6809,9685,0.9683524
2900,2812,0.9630633
1346,800,0.9909623
2716,2717,0.989052
4217,4214,0.97525984
6946,6947,0.98940724
8043,5038,0.9701043
16417,4095,0.9773283
10060,17435,0.97069126
16927,16429,0.96387434
12921,4487,0.97192353
7312,18324,0.9707529
15375,7088,0.9698457
17331,13780,0.96365666
12968,7333,0.9751356
6793,2657,0.98917514
13328,16871,0.9889023
13868,11269,0.9646002
5401,14701,0.99410146
12055,4076,0.96275425
14844,15837,0.96412617
13868,6693,0.96452147
11354,12018,0.96083176
12482,18467,0.96723515
13302,5606,0.9883464
13333,16876,0.98469144
6122,11346,0.9756876
3241,16860,0.9741641
16863,3241,0.97373134
18711,7440,0.9862686
1892,7569,0.96088755
17444,7342,0.9814184
7232,3794,0.97105926
19432,7384,0.95660084
19131,12656,0.99548185
14472,18801,0.986608
15971,20039,0.9772182
14966,16487,0.98005575
9860,9590,0.9795242
11413,16970,0.97930694
9551,9552,0.97924876
9428,9431,0.9920094
13447,12979,0.9829028
2357,6617,0.9784572
15874,3677,0.976529
4595,17409,0.9839864
5040,12341,0.98834306
9058,9059,0.97864383
9769,14327,0.9756801
9067,13363,0.984992
14665,14129,0.99321955
11600,15557,0.99316263
16665,18718,0.96436965
4391,14135,0.97674596
12004,17387,0.9695207
12601,14037,0.9764489
11518,15972,0.98279345
17486,5201,0.97782123
890,310,0.94145817
11421,17083,0.7450089
19607,17237,0.9871399
18773,12590,0.9732587
11472,18133,0.9814902
5159,9037,0.9817576
5857,18351,0.98569775
16159,2599,0.97623605
15907,18994,0.99005413
6375,5266,0.9948815
18567,5911,0.9755711
20025,7245,0.9677135
12090,20068,0.974556
15952,16486,0.9670574
16675,19724,0.9823475
16507,13483,0.9834826
12542,11607,0.9808084
16967,2559,0.98753
16493,19519,0.9900547
4256,7246,0.99434704
12186,14381,0.98524505
17009,17006,0.993903
16019,19088,0.79955703
14062,10593,0.93395495
2017,17666,0.98713976
8632,5459,0.98656857
8656,8703,0.9664581
19261,12284,0.97661316
15938,6695,0.9706188
2945,14304,0.9719671
15383,3643,0.9781626
15957,16694,0.9821504
11751,7968,0.9908098
14085,7811,0.9800703
7811,12182,0.98022676
8011,20092,0.9884907
17614,9820,0.9492438
19657,18671,0.97917664
14854,7012,0.9928268
18645,11644,0.99258
6406,2404,0.8532012
6841,18879,0.99404883
15823,11424,0.9473732
17610,3970,0.99317473
11980,14867,0.97554785
2570,11304,0.9821837
6421,11164,0.98616135
14967,19527,0.9737604
10790,18561,0.97967625
3704,16355,0.9844928
6834,3836,0.9859896
8911,14596,0.96469414
12965,13445,0.9805428
4958,4944,0.98765975
12598,16505,0.9562114
11489,2979,0.97688633
16748,3602,0.9882974
3748,6813,0.97041166
16662,10474,0.97922325
15366,12254,0.99771935
7335,6087,0.9754901
14658,18803,0.98985463
15498,19546,0.9782925
15742,6538,0.97423357
11995,13401,0.9924596
15472,19061,0.9929605
18997,13927,0.9833641
8919,16497,0.9859059
18027,7679,0.9763545
6253,2643,0.9850699
12568,17482,0.970193
13308,16758,0.98900163
12103,7724,0.98375964
14082,16509,0.9832723
17127,20187,0.9849338
12143,15632,0.98825884
8798,8797,0.9954288
14191,10633,0.97130245
19678,12579,0.97614986
20084,11788,0.9729003
11234,14512,0.9979208
3180,15589,0.98099273
5450,18269,0.97817504
16227,13516,0.9773186
17734,5943,0.9718113
903,902,0.7908203
17983,7269,0.9802295
2019,12638,0.9692684
9926,9432,0.9740568
13500,12575,0.97715056
5931,5930,0.9697362
18642,19688,0.98258
14571,19410,0.4986757
9284,8949,0.9818933
8655,8403,0.9936826
19802,17187,0.98552597
8871,8761,0.9729777
10806,8760,0.9676949
14593,14592,0.9947172
5712,10616,0.99294746
10629,10628,0.9928109
9735,5238,0.9644762
9854,18111,0.9685032
7430,7431,0.9808981
19410,18535,0.99355173
19084,5629,0.99091816
2614,8790,0.9735151
13535,11198,0.9776367
14173,18624,0.993189
5713,11040,0.98333126
7871,19057,0.98893064
20104,8011,0.98878175
6940,10136,0.9848964
11885,19388,0.97942275
5675,5679,0.95291156
10590,5704,0.96990675
5702,5700,0.98286575
5742,14640,0.9853741
17439,12509,0.98035884
5702,10586,0.9179719
5714,5726,0.97288
10259,5619,0.9908097
9846,10424,0.99124104
5715,5714,0.9729691
246,36,0.9926407
18129,14627,0.9805942
6144,7252,0.9650083
10778,5629,0.99184287
4089,10255,0.99349207
10252,9704,0.9924919
4085,4087,0.9928699
7437,4085,0.99255955
5657,5658,0.9849303
17611,10595,0.97661114
2876,17617,0.97722936
19667,14636,0.97797877
9933,9420,0.9942006
3731,19912,0.9737458
8893,6347,0.9803523
15447,5118,0.9816373
7286,5024,0.9773496
19497,6301,0.9810144
9936,9424,0.99273634
9547,9546,0.9941643
18660,9701,0.9893016
8521,8522,0.9852953
19627,19626,0.9625888
9373,9372,0.9825152
9580,9577,0.98666114
8860,9119,0.96326727
9077,8259,0.97963536
8418,8885,0.9743043
9127,19627,0.96430117
3640,11597,0.76332814
17579,9011,0.97915924
8295,15362,0.9929101
19848,15249,0.98428
12345,11005,0.98473823
17106,15076,0.9985044
19111,16305,0.9948257
17928,17937,0.9743678
8397,8652,0.9657709
8415,8416,0.98517805
17902,11111,0.9948768
2161,11069,0.98442775
10413,17061,0.99201137
17667,16658,0.98940057
18396,2925,0.9834274
17305,14300,0.98373324
6500,19871,0.9814641
12397,20189,0.99413353
11628,14609,0.9922989
9963,9989,0.9934942
14434,4368,0.9728722
2976,16345,0.9543317
4431,15842,0.9673688
19584,5400,0.9894671
15850,16399,0.9828052
13349,19395,0.97524476
4050,15401,0.95701784
5390,18722,0.96000665
15541,12597,0.98674417
3317,3049,0.99436015
4333,15888,0.98169553
16435,12941,0.95900077
3950,17375,0.97770613
16529,15828,0.98238915
13319,3285,0.97098476
16344,8488,0.962108
16843,9786,0.9725461
10673,17970,0.9912054
2835,17853,0.98624843
18377,17851,0.98762995
13735,2372,0.987063
12815,18341,0.98495865
6684,11821,0.98684156
2538,19869,0.99043417
17822,5862,0.98559314
19747,6446,0.98420495
7274,6038,0.98174036
19856,5916,0.98426104
14257,19836,0.98877174
9652,9159,0.9868717
5651,10530,0.98775184
19142,19147,0.9751569
9410,13570,0.9699094
5637,9796,0.9845051
7147,7018,0.9830428
516,515,0.990961
19002,4594,0.98102653
7588,4709,0.9776969
19559,10543,0.98904604
7187,4974,0.9804254
11387,12952,0.9793037
5458,4227,0.97738886
16971,7314,0.9822188
12506,7544,0.9742467
12070,4808,0.98055947
12514,7372,0.98368895
5838,8453,0.98067987
11695,6321,0.98178035
5808,7708,0.98354006
6112,6111,0.9880851
5467,7691,0.96437854
17321,3904,0.98812777
7906,19741,0.96657693
3653,11948,0.9677728
1935,14487,0.97333163
19406,3507,0.97065204
12637,20315,0.9790212
19576,12325,0.9798911
3373,16380,0.9542392
12454,6602,0.95971966
2338,15525,0.97577035
14272,15525,0.9758321
16917,19998,0.98281
6306,2184,0.985232
4214,4215,0.97554433
4386,18971,0.97158617
12062,14433,0.97907984
17745,11595,0.96873325
13392,5461,0.99252033
6354,7398,0.9782779
12375,17290,0.9879204
10671,10677,0.99001104
11625,9251,0.9630977
14301,16326,0.98795253
14828,17317,0.98856354
4528,4527,0.9751271
11010,2488,0.99328554
3684,13358,0.99449617
16862,13317,0.98225385
3578,8445,0.9767875
14933,4736,0.9756653
11353,12910,0.9631913
13785,3175,0.98839116
16865,7535,0.95438486
19471,10046,0.9660565
18228,7676,0.9769703
3551,6877,0.9864233
15841,3633,0.95769966
16260,16791,0.98476636
13494,11525,0.99451596
7961,20316,0.98018104
13993,7774,0.9788179
12041,11959,0.9753346
12253,15955,0.98039836
16511,14040,0.97357583
12547,18540,0.97733396
12979,18072,0.9822366
13217,4638,0.98671603
14013,3613,0.9562714
18720,5186,0.97624606
16664,6197,0.9767248
11532,7611,0.9772998
14164,16185,0.97375995
5113,9099,0.9889559
8362,9100,0.9897597
18159,18705,0.97391915
5141,8920,0.9803653
17380,3982,0.9840714
10416,17169,0.98961544
3194,16405,0.994113
10341,15991,0.9732564
19560,12564,0.97697306
7572,9852,0.98220414
16494,13617,0.9653068
2914,5309,0.9742328
16161,12361,0.97875667
13234,6181,0.9853425
11623,9195,0.99014
18355,12823,0.9878199
19878,2622,0.9841989
6713,6711,0.99394774
6160,12986,0.98378456
15510,20071,0.97768855
2711,2849,0.9865088
17652,5138,0.97864026
7126,12110,0.9674239
5128,5135,0.9827755
18750,14453,0.98046243
16410,15881,0.9689423
17587,13674,0.9779831
20312,5427,0.9735516
18221,12299,0.99416345
1887,10761,0.98955256
2243,1887,0.98903674
10232,7986,0.97256327
12606,13530,0.96487105
11235,15629,0.99045557
5110,5111,0.9661887
5110,14068,0.9641191
8454,4939,0.9947606
15023,8359,0.9659679
16037,19619,0.98668194
18509,10023,0.97902715
10757,12729,0.9879907
12774,15650,0.9548017
14557,4900,0.98307633
15676,15029,0.97829264
12069,7795,0.99367213
17166,6660,0.9706166
18030,10742,0.9923078
13144,1974,0.98413277
1695,1697,0.9906131
4926,11571,0.9773728
12784,13519,0.988886
10313,13389,0.66500306
2864,18872,0.99175185
8775,14589,0.98554105
8796,12213,0.97890043
10576,10581,0.9841813
17025,20258,0.9834229
17750,14203,0.9842204
11731,15548,0.98741895
20262,8059,0.9785861
1969,17686,0.9839549
16195,8322,0.9922862
11131,8191,0.97581404
13648,11096,0.9627494
18239,16560,0.96381855
1186,1189,0.9916435
275,273,0.96251565
1795,1794,0.98586625
7453,7457,0.98151416
734,234,0.9895074
14728,4874,0.97930646
11138,8688,0.9891706
11732,19756,0.9780044
12749,12302,0.991295
11365,2650,0.99235475
10767,7980,0.98181033
8191,14555,0.97231615
13047,14428,0.9868994
11114,7608,0.98074704
18288,16333,0.9950316
7922,17017,0.98135364
17036,18643,0.9849396
15684,18269,0.9871645
13302,12381,0.98835224
2462,13698,0.988364
16299,2518,0.98792344
15300,2707,0.9929317
13573,18834,0.98592573
9764,9854,0.96496713
13937,14942,0.9742877
13408,12905,0.980841
13721,5903,0.98825026
17687,16014,0.9875453
11070,2463,0.99044025
12311,19730,0.98729044
10826,10040,0.9562668
8245,16007,0.986311
10231,10662,0.9750615
14879,3982,0.9838764
7641,11412,0.97706145
5912,12272,0.9520682
3363,19401,0.9843295
9575,5603,0.98165107
11106,10577,0.98603374
8452,10934,0.9860576
20099,18792,0.9940187
17192,19738,0.98866165
1917,14194,0.9876059
6793,11858,0.9889904
18247,5477,0.966943
13298,2200,0.98844635
17305,8170,0.983877
7598,12044,0.9798069
1862,17055,0.9735153
16095,9690,0.96992975
19219,16029,0.98831254
11723,20254,0.98547757
5823,13711,0.9979546
3600,17662,0.9628102
6706,6647,0.98992294
2902,6648,0.9897675
7877,2898,0.98878855
7046,11289,0.9617418
19877,13266,0.9659741
5250,9252,0.9633093
16354,11915,0.95223075
10682,7834,0.9704405
19145,18115,0.97794694
11718,12289,0.98582315
19366,17777,0.9954738
13992,5982,0.9724568
13753,14304,0.9715443
18363,2724,0.9876567
8731,8365,0.9772182
18432,17359,0.9664311
7032,4302,0.9841458
11361,2988,0.97746086
4775,4774,0.9765745
4385,18467,0.96675605
13280,16823,0.99415874
13897,3786,0.9668365
2341,11119,0.96529794
14864,3619,0.98591226
20006,12017,0.98098814
12917,13915,0.9700132
12930,15432,0.98164153
14952,19987,0.9807042
20028,13442,0.98520434
6619,17356,0.98486614
3312,14843,0.9540369
19940,11955,0.9853475
14869,12888,0.9531217
20322,7592,0.9671884
14469,20285,0.9755849
4201,4202,0.96611184
4080,7380,0.9449282
16105,11935,0.97526497
13854,6127,0.9910849
6709,5452,0.9884682
20348,7357,0.9822259
15138,18703,0.9790951
15925,14947,0.987623
9855,9852,0.991376
4740,11582,0.97519976
19968,14423,0.96322685
14409,15863,0.97590464
11616,15586,0.9210601
6486,6571,0.967773
10183,15692,0.9859861
7631,7634,0.9902113
11089,11087,0.97927916
20001,7482,0.96229494
12447,3366,0.97310525
2572,2569,0.95444536
14135,17449,0.9772421
7469,7452,0.9715679
6766,7841,0.9621561
8519,8517,0.9817738
4898,16479,0.98357004
7983,12596,0.9858169
6361,13249,0.9891533
17747,12191,0.9739656
5914,12325,0.9800555
20211,14712,0.9786809
8923,19534,0.99121094
13968,4686,0.9751174
15528,1868,0.99444324
9539,20098,0.98342425
12237,5605,0.9792389
6142,6681,0.97725815
1129,1131,0.99138427
761,762,0.9918934
5357,16246,0.9876066
9218,19216,0.98461354
17801,6649,0.9893246
16031,19752,0.988598
13030,15731,0.98426855
16412,20292,0.97173935
2941,4311,0.99092346
2896,17813,0.99288493
14579,17727,0.9803248
11490,9488,0.97495234
17949,7509,0.9892888
16180,16564,0.9833172
292,1552,0.98804235
7490,6925,0.9637841
10818,11281,0.9866507
13251,2333,0.98925626
7893,7883,0.9841877
8228,9212,0.9930496
12623,16035,0.98768044
10975,18253,0.9769404
838,837,0.99095017
19999,15888,0.9847632
7652,12677,0.95482504
8930,10148,0.9811844
10581,5686,0.98458904
8241,8242,0.98500556
15995,15208,0.9879062
8050,9763,0.9854696
8599,14586,0.98765475
10941,16771,0.9784209
8186,18771,0.98618364
280,281,0.9872478
18069,16005,0.9903391
2348,18847,0.98457897
14697,14202,0.99080867
16220,8243,0.9884652
8256,18585,0.99305856
9758,10883,0.97842544
9104,9827,0.9800946
7414,14952,0.98203516
5819,5820,0.99327725
12296,17761,0.9057976
16965,15922,0.9866534
8676,8666,0.98855233
16330,13296,0.98176974
18240,11913,0.9680235
14307,3697,0.9852893
17236,15552,0.9780463
18996,19474,0.9755456
14606,15586,0.94019103
12947,15453,0.9793482
3990,18951,0.9697669
19770,19223,0.97692215
15512,10465,0.9827681
7283,16462,0.97456837
12577,14315,0.9688718
9040,17587,0.97761816
6304,6307,0.989646
8532,8533,0.98563725
18166,16065,0.9863258
19778,12729,0.9874644
5770,5771,0.994464
12565,12327,0.983888
15665,4957,0.99092156
6241,6650,0.99000376
1141,1142,0.9911492
9972,17116,0.98193765
1017,1018,0.9386833
2597,17638,0.99364674
13998,15907,0.98849726
2215,2216,0.9975702
4270,6871,0.9792844
7788,17009,0.993859
17454,20067,0.9893637
17892,12439,0.98937154
16982,7728,0.97506124
11273,14213,0.97088474
11273,11271,0.9710716
18348,2096,0.99248296
10053,15093,0.9762955
4317,3382,0.9833609
11280,11272,0.9439929
16060,16059,0.9742242
3580,3583,0.9770702
7705,18728,0.9696442
15077,19145,0.9788519
3028,3022,0.99089897
16931,13429,0.9850616
6650,8586,0.9901753
16854,3931,0.9654974
17896,17863,0.9476822
10696,11278,0.97263217
15981,6724,0.9780191
7610,20304,0.9858289
17351,9340,0.9787491
17628,17124,0.9775784
10393,10504,0.96707344
16435,12063,0.95887953
3252,16364,0.9695238
17429,4827,0.9745035
4742,14826,0.9767601
17516,7765,0.96253455
7769,10450,0.96295077
4742,16173,0.9760247
16669,6261,0.9816285
11917,14712,0.9783052
8,7,0.9977597
19800,18059,0.974649
3649,7474,0.9784813
7600,7601,0.9754426
13137,14851,0.94995326
10467,19549,0.9921508
13988,12153,0.96791697
15176,2675,0.98848313
15170,4865,0.9742348
3651,19673,0.97562826
10829,17156,0.9773082
4647,18263,0.95725954
8020,12749,0.992023
17274,15265,0.98516184
6482,8540,0.7412201
6852,17315,0.9767154
16435,4714,0.9589157
13467,20030,0.9765777
12546,20050,0.9632293
12266,13598,0.9805006
6573,13983,0.9860487
10384,6266,0.97345924
19974,13404,0.9631604
6595,5884,0.9620909
16489,16989,0.98996675
17640,10334,0.9629279
8219,3756,0.9720962
16042,11581,0.9789916
4938,13981,0.9881164
15639,18153,0.96455115
15142,10501,0.98381066
7761,7739,0.96735394
7123,7950,0.9675538
3858,14645,0.990902
9178,9190,0.9654537
8092,3279,0.9856776
15191,18259,0.98632044
14923,4611,0.9892805
15980,2285,0.979924
8214,11788,0.9734438
5930,5929,0.9714707
801,802,0.9912786
18274,16685,0.98310536
1988,12298,0.9645596
19058,7881,0.9919268
7146,15432,0.98206276
6600,3639,0.97987807
13784,18274,0.98346496
4515,6335,0.990715
8013,10731,0.99515224
5882,16668,0.9761202
9123,9124,0.9915888
2672,5241,0.98489386
15524,8053,0.9716529
15534,1988,0.95810884
9999,5673,0.98976225
10075,10588,0.9893134
9720,5627,0.9930193
19614,14066,0.99024755
9808,9791,0.97266
10370,9805,0.9726491
17613,18664,0.98651695
9482,9481,0.98990834
9092,9093,0.9934123
9628,7810,0.9905844
9452,9451,0.99382895
8807,9016,0.9826565
8812,8824,0.97241825
13054,6990,0.9666586
11591,8733,0.9718132
10088,5158,0.98088664
8331,8530,0.98054034
10599,8287,0.9847157
3361,13340,0.9758278
16508,17327,0.99327517
11331,6928,0.9958234
13749,15313,0.9706556
2744,11872,0.9865537
16834,2313,0.97710335
18963,18462,0.9760383
19318,14254,0.9740055
3850,3848,0.9678189
16348,19905,0.9781675
15560,8887,0.9654506
2422,2418,0.97801876
14818,2975,0.95421165
4726,13875,0.98378235
14502,20040,0.98777896
15888,4349,0.98153806
18373,3178,0.97974694
12945,4766,0.9751329
6851,17322,0.9686046
14340,12965,0.9572636
14363,15973,0.94301426
2733,2443,0.98734015
11820,18822,0.98556083
6360,6755,0.9878378
13735,15780,0.9878805
18340,12813,0.99473685
17999,7412,0.9781407
5511,18513,0.9771006
6346,6345,0.9790702
6135,6154,0.9917257
16964,18457,0.9857431
6011,19382,0.99050575
2863,16320,0.9838959
19049,13974,0.98317647
6982,3402,0.9890661
2701,2703,0.98178446
17896,3334,0.947052
13469,14928,0.97983587
7828,13971,0.97855943
12333,12251,0.9891111
16619,4136,0.9875963
8920,8780,0.97951585
11186,5704,0.9805439
10407,10286,0.97053546
10479,15110,0.97419703
13973,11421,0.86491436
9858,15591,0.9775504
19047,12963,0.9860647
3409,2872,0.9937773
2002,2078,0.97536206
3815,3813,0.9534038
19007,17983,0.97907627
16632,18686,0.98218554
17800,2319,0.9879269
8015,12554,0.9674989
13015,14537,0.98588854
6248,11894,0.9907568
10029,10024,0.97847605
11089,11300,0.9787896
6518,11089,0.9789131
6726,5858,0.9864189
12135,12131,0.9094177
13495,7600,0.9753405
10159,5739,0.9735058
14248,17135,0.9795186
2035,11998,0.98508924
5833,8450,0.98300225
16584,5607,0.9816523
10151,10153,0.97292084
17210,5352,0.9720647
19101,1946,0.9868527
10042,9504,0.9812228
10965,13125,0.98372304
11529,16029,0.9879694
11559,4858,0.5335937
17246,3177,0.97979796
19955,16648,0.9823653
12769,19065,0.97543204
2599,6141,0.9784208
11233,15811,0.9950989
3913,13889,0.9951504
14203,2072,0.984362
14222,20163,0.95087457
17017,9543,0.982164
13740,19866,0.983946
12184,15675,0.92953044
7941,3078,0.977745
6812,7941,0.9928924
14654,4269,0.99116373
12957,16460,0.98827654
10101,10097,0.9806598
5384,8065,0.98562497
18761,18589,0.98238593
12203,12586,0.9867132
15080,15081,0.98363805
5035,5219,0.9778542
13178,18198,0.98668146
10695,18266,0.9918494
12770,10958,0.9884475
4266,11503,0.98350483
11745,18787,0.98095804
5549,8634,0.9926288
18832,12808,0.9887727
6007,6006,0.9820216
6748,16300,0.96654195
8772,8771,0.98473734
20144,12328,0.9856111
16684,9601,0.9880817
14270,6757,0.97037596
20093,14199,0.98754066
17212,11708,0.98512626
13700,2503,0.99549246
19891,2824,0.9852797
16323,8115,0.9944325
11877,19897,0.9752144
16216,14553,0.9715854
8113,18237,0.9870797
11358,16263,0.96695554
16376,11228,0.97743374
12866,15352,0.981887
13442,13927,0.9847401
19494,12512,0.98413575
15837,15838,0.9645015
4720,14929,0.96009487
20299,15445,0.9731311
18038,3110,0.9866828
14633,17678,0.9754564
13485,18249,0.9822483
11489,17082,0.97902644
14226,15536,0.9885893
17840,13276,0.9829691
18248,15007,0.9925217
8985,5340,0.98986244
2739,5483,0.98838156
4143,4171,0.97169906
16932,13444,0.96931106
13843,12158,0.9920874
5434,12128,0.96760845
20142,16573,0.97681755
8193,17326,0.9876223
17818,9733,0.99364305
15114,16633,0.98074806
8939,11733,0.9803657
17613,9775,0.9864362
13672,15548,0.987547
18876,16747,0.9959369
5468,11615,0.97666013
744,243,0.98831695
11487,17466,0.966921
15344,18409,0.94600034
7068,4713,0.9888094
11572,19171,0.98681855
13892,3233,0.97675884
14447,15894,0.9701588
15421,14436,0.97216165
8577,11074,0.96560764
14075,8929,0.9695758
7242,7243,0.96740127
12632,19118,0.9706025
11365,20228,0.9928126
10478,16025,0.9861356
12563,6047,0.9043988
4304,4332,0.9804135
8683,6650,0.9899621
6656,19348,0.98769695
12757,17053,0.97065634
4765,19001,0.9672608
12424,12428,0.9843238
14003,19211,0.9719954
3269,3284,0.9710453
5564,6075,0.9801865
14591,8877,0.9705335
15718,14158,0.98887306
15439,16936,0.96886665
15404,7396,0.97129256
5000,12541,0.9822222
13948,3609,0.96879834
8946,8944,0.9654267
15145,17445,0.9905393
12529,7524,0.9723829
19628,17080,0.96303403
4128,4662,0.99310595
9511,17108,0.9953908
17391,17390,0.9751922
901,1811,0.9674769
16618,13577,0.9815175
16111,16103,0.979086
10665,14765,0.96469605
6001,6852,0.9762698
19935,7001,0.9847991
4407,4408,0.97624767
6049,15915,0.9866231
13959,7354,0.965287
18566,10983,0.9757134
6120,6119,0.9941923
2042,2038,0.97769165
7383,7370,0.9594798
7071,18925,0.9633014
7071,6784,0.96116126
12308,16452,0.9920231
8817,8417,0.9955283
10787,11719,0.9887734
15873,18894,0.9703762
20031,14477,0.98302186
10697,19104,0.9786467
8227,14148,0.98386997
18049,19077,0.98509896
19264,17310,0.99220943
2117,2395,0.99093425
15962,15961,0.97170365
1058,1059,0.99237764
12319,17731,0.98009354
10710,19231,0.98325104
10628,5712,0.9927303
9192,11158,0.96612555
15166,2721,0.9739856
20194,10770,0.98304105
9798,5635,0.98659074
19014,5093,0.9659932
4854,4855,0.9742707
16567,2721,0.9749809
5422,2713,0.9798447
15084,10191,0.9124026
3735,3734,0.97485286
2620,17595,0.98068845
11533,19553,0.99032813
10199,5614,0.972991
11611,2232,0.9846614
18964,11433,0.9820727
19211,12551,0.97075564
17674,13618,0.9863084
13911,4399,0.9814338
19302,17496,0.9753786
13185,12587,0.9724181
16797,2415,0.9677651
5908,16389,0.9782873
13455,17393,0.9903015
6088,12317,0.9851244
7237,19022,0.9825112
14888,17428,0.9672521
12235,17609,0.9862519
9962,16606,0.9109528
7651,7209,0.9817934
16394,18883,0.99516785
13191,10955,0.988847
20297,14437,0.97066027
3278,13104,0.9768638
14185,19637,0.9801319
13116,16654,0.9713864
10178,10647,0.9895477
16391,7176,0.97859883
4579,7642,0.97878224
14761,15266,0.98960936
16243,15582,0.9071011
4988,4875,0.97580045
14362,4572,0.98514104
3790,3791,0.9721459
3812,7238,0.9724318
3188,6910,0.97324425
17629,15627,0.987906
12145,6563,0.96701384
9387,9386,0.9768862
2310,6497,0.9669138
7313,3416,0.97361934
16433,4613,0.99076474
16027,14993,0.9695319
6582,5956,0.9891713
4046,4045,0.9783028
16939,7018,0.9824309
2160,17781,0.98836863
4991,4992,0.97781587
11043,15261,0.98213047
10461,9888,0.9447023
4976,16947,0.98695904
11969,16885,0.9836113
6326,13922,0.9908737
6773,2231,0.9852077
2904,14306,0.9902137
2548,11170,0.96934915
16358,9769,0.9758458
15455,16497,0.98587507
2122,4646,0.99122334
18900,3283,0.9895001
11308,19817,0.9248449
6279,6745,0.9905207
19031,11482,0.9847932
4963,4962,0.9747815
7145,12741,0.9772675
16983,12520,0.9671898
13626,17578,0.9737206
2823,19138,0.990013
10432,13483,0.94345856
9147,20338,0.9874578
12762,14227,0.984091
13009,13008,0.9938268
5184,9357,0.98441964
90,89,0.669738
2571,11826,0.98177195
13732,13253,0.9836993
19447,4331,0.98241246
6865,13859,0.972832
9903,10471,0.9860227
6309,6306,0.9830095
9848,9847,0.9818947
9911,9926,0.9735251
9914,9912,0.9702728
13055,19107,0.9698594
7999,8183,0.9943422
1283,1288,0.9903092
6109,18520,0.96152794
11669,6422,0.9817231
9058,13563,0.978783
2007,16946,0.96826136
16106,10268,0.9755106
8185,15006,0.9688182
15063,11628,0.99217016
18723,13136,0.9785364
19710,7518,0.9900475
20257,13013,0.9793285
2639,8875,0.9641854
14617,12069,0.99385864
12120,8612,0.99171793
6538,10287,0.9753593
18160,18412,0.99131525
17151,6050,0.9772848
10950,14239,0.9824388
17458,18004,0.9938769
12931,14297,0.966651
13966,17456,0.94939303
12989,15469,0.9713774
18473,16904,0.9679529
18472,18959,0.9676021
10898,10901,0.9794239
7663,8937,0.972899
17575,5366,0.9721194
5703,6045,0.9826896
13521,12596,0.9855555
18038,19639,0.9867296
13739,7948,0.98033124
8646,8382,0.9934655
13488,14507,0.9727313
13177,18131,0.9895817
7129,8940,0.98819065
10486,5436,0.9903031
13248,2505,0.9783076
7362,15459,0.98687047
9618,12367,0.9879758
15237,20332,0.990613
12569,17665,0.5332421
16055,13549,0.95737666
5251,9277,0.9941485
9592,9143,0.9900518
9111,9120,0.99260384
9655,9654,0.98685735
10208,10207,0.984313
5663,9970,0.98068845
20152,12639,0.96931994
18668,18669,0.98269653
9885,10460,0.9893037
11104,5645,0.9897091
15551,12255,0.97770464
18657,19657,0.9787594
9475,11097,0.9918464
9932,9415,0.99382365
9135,9415,0.9943176
9420,9135,0.9942
9982,9477,0.99111146
9916,11940,0.99175924
10137,17608,0.98492855
5405,18134,0.9738687
9346,9345,0.9829919
8708,8707,0.98829865
9372,9363,0.9827001
8259,8860,0.97662884
16994,15965,0.96686935
8638,8377,0.9818286
15039,8844,0.9888194
2210,10699,0.98006606
11957,12858,0.978926
13181,20115,0.9833815
11590,16582,0.97615266
9036,11598,0.9776599
8525,6096,0.9839813
15555,12198,0.96253633
12505,7671,0.98501354
10604,10606,0.983575
5753,5756,0.99066377
17352,3898,0.9833483
18009,14827,0.97727656
6337,7971,0.9903206
19631,19683,0.9861314
9664,5978,0.87321365
6928,6933,0.9953731
16072,19641,0.9951514
10639,10170,0.9763224
14781,18843,0.9881434
7566,16445,0.97580874
9899,6740,0.9757471
18924,3494,0.97921306
11780,2235,0.9791463
2385,12379,0.9849525
13726,14770,0.9777681
4961,6059,0.9625275
15014,6420,0.97500265
5865,2374,0.98513436
3580,20287,0.9771144
10004,14515,0.98008794
20316,7587,0.98015255
9737,2836,0.99187225
2103,5473,0.9840188
18837,2568,0.98773766
10055,13088,0.97975653
9406,9409,0.97309
4977,4976,0.987087
11373,18505,0.98415333
17434,7285,0.98011553
12953,12057,0.98236865
2188,4932,0.98147684
2452,16526,0.96015114
2710,2452,0.9598675
19512,7373,0.98077595
12969,14958,0.9806825
6874,12847,0.98819643
14349,2903,0.99255484
7476,2882,0.9895292
19038,7944,0.9876008
2873,14279,0.9841495
5794,6084,0.9843621
18924,16377,0.9800101
19927,15339,0.98600173
4502,4508,0.97358996
12338,16760,0.994655
10025,3383,0.98734844
11656,2615,0.9921388
4829,18228,0.97946656
7263,3865,0.9652448
15930,7278,0.97079694
18938,11315,0.97737074
14515,7828,0.9790029
10640,10639,0.97605646
19873,2553,0.9853339
11795,13226,0.9782137
14809,19893,0.9969099
8477,19698,0.9736737
10701,12316,0.98111147
19434,10245,0.9779478
12034,10264,0.9880576
18177,10814,0.9788248
13619,16884,0.97832036
15524,8055,0.9773582
11783,2061,0.9713316
20128,18227,0.90629905
18154,3238,0.9970054
7892,18552,0.98516023
15496,4647,0.9567527
10465,5325,0.98266417
19609,17805,0.9903184
19863,13247,0.99478287
6179,13770,0.98829716
10879,10878,0.978889
19130,18635,0.9795045
14049,19719,0.94557136
15184,5292,0.9783101
13184,12324,0.9874299
14293,17845,0.9899498
14574,12273,0.9897739
2617,13678,0.9788383
2746,16821,0.9655528
14316,15822,0.9826043
5855,8485,0.9738139
6243,5306,0.9926327
12591,2825,0.98909134
20329,5136,0.96957254
15540,14184,0.9905377
14220,7929,0.99043536
13173,5374,0.9852642
11558,11713,0.9860445
18060,2034,0.98037577
18078,14691,0.9897619
17199,15717,0.98580605
8340,17033,0.9877551
14269,19339,0.9841703
10143,10630,0.9801309
14566,6810,0.9734388
304,278,0.983386
18784,11634,0.99266726
9483,11756,0.9839279
14796,3681,0.9848298
19812,11768,0.99341524
11768,13647,0.99405813
12738,19217,0.9942087
2282,2948,0.98999804
20063,12561,0.9669389
17032,18063,0.9863863
18763,2001,0.99197793
17167,7129,0.98825604
19679,20052,0.9817376
20052,14540,0.98282903
14149,15828,0.9824944
19648,4883,0.98400635
72,73,0.95080346
12352,15749,0.9842175
13280,2857,0.9937311
15892,17959,0.9631771
10139,10142,0.982258
11774,13505,0.97457707
11222,7939,0.98174864
12179,7129,0.7692273
5032,5034,0.9650468
13547,15047,0.9636582
16710,7912,0.99420667
12622,15031,0.98536336
2860,13782,0.9793763
9697,10057,0.972284
8351,4918,0.94991726
10901,10896,0.9792844
10896,10893,0.97923917
14189,18231,0.98371464
3816,19418,0.9760473
18928,11972,0.985647
6240,13524,0.96419626
15300,2708,0.99290776
19840,6391,0.98791444
9170,18636,0.9939535
10064,10577,0.98599744
18841,2302,0.98400486
16175,9641,0.97743636
17031,19132,0.9949884
20293,4140,0.96252716
14912,4526,0.9779272
15424,13916,0.956788
18372,11890,0.98278815
14300,1873,0.98378235
15997,4339,0.98179644
13799,13523,0.9851562
15163,1959,0.98105925
2177,17058,0.9897636
9152,9151,0.99451905
1653,1654,0.9909636
5971,15194,0.98157126
18450,7320,0.961818
2952,18975,0.97870386
19984,18975,0.97758377
17441,15157,0.93689907
15183,17180,0.9876304
6555,19838,0.99056995
6853,6846,0.9920441
16341,14414,0.9701025
7488,3117,0.9727312
14422,15398,0.9695227
6136,11942,0.9768446
11680,14479,0.9849498
18822,17790,0.9855963
20310,11407,0.9803765
3376,3377,0.9853321
2469,2471,0.9654269
6972,12863,0.97673595
4055,6919,0.96275353
14412,13351,0.9719151
7244,20025,0.9679207
13759,15848,0.98854965
12429,14330,0.9885203
2209,13613,0.9867448
15238,18812,0.97847795
6043,10272,0.9941368
12533,16589,0.98464775
13692,11485,0.98645705
16114,6812,0.9917522
20053,14014,0.9822062
8289,18227,0.9841706
6496,2310,0.96681464
3561,8518,0.98115635
14355,14022,0.9905308
11384,3103,0.97912735
5242,5352,0.97382617
6123,19735,0.9763907
12822,18924,0.9773825
18311,16263,0.9723351
14728,8142,0.89917177
6255,4070,0.97077507
12607,8148,0.9863188
15187,15531,0.9906487
9438,9953,0.959996
10523,6073,0.9750461
7518,10442,0.98989093
16677,5203,0.98085505
8003,5415,0.99285066
12064,14466,0.96194977
2672,19185,0.9835423
5947,17347,0.95752656
4516,7906,0.9666784
15304,18365,0.9666402
16328,4356,0.9694383
5830,17096,0.9862293
19551,13216,0.98626024
19369,3684,0.97291833
9591,2099,0.9950151
18463,11345,0.9763906
5642,19479,0.98586047
16040,15556,0.9790562
15636,10555,0.9842355
7481,14911,0.98200434
5469,17053,0.9735433
4141,18956,0.9712299
18993,20009,0.986623
4055,4379,0.9630243
18122,19152,0.9794509
13328,14846,0.98882025
7553,15407,0.9634061
7050,15440,0.97633857
14904,7471,0.96314645
7162,3896,0.98553663
7814,18017,0.972114
19250,4896,0.9825591
12427,14838,0.9488416
16518,11734,0.96197593
12570,15511,0.97232777
13299,3711,0.9718108
17577,2585,0.98135376
12902,4059,0.97344154
15639,18708,0.98451334
11406,4880,0.95703775
15435,19018,0.98217463
18081,12618,0.97884834
15142,2023,0.98332995
16650,15142,0.98735344
14982,12547,0.97680146
11791,5448,0.98712665
11415,5070,0.98712605
19542,8967,0.9862701
14840,16859,0.9754024
14058,9777,0.8879931
14973,5745,0.9870035
7678,17401,0.98537457
18498,11411,0.9830465
18027,17494,0.97700626
18183,14984,0.9756604
6193,7463,0.9893365
7308,10158,0.9813794
14238,14071,0.97610927
5330,12763,0.97172695
20095,8060,0.9887245
14511,20065,0.9796098
15948,11603,0.98466855
15167,18783,0.95315784
9687,10212,0.9897452
13640,18193,0.955841
17027,15526,0.98699224
10227,10226,0.9799413
18096,16533,0.96178687
13515,13509,0.92737484
10012,1905,0.9821315
4167,14560,0.93698233
5064,5063,0.9882002
2583,17028,0.98684037
5622,5620,0.97049236
9306,16600,0.99308664
14475,16963,0.9837727
11386,12933,0.9831904
12543,6062,0.98433983
18717,18727,0.9814741
6186,17649,0.9737917
16457,6319,0.98171693
15595,4024,0.9742337
15069,18645,0.9294636
18835,6405,0.9412653
10205,12670,0.9849097
12466,3933,0.98509175
5509,4870,0.9864422
4873,4876,0.98684883
2008,11779,0.9726326
10836,7858,0.9781237
13216,16535,0.9323256
19797,18588,0.98356515
8169,8288,0.9877451
11464,12995,0.9958242
5170,13464,0.98693895
6629,6630,0.96186393
14322,16355,0.98430574
12403,17257,0.9895391
12289,15999,0.98746336
19892,17777,0.99569714
12403,19359,0.99549496
14397,3182,0.9679611
19359,19893,0.99779886
15765,16267,0.99770015
17879,15329,0.97300446
15181,7998,0.99296594
9766,9767,0.9778746
15256,13704,0.9905004
12091,15983,0.99370265
14235,19123,0.99042624
1885,10476,0.9770537
17499,13022,0.97892374
2356,12217,0.9792707
11063,9268,0.9953408
15564,20140,0.9948849
16279,16275,0.9902886
7795,5153,0.99363846
15909,18997,0.9824675
7899,8227,0.98360264
7965,17482,0.9691486
4035,10437,0.9716099
3471,11962,0.94044924
18777,16169,0.993525
19699,20231,0.9706707
18186,7757,0.9554021
13633,17984,0.98154575
7777,18036,0.9887776
3484,9054,0.975369
15642,19122,0.9808661
18408,15107,0.99221474
12682,12040,0.98190504
7623,7433,0.97426844
5348,3175,0.9908353
1945,15205,0.9788518
8244,11568,0.9827136
15208,17202,0.98818296
8288,8050,0.9873663
18523,6288,0.97049403
6509,7714,0.97046125
15684,1882,0.98692465
14377,15900,0.9730856
18530,16973,0.97591364
2803,2802,0.9851896
12725,13078,0.9925706
5978,4662,0.9912742
1657,1658,0.98996186
1607,1608,0.9898852
9930,14100,0.99442685
13546,8907,0.9633252
7885,7887,0.98712164
8239,8136,0.98474634
8587,8311,0.9651931
8573,8574,0.97124344
9342,9316,0.9921814
8976,8974,0.993093
9283,9280,0.9873799
8757,8758,0.9939267
9445,9444,0.9944647
12645,9069,0.99428576
15578,12645,0.9944088
8900,8899,0.99400985
11107,10127,0.99329585
18611,20151,0.96461594
18611,15555,0.9636049
7688,5397,0.9700865
17519,3826,0.97380483
9269,9271,0.99539703
10126,9417,0.99408567
17533,2932,0.9917577
3438,7011,0.9758263
3895,14001,0.9859762
9246,9245,0.99514955
9247,9248,0.9952455
9246,9247,0.9951944
3582,20287,0.97712266
8125,5961,0.98089796
6172,7431,0.9807736
14173,12242,0.99076754
19288,17689,0.9800047
19146,17602,0.97238195
15522,4024,0.97395587
18556,7870,0.9888636
9844,10421,0.9771567
10589,5702,0.9787748
9795,10198,0.9911377
10421,10424,0.9833244
10250,10253,0.9918108
10424,9847,0.98465073
5633,10309,0.9747279
9427,9428,0.9918143
9522,9523,0.993349
9272,4956,0.99272245
9783,9275,0.9936221
9275,9274,0.9936522
9623,7810,0.99052936
9372,9362,0.9828827
8992,2349,0.98268014
10500,9918,0.9827002
5935,2547,0.9421404
8713,8714,0.9887489
8855,8856,0.9565685
14580,16577,0.9657227
15563,18087,0.9838644
13271,5579,0.98836505
9740,9739,0.9935474
13646,14399,0.9831798
9239,19650,0.9946976
13235,15800,0.9928402
4281,3153,0.98863435
16935,16934,0.9719325
7080,11304,0.98198223
12879,17352,0.98302644
8999,8998,0.9514688
19019,6155,0.9914758
15444,15917,0.9806645
12960,15444,0.98213047
11015,9264,0.99415284
9868,9664,0.99484247
13712,14250,0.9878164
15585,20338,0.9839416
9989,9976,0.97124004
17285,2575,0.978136
14770,16389,0.978191
3147,3148,0.9852416
18463,12475,0.9764117
18934,7303,0.99502003
7434,18463,0.9764479
16859,16365,0.9755981
15630,16746,0.9788423
16415,17438,0.990807
15923,13947,0.9809748
7245,6549,0.966368
7829,7775,0.9797284
13266,14789,0.9649791
19999,9980,0.98415333
18606,15563,0.98398304
6851,3302,0.9685282
13971,19713,0.97776604
17560,20145,0.9845616
11978,19333,0.9653196
10230,10661,0.9751443
2651,12392,0.99347275
13296,3002,0.98159295
2103,5575,0.9839714
10056,13088,0.9799554
12740,16023,0.98252916
4984,4948,0.9873318
7369,15911,0.98283756
4735,15911,0.98327017
20313,7703,0.98420817
6323,12538,0.97503835
13997,7772,0.9768967
15152,14724,0.98458964
17041,2840,0.9682105
14491,6387,0.9847097
18500,16460,0.9884266
10220,10222,0.99067885
7196,15943,0.9894163
7432,18006,0.9684956
12958,5018,0.98630005
7055,6604,0.984617
17829,8622,0.98403513
5533,2466,0.991368
2506,6656,0.98654604
18363,2722,0.98748106
7046,3479,0.96155316
6704,18425,0.96601915
14991,5811,0.98110723
15660,3497,0.9814315
6291,10356,0.972336
13979,11466,0.97151303
11412,5028,0.97563994
12458,15368,0.9765831
16308,9734,0.97688717
3277,9834,0.9819052
3372,7029,0.95682204
15293,2602,0.97999763
2964,15301,0.9743484
19934,7193,0.98500293
17907,14307,0.9799242
3619,12881,0.986034
15281,6619,0.9845578
15298,18968,0.9751721
3462,12454,0.9598513
3354,6982,0.98905164
8346,17675,0.9707534
15887,4092,0.9706581
3435,17346,0.97606874
7156,4824,0.95323974
17433,4824,0.9536158
6793,5286,0.9889075
17099,19655,0.9932735
7012,19134,0.98394185
8303,18923,0.9723327
12471,4110,0.9636469
4543,4542,0.97433895
16925,4168,0.97557586
3581,3580,0.9768053
3762,18440,0.97135216
5611,13302,0.9882835
17804,2283,0.9923971
6530,9737,0.72289294
3424,17894,0.9765852
13240,2186,0.98588145
16480,15481,0.9816839
2144,5408,0.9616666
5128,8744,0.98348135
18705,10318,0.9738269
15110,8806,0.97345465
15108,4567,0.9769002
14182,4453,0.9825042
13429,11377,0.98448306
13687,15547,0.9831803
10317,17929,0.96505463
5319,20209,0.9744887
3000,10293,0.9779463
10341,11439,0.9731737
18545,15515,0.96756357
2666,10526,0.9871155
6755,19840,0.98797774
13288,11750,0.993782
6445,8038,0.98226315
6152,16781,0.985743
3714,9794,0.9891613
16501,20318,0.98117197
12669,5730,0.9593954
9060,9030,0.9941455
15761,17148,0.9864173
15495,8054,0.9778315
3446,18427,0.9756733
11352,17405,0.98172206
9565,9564,0.98011774
9564,9590,0.9799201
18049,5359,0.9872091
16230,11519,0.9870148
17822,2593,0.9862168
7853,17242,0.97738737
20118,19081,0.9725988
8317,15524,0.97390735
6100,6099,0.9852234
10545,10817,0.9949286
8321,16150,0.97719324
16753,15521,0.972728
8150,16187,0.97857016
1075,751,0.91012406
8913,8230,0.98536646
6433,6432,0.97210723
11229,12351,0.96210647
16559,9784,0.97882617
14755,16782,0.98925287
8566,14756,0.98763216
5222,10877,0.97714555
11887,11889,0.9785805
18853,2539,0.986267
11795,19826,0.88901645
15314,19893,0.9811885
13744,13283,0.99805886
17777,16264,0.98277444
12735,20131,0.98425066
10938,17231,0.9022298
5296,14516,0.537996
5271,7924,0.97750574
11561,9583,0.9822045
19738,16220,0.9886517
3383,16335,0.9560234
5828,5829,0.98717844
18786,5975,0.99165744
19770,12597,0.98346245
278,1529,0.98684525
19304,14749,0.9845163
5522,6200,0.98633194
19407,6204,0.96551114
5469,2297,0.976108
18918,15357,0.9619604
6190,6644,0.98388284
17715,14732,0.9832449
6463,14147,0.98544586
15947,13968,0.97580147
19864,14318,0.9893792
19251,6840,0.9821737
3237,16201,0.9851457
14217,6502,0.98242766
15778,11130,0.98419964
5245,19750,0.983904
10769,3710,0.97129065
16894,18447,0.9692691
5834,10979,0.9818193
11456,16019,0.9877229
10102,10097,0.98048955
8056,1989,0.9939865
18270,17507,0.9797152
14608,19645,0.991331
16218,13666,0.9872924
6427,2463,0.9904807
6622,17280,0.98867923
12823,17824,0.988567
14283,2656,0.98908234
6439,19567,0.96016836
19254,20099,0.9891768
11893,6041,0.98785806
11863,2838,0.9897149
3242,19918,0.9812369
12071,17446,0.97921664
2302,9376,0.9838704
19244,16223,0.9893797
15003,17242,0.97672355
15311,18395,0.9829978
18039,4874,0.9813069
17373,15375,0.96968937
12651,19137,0.99430203
12718,16529,0.98271126
17819,19822,0.9900181
17272,19353,0.9888666
6683,5530,0.9912846
13454,15460,0.98641586
6746,7778,0.98506576
2951,13101,0.9849689
7778,15669,0.9851549
7464,5046,0.98994434
6669,8688,0.98911136
1996,13164,0.9770303
4901,16958,0.9890899
3688,14317,0.9755123
14334,11362,0.9775802
5960,20258,0.824755
17989,5098,0.96437097
17226,14180,0.9927153
7597,4225,0.9782129
14548,15113,0.9791252
17857,19393,0.9781279
13962,14734,0.95384693
1547,1548,0.9857113
5546,19322,0.9883151
19364,11810,0.9972536
18846,12391,0.98967814
8601,10574,0.98449945
434,443,0.87444484
5895,19094,0.9762424
8508,4988,0.9478443
3774,4393,0.97086906
8629,5272,0.9830314
9194,9193,0.9663698
10614,5711,0.9934551
10886,10889,0.97732556
10885,10893,0.9791151
9245,9244,0.9951137
5618,18119,0.9882752
12119,2017,0.99425054
2358,2354,0.98531693
10993,11754,0.9945222
6901,3146,0.94992346
19899,13897,0.9670396
17607,19658,0.9913976
18371,16251,0.99393904
12360,13233,0.9981025
9721,11877,0.9765643
2530,3537,0.9704763
7083,7539,0.98614943
18981,17957,0.98600036
14727,16293,0.98233575
12463,14870,0.9777976
13828,4311,0.99131775
11455,3474,0.9839535
3296,9894,0.95140326
6526,15356,0.9897232
4075,17385,0.96546817
19509,12027,0.98054886
2760,12834,0.96035415
15852,7007,0.9655123
13321,6951,0.9735242
18927,3596,0.9736429
7768,10523,0.9739637
7736,18631,0.9757957
7742,7743,0.9653145
5453,7280,0.98882806
14164,3114,0.9736419
15864,19418,0.97595495
2018,6680,0.959053
12010,4163,0.97559035
11941,3450,0.9795304
4499,19487,0.9735518
18960,14900,0.9648801
18401,12423,0.9757117
13668,5126,0.9696647
10831,3065,0.9565903
17658,13122,0.97465646
15955,13598,0.98086
5491,6599,0.99176687
4101,4099,0.9739067
3664,3522,0.9826453
16711,12908,0.9506495
5555,17507,0.97995836
11712,18207,0.9906661
15249,5646,0.9837262
16142,12126,0.9944555
12619,16046,0.98532957
19108,11588,0.9852777
7900,5327,0.9633925
5526,11009,0.9931972
7696,7698,0.9780261
924,923,0.9899713
11541,19259,0.9899093
18220,17528,0.96242017
7662,9955,0.9568215
18915,3418,0.97608405
13089,12241,0.98705626
5248,17711,0.8743001
11150,8447,0.9934596
10634,11009,0.9850205
13685,8475,0.94299257
2545,3281,0.98534423
13701,2112,0.9960568
18353,9591,0.99470395
7435,9937,0.98932856
8493,8458,0.97960544
9258,10908,0.97699577
8493,8554,0.9797437
20293,6922,0.9619822
17945,4139,0.977353
7248,13941,0.97717834
18332,13244,0.9764446
19953,17364,0.97652197
15440,16439,0.9762831
16523,14994,0.9657499
12270,19025,0.9866457
3926,3925,0.96397203
16520,18546,0.98131186
16359,17879,0.973177
16937,11413,0.9786493
7452,14822,0.96967894
16023,12982,0.98280084
10528,5656,0.9882089
6186,3099,0.9739318
4411,18701,0.9752858
10485,15956,0.97919697
8504,9059,0.9791572
10343,15129,0.9759419
4235,4979,0.9866175
9550,9551,0.979731
6600,7957,0.9794542
17002,14464,0.977544
14464,15973,0.98366725
7565,7818,0.9724148
6150,8544,0.9874101
7659,18031,0.9673625
18475,16425,0.9606194
12054,7961,0.9800475
7559,7558,0.9861892
6582,10797,0.9890827
7762,7817,0.9775124
4962,6059,0.9648574
19536,11032,0.9886961
11159,5174,0.9652147
5655,18518,0.9793382
16003,14549,0.9884099
20095,14549,0.9888831
16675,10044,0.98211586
13364,8608,0.980008
6063,18020,0.97958976
17762,8357,0.9887206
13163,12772,0.986188
5314,5410,0.9839557
6052,7970,0.97265863
19229,7444,0.95757127
3683,12401,0.97675997
14803,12848,0.98935413
16712,15652,0.9807998
8633,8632,0.9866051
11739,8162,0.98545897
7489,13620,0.99292785
15459,10181,0.9876594
6173,20043,0.97249067
5766,14703,0.9803728
6171,6173,0.97021335
16979,17994,0.97158784
11639,9536,0.96452975
5614,10215,0.9877149
14104,20177,0.97371167
9372,18102,0.98117524
11735,18062,0.9901877
20354,14624,0.98649246
11579,19105,0.9773014
3220,11331,0.9965694
5244,19731,0.9920176
15233,19812,0.9944167
7976,5839,0.9804109
15230,8500,0.9908614
5841,5842,0.98110604
10641,10172,0.97602683
17416,4696,0.96157914
12499,4092,0.9705795
572,1225,0.99104553
14867,19419,0.9756512
7868,6384,0.98039055
16165,2221,0.9914296
19957,15370,0.97752404
15442,17974,0.9702527
19436,4212,0.9607117
17428,7044,0.9661696
17334,13797,0.9779825
8292,17901,0.98452234
15901,13918,0.96611786
18018,6663,0.96719354
7065,7753,0.9785781
8492,7588,0.973168
7675,13456,0.9791972
16769,4024,0.9743022
1200,1203,0.9764639
19890,5718,0.98676366
9461,9963,0.9934349
16442,20013,0.9824536
18002,7230,0.99034494
19301,19640,0.9859467
13547,13546,0.96315664
14679,19726,0.975273
18403,6900,0.9720771
16267,2376,0.99768376
7343,14483,0.9823554
18712,11678,0.989912
15657,14662,0.99213386
10327,12535,0.9785696
20048,6289,0.96978205
11283,3445,0.97616583
4540,18250,0.982466
12627,15565,0.97816193
20164,5005,0.96286786
12050,5949,0.9743862
7522,4998,0.9791484
11463,6124,0.97471493
3994,19722,0.9705897
17457,13967,0.96780515
19743,2452,0.9607095
6962,7606,0.9845136
13523,16682,0.98570824
5414,8318,0.97555554
18756,18246,0.9775004
7805,14995,0.9610168
7837,13186,0.96136254
17188,1845,0.9517637
18558,13164,0.9860161
12773,16151,0.9885455
16535,6047,0.96545434
11707,8188,0.98627603
15711,19639,0.9866247
5869,4554,0.9925607
5360,17518,0.98599005
12930,16940,0.9833418
10007,19008,0.98149854
13628,5047,0.9749717
1859,12780,0.99447954
4662,13159,0.9923873
19486,20017,0.9525631
17509,9540,0.98178965
7923,15195,0.98156273
14064,18737,0.9864499
16209,17711,0.9757007
18281,2072,0.98785317
15975,18333,0.97844803
8572,8574,0.96937335
10808,5142,0.9690258
9447,5190,0.97962385
10895,8612,0.99331504
17551,13209,0.97975004
6442,18561,0.97911686
9446,9041,0.99440914
7110,8036,0.98206675
18329,2277,0.9899895
12218,9071,0.99456465
14592,8898,0.9944254
14719,16741,0.9848082
9066,9055,0.9924576
19569,13501,0.99096316
12988,6112,0.9881193
18437,14406,0.9821634
6286,6471,0.986783
2552,2614,0.9734214
7993,14173,0.9929478
5046,7463,0.9898427
8908,18618,0.9642628
17614,10021,0.978111
9143,9481,0.9900662
15472,19058,0.9926668
18127,18668,0.94971913
17116,19664,0.9816949
10156,10157,0.9730022
12136,5272,0.9832033
5527,4942,0.9807598
2747,2735,0.98538244
2846,3018,0.9883079
36,245,0.99226826
18241,12307,0.98148143
8085,17136,0.9699448
14596,18618,0.9645609
14931,19475,0.9773917
12747,12312,0.96288735
20279,13099,0.95817024
17542,11704,0.97533697
10853,17750,0.96626383
9797,5641,0.9887328
9764,9329,0.9643721
6371,6370,0.966932
12137,12138,0.88225275
16013,12122,0.9788916
20355,5648,0.9916819
16574,19614,0.990341
10253,10256,0.9928799
10595,17617,0.9767284
9939,9427,0.99180555
11498,9094,0.9956519
9682,9657,0.9635306
18120,9745,0.986426
11441,19707,0.96580553
17961,18474,0.97344697
14563,7530,0.97464967
12238,18660,0.9893064
9904,15089,0.9859459
16578,19113,0.9770108
15025,19611,0.97569466
8705,8707,0.98843676
8709,8714,0.98883396
9024,8811,0.9794207
8372,8373,0.98384607
8374,8373,0.98334426
6084,17044,0.984297
9014,9015,0.9807318
10601,10600,0.983148
10603,10112,0.98385054
10121,11194,0.98352945
15230,14399,0.9928827
10726,17085,0.99432194
18942,7294,0.97529775
16362,3682,0.9766083
6483,9851,0.98686326
13248,2555,0.9820858
10606,10610,0.98352414
736,734,0.9741804
6003,6005,0.9773312
19843,12802,0.98261607
13553,19131,0.99567825
6838,19371,0.978564
12884,7132,0.96874267
12805,6333,0.9768098
12449,12805,0.97618014
4053,4058,0.97410214
17092,12657,0.99526113
16365,17885,0.9758779
10645,10644,0.96371
6908,6907,0.9950948
11891,5867,0.9817161
11895,7295,0.99010706
15418,4353,0.9634774
20011,11582,0.9735825
3775,3774,0.9682666
19744,12807,0.9787184
10657,13094,0.99037445
13531,17077,0.9966059
5351,7918,0.9946831
6887,3799,0.9740664
5259,5258,0.9942549
9868,9369,0.9948095
16759,19641,0.9949602
17084,9862,0.99478686
17873,7366,0.97484654
10650,10190,0.98182386
7692,12089,0.98692524
2351,19686,0.9749611
18321,12802,0.9831903
5917,6754,0.98804784
17719,14263,0.97895753
19339,9625,0.983707
18395,11890,0.98302585
19329,15311,0.9831548
16303,18850,0.9967235
5228,9651,0.98624086
15252,13703,0.9918584
18113,9927,0.99375266
16952,14508,0.9818896
3266,11932,0.97795093
2549,2548,0.96953154
18828,2878,0.9893638
12475,4158,0.9763717
16858,15339,0.9862949
3265,11932,0.9779644
12958,17985,0.9871607
14468,4821,0.970237
6701,17894,0.9752681
2536,2799,0.98524135
2809,2806,0.9854703
3588,5855,0.9926186
14875,3937,0.95833004
3772,19415,0.9669716
7748,16517,0.9938228
18999,4749,0.97964936
9881,18906,0.990004
4712,18994,0.9890137
9857,13339,0.99010974
17891,9881,0.98894274
7366,17360,0.983622
6266,10516,0.973739
5488,11499,0.9810053
14989,7643,0.97754943
17836,6755,0.98797065
17837,11200,0.98801184
6628,2394,0.9859907
6686,8089,0.98489016
6685,14779,0.98781526
6247,6234,0.98465574
13241,11051,0.9835189
3061,12847,0.98815906
10529,10494,0.9878467
5653,5651,0.98763055
14969,15961,0.96873707
4969,16743,0.9751363
13955,19512,0.975737
15933,7323,0.98202306
17014,13014,0.97926533
19142,9501,0.9750797
9408,9407,0.9724426
15602,18656,0.9729389
13193,5960,0.608455
7412,18510,0.9771951
5510,11415,0.9871907
8602,12088,0.9769745
16957,16482,0.98299396
7172,15921,0.97865343
18489,13928,0.98312485
15458,6191,0.9903644
14005,7698,0.97783697
7584,7958,0.98278505
14499,7708,0.9835458
18274,7214,0.9833519
2986,2985,0.9842541
2881,2880,0.98956454
14568,17818,0.98132664
14286,13273,0.9866453
12445,19924,0.94849354
2531,11170,0.96953076
7451,14271,0.96866107
2030,16772,0.96942747
5832,19343,0.9852948
18614,20331,0.9878334
6452,15964,0.96670914
6790,3594,0.9806353
11942,3345,0.9763731
15048,15804,0.99723595
2580,2576,0.978962
7155,18889,0.9857048
12872,17343,0.96403706
6202,12868,0.96511257
16367,13312,0.9823179
12833,2759,0.966928
15415,15331,0.97754115
4217,4216,0.97599494
4365,4589,0.97412544
4181,4179,0.980124
6942,15409,0.96321326
9308,18645,0.99139625
13822,13821,0.99567986
19970,15420,0.9651388
3820,3800,0.96808213
153,155,0.99068177
15826,17869,0.9775738
10306,5589,0.9752915
4379,4377,0.9635026
14904,4481,0.96340567
19113,12208,0.9769207
19472,14930,0.97034866
10043,3719,0.9646198
6309,15260,0.983217
15341,11927,0.96170604
3996,12898,0.9638826
14421,3997,0.9644843
3958,18451,0.97474504
15772,2908,0.98827934
5701,18689,0.994214
7448,6112,0.988118
3032,15349,0.97881556
16898,3723,0.96731144
4364,16480,0.9824771
16826,19892,0.9884085
2330,2331,0.9945017
6540,12359,0.9911992
14958,15940,0.9799438
15458,13944,0.98979014
2723,5680,0.97803724
16736,4743,0.9896548
10495,8441,0.98001343
16622,16619,0.9877015
11532,18720,0.97656506
20312,20007,0.97432774
8743,5460,0.9843369
6057,8513,0.9750106
8632,8366,0.98697054
8765,3814,0.97073877
3903,12275,0.9787346
13205,13206,0.97645664
13631,19163,0.99211746
13025,13993,0.9785186
6069,6068,0.9942926
1878,11750,0.99212706
19863,18844,0.9948118
14246,19835,0.9913925
19555,2603,0.98159146
12102,7804,0.98020107
4755,20212,0.9772464
11538,7655,0.98184454
7613,7614,0.96648884
19547,7054,0.9856418
10457,15769,0.9642909
10782,10844,0.9758804
13041,12193,0.9578755
12315,10943,0.98997086
15813,19907,0.9917202
11594,14542,0.9650695
13281,12362,0.9976846
16093,10192,0.98154485
4757,16123,0.9783252
7789,11538,0.9823445
16768,14373,0.96080214
12247,5743,0.9886129
18221,15564,0.99435115
9533,15077,0.9792125
2950,10130,0.95942324
13507,20097,0.9780099
19760,14708,0.98977214
17016,18774,0.96919537
11061,4946,0.98929894
9619,10307,0.9949244
9763,11561,0.9826623
7979,17752,0.96815497
16824,15794,0.99671245
16012,14548,0.9505992
18322,13709,0.984269
5266,10002,0.9952874
8365,11031,0.9775198
13610,2951,0.98213124
16034,8267,0.9797759
18107,14097,0.9907284
8179,8332,0.9873592
11043,5541,0.9847211
18854,2505,0.9777083
19929,16867,0.989174
8451,8066,0.9857114
17713,19679,0.98125386
19165,5413,0.98516834
6539,17190,0.9853195
8173,13028,0.9847105
19059,8132,0.97274166
11263,15151,0.96689314
17137,18747,0.9768082
13036,2351,0.97741336
1091,1090,0.97572577
18643,6461,0.9849242
18442,16883,0.96662325
17368,18442,0.96633184
14400,6887,0.9730757
18074,8001,0.98488
5764,6626,0.9791559
11142,5848,0.9845561
5585,2699,0.98096436
18232,16535,0.96588904
3111,15824,0.9897714
13250,11224,0.9881847
16080,17100,0.9803473
12225,17093,0.9870105
15564,7143,0.9946392
20166,10295,0.9541948
17736,2347,0.9800044
9762,5270,0.96376926
2747,2279,0.9867628
17792,18828,0.98972005
15164,19091,0.9858417
12880,11311,0.96162856
13781,16363,0.9839197
6700,13327,0.9592158
18895,11248,0.9898735
17098,17600,0.9580874
13078,14609,0.99242777
15587,12650,0.95680773
12751,12680,0.9929101
17011,20078,0.9822505
10982,16152,0.91999125
12322,16643,0.96309274
18217,16134,0.9717746
19257,17051,0.962929
11818,2170,0.9924688
16643,17081,0.9677091
4847,7479,0.9924198
10142,9616,0.98202753
12300,13108,0.97499996
10206,10906,0.7158309
12408,12836,0.98918355
1399,1400,0.99082667
17257,13283,0.9734961
10148,9617,0.9815425
17844,19358,0.9895928
12439,18424,0.98043
16926,18982,0.95594066
13551,19149,0.95144886
16083,15075,0.97027683
2806,13762,0.9853888
18906,19926,0.9899005
20281,18903,0.9918235
17881,13781,0.9878449
17812,2353,0.9851968
5825,15279,0.985059
8042,14222,0.97125006
19884,2731,0.9879095
13691,3571,0.8145464
15283,11136,0.9972402
5291,16014,0.98486495
11893,13524,0.9659312
2838,2844,0.98989236
11240,18679,0.9615107
5547,5819,0.9932207
10087,4942,0.9802555
13159,12725,0.9926723
3378,15362,0.9931264
15457,4935,0.98762774
10889,10885,0.97884756
18634,19638,0.98261917
17017,14699,0.9805093
7479,7467,0.99231225
846,845,0.991943
15103,14481,0.98285806
13817,4298,0.9914691
18056,4607,0.98780966
4011,12431,0.9716323
13256,18371,0.9947043
1711,516,0.9910425
9244,9243,0.99506736
9291,15068,0.99276865
15838,13872,0.9650832
13750,14809,0.9884425
4771,7389,0.97667015
11885,3039,0.97815037
12805,6472,0.97715867
3380,3379,0.9928746
1890,6228,0.97441566
12652,9146,0.9889819
15366,18154,0.9976044
19070,8048,0.98119855
2958,18265,0.9914904
5022,6201,0.98395663
8820,8755,0.99166405
11552,11555,0.6230128
1154,675,0.94764847
13374,8519,0.9814385
19216,15919,0.9844094
5607,10148,0.98162687
16225,1965,0.9833994
6493,12875,0.99327517
17302,14295,0.9881146
11023,13287,0.99812907
6227,18421,0.9743851
18946,7318,0.97141695
13726,3741,0.97721964
18965,14898,0.9683239
15000,15659,0.95720524
18180,12168,0.96188843
19580,12168,0.96205556
5405,2588,0.9808333
17728,17233,0.98054
12810,17290,0.98797417
7378,10060,0.9706424
15273,17806,0.9947278
12481,17404,0.9745394
6569,2009,0.9650859
18224,4187,0.96667236
6669,2300,0.9884842
6642,14775,0.9854998
4145,4119,0.9713353
18346,5533,0.99131095
4339,20096,0.97907877
1888,19592,0.9821837
12432,3089,0.97859406
17318,11876,0.9885925
17308,12406,0.9895746
12371,16832,0.9815269
6361,2202,0.98897016
14201,18765,0.9860139
8586,6814,0.99019885
16596,2220,0.9917419
6423,19857,0.9899059
14438,12485,0.9719426
2987,9986,0.9767531
14466,4716,0.9610297
16961,7620,0.971494
1157,1155,0.92411715
12846,14814,0.9869817
17869,16349,0.9787643
14303,2934,0.99328977
18300,2973,0.992695
5734,5736,0.97476506
760,762,0.9919911
18380,17852,0.98794335
12226,9201,0.98995364
12836,16825,0.9886713
16349,6888,0.97995466
15556,16041,0.97885793
6681,5322,0.9758276
1916,10555,0.9847995
16309,16866,0.99122834
11827,2924,0.97657096
3788,3398,0.9793595
5867,13424,0.96886593
7949,7120,0.97189033
17288,11839,0.96926504
14772,15775,0.9687308
2413,2414,0.9671746
3925,7301,0.96467793
5080,6804,0.9808699
18449,3935,0.95563084
10235,10676,0.98983556
10425,15107,0.9928053
15450,17428,0.96845734
19422,3877,0.9654989
13334,15382,0.9712272
9574,5602,0.98788095
9056,9058,0.9782151
13497,19742,0.98885393
20187,20066,0.9844661
8816,4940,0.9955088
19545,3004,0.9793155
2123,10708,0.97770053
13128,20007,0.97531486
9569,2150,0.9840329
10234,10674,0.9899861
12238,14117,0.98902434
20020,3638,0.9785035
20319,13996,0.9777259
3438,14854,0.9880185
7876,5925,0.9809263
11533,15504,0.9900939
15560,16056,0.9657616
13958,13467,0.98334634
10786,5566,0.97888047
3665,18929,0.98369044
4818,4594,0.9812174
14943,4864,0.98271865
19508,19507,0.98255116
1863,10946,0.9859049
9130,8889,0.9654246
2169,16485,0.9730407
4592,18763,0.98576933
11276,8813,0.97913057
8285,8561,0.98267716
13232,16826,0.987666
2697,6260,0.96948403
13176,12720,0.99150777
18135,10248,0.9566937
10129,10623,0.98437226
9074,8651,0.9690813
3729,16359,0.9731294
7461,14324,0.97997725
3781,11316,0.96088755
3987,7352,0.9494103
3465,11961,0.9753627
5799,13475,0.9799217
4590,15466,0.97650504
6910,3187,0.9724955
18526,18011,0.9740813
16282,2323,0.9836443
6763,5921,0.9909751
6116,12096,0.98768216
10916,13568,0.9951946
15918,19481,0.982566
18902,19399,0.9900552
15196,18244,0.98933405
17555,8657,0.97743785
15498,7512,0.97844166
16052,8875,0.96396315
14394,20360,0.98846555
18881,5984,0.9562943
6283,17321,0.9882896
2972,18879,0.99370944
19480,20012,0.9827811
14763,6377,0.97224563
19397,3313,0.95971525
16971,5059,0.9830446
6012,15810,0.99047893
6943,4057,0.98989594
13979,14514,0.9714504
3300,11541,0.9897327
10674,4404,0.9902276
6065,7351,0.98460305
9730,10359,0.9860699
17943,16408,0.98836994
14445,4152,0.9622572
7184,7181,0.9742633
18970,4432,0.97123635
9370,17099,0.99311066
17752,16012,0.97472125
14808,13292,0.988278
7200,3724,0.9673168
15930,7277,0.9710724
19022,17453,0.9828995
12679,18181,0.98041016
12898,18452,0.96395266
2823,20190,0.99006164
18142,10339,0.9906501
14543,11310,0.9670665
8739,8737,0.9827518
11215,17007,0.9935486
13128,15250,0.97684264
5874,5493,0.9922431
18699,18698,0.9815486
3560,11549,0.9805073
12758,12573,0.98246366
13610,15113,0.98028195
11310,15679,0.98323935
16223,8352,0.98972017
18115,20342,0.97681284
8035,8034,0.9699758
16385,7033,0.9679769
7546,7268,0.979787
3062,14157,0.9735764
14144,12680,0.98941284
2826,3079,0.96284354
15636,7899,0.9836977
16891,3803,0.9575537
13322,13320,0.96892905
16026,19185,0.98333263
19612,17067,0.99660766
19809,17055,0.9732891
1012,480,0.9700141
14198,19092,0.97459847
13100,3085,0.9680967
14610,12230,0.9894517
14096,17588,0.9907075
17594,13077,0.99077296
17093,13073,0.99060214
13077,12663,0.99099004
12665,15074,0.9913966
19559,12121,0.98932797
2967,19285,0.9886197
15478,5368,0.97669095
11264,11266,0.96803266
12230,16079,0.99005276
2885,4581,0.97857827
17015,18298,0.9634018
14594,14592,0.99444324
2905,11314,0.9912623
17176,15164,0.98548764
9895,19963,0.95650476
20166,19149,0.9523287
2777,2776,0.98573905
7800,14535,0.9758512
19833,12710,0.99816775
10738,14103,0.9543672
13890,18568,0.9258556
1456,1457,0.98913413
13552,12222,0.9914649
14699,14386,0.98312217
19420,7262,0.9665926
10387,14232,0.9849342
16006,15566,0.9294146
2492,16866,0.99255013
15056,19149,0.94985896
12648,12221,0.95349634
17090,9953,0.956571
14095,19128,0.945546
12408,17301,0.99548537
9695,9694,0.97505546
12666,19652,0.96989644
14107,1985,0.97271395
2770,2768,0.9853726
20281,17891,0.9822609
14108,9827,0.9815388
2774,2770,0.9853807
16232,13325,0.9808828
12925,4619,0.9835566
3298,4279,0.9911595
17154,10374,0.9857611
17328,19916,0.94237906
9924,16927,0.97414714
15872,16896,0.97330487
16049,12215,0.9468
9659,11651,0.9877559
13244,13716,0.9767535
6898,3012,0.97979075
12944,12492,0.9614223
15981,19214,0.9779131
2681,4414,0.96747184
20348,13934,0.9738043
16379,20284,0.97462046
5336,14431,0.85666895
17052,7994,0.9698074
6828,13286,0.99563676
16989,12534,0.98911536
18278,13191,0.9889953
16589,4147,0.98463446
8210,7130,0.9921659
8062,17119,0.9677582
16589,8906,0.98443735
19884,2713,0.96712166
14215,10944,0.98245335
16725,20103,0.9889197
17707,17027,0.9855467
11050,2131,0.9935196
15754,6081,0.9875694
9356,9355,0.98452014
14277,2476,0.99081707
17804,18859,0.9902586
15775,5785,0.9688648
15187,17203,0.98670816
8049,19739,0.975317
4245,4244,0.976383
12491,15902,0.96712756
3359,15360,0.97519696
3976,3977,0.9636935
14425,9925,0.9584494
19471,14410,0.9672771
4624,9988,0.9607285
3583,8445,0.97714293
4246,15690,0.9571849
17032,16714,0.9857744
13244,6850,0.976025
12487,14441,0.95228857
3425,14847,0.9735627
12501,16434,0.977512
14486,18718,0.9642835
7113,7112,0.98204523
6864,3892,0.9723351
16970,4916,0.97900325
19272,18252,0.9867684
18507,7344,0.9876458
18683,14148,0.9843449
6158,5045,0.9900568
9072,18767,0.9862665
6379,15958,0.99198395
3194,17129,0.994007
9029,9026,0.9778201
9041,9047,0.99444914
11000,19064,0.98809904
12012,14429,0.96435547
16371,3055,0.97281307
19427,11722,0.9764189
17415,4991,0.9773251
3239,10440,0.99014693
15983,7756,0.9936707
16985,19047,0.98664004
18901,16369,0.9908793
14055,17542,0.97493696
9630,12237,0.9738116
16780,17775,0.9972664
7400,12725,0.9925546
14749,11005,0.9845241
9007,7758,0.9839092
19591,20110,0.9762322
11623,15061,0.99047816
7824,16184,0.9734456
12870,16380,0.95473033
17384,18958,0.96501255
3282,17886,0.9715465
9888,9254,0.9454713
2137,17267,0.98115057
6130,7351,0.9848555
16819,6106,0.9883108
17829,8997,0.98369133
5280,7896,0.9774819
19886,5945,0.9586116
16828,13291,0.98820287
6131,14491,0.9851023
16361,16837,0.97338516
19969,17939,0.96534723
11347,7434,0.9764553
15843,6705,0.98908734
4185,15409,0.96347225
3575,4204,0.97624934
15439,4706,0.96695787
17894,7087,0.9771025
7138,7139,0.96145993
2370,11156,0.95894
10818,10278,0.986371
19381,13300,0.9914908
13470,10062,0.98149693
14961,12108,0.9891888
17259,6198,0.97731847
11110,2910,0.98887575
18421,3365,0.97450495
6029,17329,0.9737588
16894,3909,0.96826833
12147,16792,0.9756294
16519,7820,0.9730621
8584,5559,0.97503835
10385,5404,0.98068947
17805,19341,0.9899664
20085,15495,0.9784363
6044,6043,0.9917897
11085,5123,0.98027325
13053,16037,0.9868407
16001,8069,0.98884404
1888,11484,0.9832239
8658,11095,0.98870903
16529,17511,0.9826398
18070,17484,0.9855887
15934,18502,0.9708463
17992,12726,0.97195923
6631,2710,0.9588606
13152,11747,0.98163754
10626,10627,0.98204213
12592,14018,0.9558431
2649,2637,0.990921
3203,3202,0.9598692
11141,18342,0.99031186
18476,3785,0.96966636
14780,2472,0.9671249
3049,4300,0.9929831
3216,16884,0.9768768
16873,12451,0.9737057
7157,13313,0.9856317
18429,11402,0.9620493
491,752,0.99152136
489,488,0.97190857
3533,20217,0.96257687
1932,2027,0.9844385
15997,18258,0.9805972
9540,5299,0.9716303
12282,15215,0.9785079
16035,1884,0.98724127
15323,19377,0.97255987
19991,14913,0.97421217
17577,13806,0.9810831
11578,16040,0.9791894
11644,7917,0.9929114
18348,14233,0.9939448
14510,12756,0.99099404
13681,5208,0.97489005
17743,5206,0.9733042
14181,3557,0.96906626
3516,3536,0.9777745
20143,11584,0.9824315
4157,18462,0.9759867
12540,10789,0.9912862
9236,10748,0.9766739
2119,10325,0.98764116
14000,16735,0.97933
17298,2848,0.98982877
16719,17190,0.9850168
14028,13524,0.9795721
10836,18213,0.9781457
19671,17620,0.99169815
5426,20094,0.98558795
15078,16608,0.9645493
12860,18918,0.96066046
17265,2320,0.9976774
13568,10741,0.9953069
18109,19143,0.9731111
18374,5955,0.99130356
5758,16253,0.9846261
14788,16291,0.9664463
12799,11036,0.98706126
4599,11842,0.984623
4600,17962,0.9847623
14792,2547,0.9454671
17982,7508,0.971056
16329,18881,0.95627993
16778,2149,0.9846756
1884,12175,0.98579574
5437,7868,0.98105353
15212,16765,0.9833234
16378,18742,0.9694668
14820,6818,0.99093074
13819,6853,0.99205506
11076,12829,0.9974643
18334,8626,0.9758518
16600,19133,0.99345994
13023,15790,0.98108023
2997,2996,0.9672606
1989,13816,0.99391705
8588,11074,0.96620786
13680,16553,0.96945614
19326,18868,0.98889345
18396,3732,0.9833914
11970,16390,0.98179835
6727,6702,0.97899574
2586,2178,0.99280906
16061,7704,0.96523
4716,4718,0.95969933
7300,7302,0.9446321
4164,4163,0.973624
16860,3240,0.97452116
12127,12120,0.99288106
4989,16568,0.9945439
12541,6322,0.98331153
15915,14138,0.98638874
9059,8392,0.9789731
15972,10565,0.98177814
18191,19717,0.9694369
18333,13465,0.97872007
7584,4630,0.98274624
7118,7822,0.96918327
8662,8404,0.9671331
10361,5622,0.9800069
9334,9719,0.9939765
8616,14765,0.98030156
5570,6267,0.9612423
12229,15598,0.9958281
19136,13076,0.9958028
2270,18622,0.96591717
11770,9758,0.97947675
13298,6618,0.9892707
380,1262,0.9897171
1063,1065,0.9917778
11928,18412,0.9912367
14959,16981,0.9784815
5338,5337,0.99094605
4469,6048,0.9831297
750,751,0.9898079
18760,3076,0.9684208
9484,9467,0.9925194
19220,17897,0.99073434
8386,8646,0.99355173
16625,15495,0.9786129
5662,9970,0.9805972
13989,19166,0.86172014
17588,18107,0.9906846
11632,14097,0.99081755
17594,17592,0.99064004
18112,12665,0.9870449
17095,16601,0.99111277
12227,13074,0.99075806
17100,17596,0.9564774
16793,12366,0.9970906
11632,12227,0.9909949
6702,2479,0.979807
19814,12780,0.9942321
17926,6700,0.9611192
16082,16604,0.95292056
14105,16604,0.95555186
11153,11813,0.9859115
16319,10766,0.9914799
6618,19322,0.98755497
12519,19559,0.98910683
17597,17600,0.9585034
17098,12650,0.95750356
4277,4278,0.98735374
4925,7979,0.9568157
11566,18171,0.96215093
17152,16128,0.9852856
8045,8046,0.98879355
19604,12687,0.982183
19898,17262,0.98672056
4761,17051,0.9370888
17597,10738,0.9536984
19890,14817,0.9868891
12826,14800,0.98546684
17301,16264,0.9939505
19128,13551,0.9473821
15601,17105,0.96852297
2578,19944,0.9926605
2743,12832,0.98778653
1191,1192,0.99152434
1896,2969,0.96659684
13083,17603,0.96435267
16812,2774,0.98255825
13537,10678,0.985581
11369,12493,0.9813731
16528,17056,0.98490477
19399,16374,0.99016285
19926,9857,0.9900148
18424,19930,0.98870075
17881,18895,0.98984444
11190,11183,0.9946548
20129,11628,0.99204904
19876,17831,0.9774828
19362,6841,0.9940479
8410,8412,0.98506576
7302,17934,0.9463747
3954,18450,0.9609807
18446,16541,0.97770303
15798,11864,0.9671952
14052,5587,0.9904541
2203,2205,0.9970042
13827,4311,0.9913272
14832,3130,0.9678417
9409,9929,0.9735391
10735,9912,0.97025675
5761,6368,0.9732589
14821,14267,0.9882181
13274,14286,0.98682296
2142,2841,0.9689114
14433,4395,0.9792087
3233,3677,0.9767352
5909,5908,0.9778962
18365,2757,0.96626127
18908,3340,0.9662269
12961,7297,0.98725885
13075,5256,0.9781004
12022,4476,0.92184246
12108,19549,0.99249214
18957,11364,0.9755352
15390,1976,0.9545252
8878,13541,0.99012786
18333,10482,0.97692436
14030,19708,0.974096
4404,2441,0.99037266
6436,17469,0.9927596
8610,8719,0.97978014
5136,5140,0.9915201
6649,6648,0.9894767
18558,19090,0.9888544
8233,17539,0.9820848
6511,6032,0.97613645
19357,17842,0.9915085
9762,9741,0.964072
15521,19729,0.97325057
7137,17426,0.9636922
2046,15054,0.99521255
18068,13169,0.9610678
16294,12359,0.99099594
5796,5781,0.974498
3198,4391,0.9768659
9576,10101,0.9810417
12815,11807,0.98568046
12067,17423,0.98550284
15007,19749,0.99152
19898,2942,0.9865893
16796,2417,0.9770458
5250,12129,0.9611924
2868,18378,0.98422605
2100,11011,0.99591005
4177,4405,0.9805484
2627,1853,0.97675794
9330,9863,0.9672706
10107,9484,0.99257576
15665,10834,0.9459582
2887,14733,0.9918719
19609,11115,0.98982507
15943,4305,0.9896062
19114,11582,0.97397316
7077,9310,0.9529556
11555,14239,0.8913242
19406,13332,0.9719964
1201,1203,0.9897685
5707,5878,0.9761906
16743,10983,0.94774914
8018,2968,0.97761405
8177,6165,0.973005
2766,2764,0.95789945
11865,17898,0.981351
12350,11229,0.9619981
19850,13724,0.98800707
18856,2214,0.9979631
6957,5394,0.9859321
19772,17480,0.9831639
17244,10323,0.98883456
14092,16243,0.9644716
9392,16320,0.98388946
19433,12471,0.9647431
3927,16891,0.95935524
10107,10108,0.99264693
19754,16862,0.9833987
18958,19969,0.965175
5974,1873,0.9835798
1992,17534,0.98496974
12908,6970,0.961857
19965,11996,0.96463394
4037,4038,0.98403937
7945,8199,0.98346764
11815,4847,0.9924601
11027,11026,0.9440148
17737,8182,0.9890142
15816,17321,0.9883625
8588,4422,0.96645945
13816,3588,0.9935601
11627,20175,0.9888349
6196,15317,0.9891165
8647,8386,0.99365425
15362,12875,0.9930352
15264,19332,0.9973199
8693,8465,0.9932307
13562,13216,0.9864907
6605,15284,0.9902199
7331,12721,0.9750235
17061,2562,0.9923166
11399,4061,0.9753169
18459,16412,0.9719862
14918,6996,0.96084076
11703,13518,0.9778882
15405,4103,0.9742949
15927,7336,0.980292
4402,4401,0.9809411
13968,15484,0.97625047
10444,6273,0.9793448
15454,13458,0.97901535
15485,7809,0.98522884
5214,9057,0.9780713
20061,17157,0.9777827
7356,16461,0.98072076
19276,19565,0.985502
10505,7056,0.97167844
18192,12287,0.969909
10069,9549,0.9803242
12630,11169,0.83310676
15560,20154,0.9660937
17461,19530,0.97732985
9034,9049,0.9746971
18605,15688,0.9912369
19270,20132,0.98989886
8551,5031,0.98648214
7971,18009,0.99276805
17171,19519,0.99149394
7693,15479,0.96793914
8139,8141,0.9958947
16037,5064,0.98747766
14639,18748,0.99197114
14430,15885,0.965142
7839,20082,0.95907366
3338,3337,0.9668989
7845,14987,0.9793565
10619,5728,0.9729561
2952,19474,0.97915995
4470,12020,0.97538656
7574,7575,0.9780398
13957,11440,0.9733791
11440,13020,0.97431403
14521,8494,0.9781482
4988,9567,0.97825694
16981,18513,0.9793174
9063,9062,0.9939184
20248,9299,0.9703837
8244,3534,0.98484343
7704,8914,0.96529573
19537,16475,0.9697205
10094,10074,0.97489005
15615,15614,0.97758114
5156,5159,0.9815657
11183,5265,0.9952566
9012,9013,0.97959626
8460,4942,0.9806262
2799,17860,0.9851832
13748,13283,0.9928911
16641,6260,0.96989965
16133,16489,0.9905377
13478,19037,0.9743969
3222,11249,0.97787195
12900,17378,0.9789773
16106,13147,0.9742877
19725,14678,0.97617745
9875,5258,0.9942637
19991,18477,0.97429615
3549,16297,0.98151684
12930,16939,0.9829017
4107,7386,0.9665297
7340,3987,0.94850063
19358,6637,0.989861
18928,12439,0.9893702
12978,14922,0.97864586
16601,19645,0.9915057
19004,15452,0.9794475
16054,11594,0.9705841
12494,6638,0.99070626
6994,16109,0.9774713
15120,15571,0.98806006
7070,14858,0.9598223
2716,17845,0.98916304
13100,15574,0.9749074
12301,15220,0.97213596
7383,12007,0.9582985
19887,19328,0.9894357
6900,3164,0.97085774
19962,19424,0.9628951
16435,4660,0.95875776
16765,18223,0.98332745
3333,15842,0.9665985
17420,13007,0.97481495
3833,3047,0.97502387
19375,16830,0.9884327
8623,6742,0.9835622
20189,2943,0.9938286
18011,10812,0.97481626
6830,6797,0.993652
6327,14972,0.9791199
13476,16467,0.98747337
19047,12985,0.98593557
13960,12087,0.96975434
12977,17432,0.98898447
11459,20120,0.99129885
6170,17458,0.9939136
15284,10607,0.9880067
2517,14276,0.98734736
15843,3150,0.98910797
12453,14558,0.96051764
11237,12426,0.9881402
10544,5240,0.9641349
13714,17270,0.9845099
17979,16948,0.97434676
17344,13433,0.9709427
12733,10982,0.83062756
15594,17095,0.99092054
19217,17085,0.9941274
13647,12738,0.994183
13395,3982,0.98412895
3185,13777,0.9755815
13597,11922,0.98982704
10564,12529,0.97198063
12155,7670,0.9767428
17596,20174,0.9869298
8032,13155,0.9812139
16252,12789,0.9844887
17531,19585,0.9854381
9166,11167,0.97552425
16241,16544,0.98861545
6887,11573,0.88427365
11264,4225,0.979267
7616,17225,0.9364993
17060,10778,0.99393904
11052,6794,0.98476416
10096,10626,0.98084545
10788,10577,0.98595065
12222,16081,0.9462681
2985,2769,0.9847873
13727,6757,0.97101754
16554,18275,0.9812244
13074,15594,0.9908647
13073,14096,0.9906736
17592,14610,0.9896623
16081,18112,0.9752644
13767,3057,0.988351
5011,4894,0.9878511
3001,16346,0.98011094
2500,17283,0.9787218
12506,17429,0.9745823
16079,19135,0.9903082
20190,15070,0.99015194
10917,2478,0.93361443
2776,13263,0.96969575
17543,17729,0.9809806
13876,6984,0.94887173
16375,9499,0.8593087
18867,13298,0.98868763
4203,11503,0.98180133
17939,13904,0.9661818
3989,18951,0.9719549
10294,4442,0.9806378
11682,13108,0.9714884
19604,16636,0.9805875
19769,19690,0.9937202
6653,15310,0.98842454
3513,3512,0.97258604
19662,9694,0.9750328
13096,5689,0.98695683
2170,12158,0.99209964
18703,16135,0.9793117
17585,13552,0.991289
3043,17152,0.9854252
4262,4259,0.98740476
18695,18226,0.9837704
15566,20135,0.9571441
9812,17884,0.95729744
17844,12826,0.9878847
14863,11972,0.9900849
2359,2358,0.9852684
14863,19944,0.99135756
18652,13567,0.95835614
13567,13083,0.96127254
17105,12666,0.96867114
19652,18109,0.97183764
7290,17927,0.9588561
11973,13339,0.9895214
16374,17890,0.9901216
13339,18902,0.9898634
13762,2536,0.98521024
2768,2809,0.9853349
13263,16812,0.96770984
10195,16470,0.970337
5094,5095,0.97090113
3689,10344,0.9692069
18914,16868,0.97480416
18404,6285,0.97469217
8679,15561,0.93420494
390,391,0.6724554
14718,20227,0.99027365
18603,19561,0.97465694
12097,11117,0.9788482
9962,9963,0.9924791
8319,13504,0.9835375
9213,14609,0.9924204
20156,5053,0.98791224
11733,13213,0.9791564
5227,5226,0.9761816
13932,4813,0.9734708
4544,17959,0.96263736
18267,11577,0.9667496
14894,7414,0.9810565
14473,7605,0.98854303
8025,11246,0.980121
15372,14855,0.96551347
4398,17294,0.975831
17963,4610,0.96025443
12028,4533,0.9728757
12651,17085,0.9941591
6877,6876,0.98651254
18486,17404,0.9732212
19981,14904,0.9638493
8355,12318,0.6754038
17847,10694,0.98921937
4257,4271,0.98435336
20058,7052,0.992679
2225,2947,0.9909683
11012,4271,0.9843604
3654,3653,0.96841997
17326,15803,0.9881402
11665,12355,0.9907567
2414,16797,0.96742636
13310,12855,0.96754676
4196,4199,0.9648462
15343,11251,0.97150683
4218,4217,0.97509116
8493,8225,0.97897047
16287,13740,0.9838665
7340,16404,0.94806683
17934,3984,0.9481857
4095,19440,0.97573304
14468,15450,0.97067475
15987,12161,0.9874113
18188,10513,0.9764805
4198,15815,0.9772928
19464,15482,0.98920023
3792,11324,0.9720018
5209,12641,0.9794082
12417,3685,0.9753039
8911,8278,0.9647189
9223,18620,0.9649684
14689,12534,0.98881954
6150,13375,0.98983264
5802,12082,0.9810523
12631,8730,0.98071826
19848,2250,0.9839184
15773,15774,0.9852834
16986,7416,0.973872
6455,6457,0.9677023
9449,9048,0.9942621
12488,19336,0.987857
18009,4621,0.98952055
16737,17001,0.98571837
9429,11097,0.9918978
10363,5640,0.99047476
17766,19307,0.98787796
6561,6562,0.97272587
2262,8540,0.98273563
7223,12851,0.9731515
5509,8903,0.9869795
18510,15476,0.97816455
4102,4047,0.9953193
18519,14971,0.98485386
6179,11904,0.98975825
19905,19427,0.97704667
14518,18561,0.9785242
16106,16173,0.9754031
18320,13109,0.99195474
8758,11152,0.99392635
8802,8803,0.98410624
9848,10933,0.9926165
9516,9518,0.988847
13550,8381,0.9862017
15071,9854,0.96806973
14580,18601,0.9657925
8841,8840,0.98062
10622,10621,0.98295873
13796,13752,0.9798973
8640,8380,0.9655375
12524,14965,0.98597413
8651,8652,0.9684816
17084,20170,0.99476224
8642,14272,0.97384316
3725,3739,0.96979666
7161,19401,0.9843321
6017,14411,0.9643685
12382,18315,0.9860934
12392,2146,0.9933298
15249,5647,0.9837473
5185,8997,0.9825608
2450,6656,0.9865709
13475,10204,0.9799842
15986,14038,0.9753353
9399,5264,0.9942379
14938,6929,0.9621239
11954,3423,0.9716765
2179,5696,0.98813486
15410,16411,0.97265506
19513,12081,0.9821276
13968,18007,0.9750659
12504,4801,0.9740451
10062,4364,0.98218507
15619,19196,0.9880171
10350,2144,0.9587844
6560,6559,0.98525006
15564,13058,0.99426186
15200,18557,0.99302083
14034,12328,0.9851538
15278,16047,0.9628337
16084,13553,0.99573404
8357,1988,0.97351867
9210,10891,0.97593474
19728,11117,0.9789884
7299,14418,0.9809776
5755,14269,0.9840591
13645,16336,0.9155461
19989,15423,0.9728928
17860,2794,0.9851076
14542,15196,0.9383454
3227,4036,0.9621867
13688,18285,0.9577831
6637,18903,0.9868362
10286,15620,0.97065264
14137,16581,0.97449696
11923,18375,0.99154437
11556,11997,0.9642432
11583,15025,0.97444385
9617,9616,0.9823016
10147,9616,0.9824456
10186,19716,0.98138386
15491,12717,0.98337847
5559,5558,0.9753838
20291,7290,0.9605573
16269,2938,0.9897531
2693,18881,0.96025974
16271,6389,0.98952943
13027,14744,0.98154724
14020,7853,0.9774917
16447,12071,0.9782251
10207,10212,0.96928227
16596,19361,0.99148905
8036,6007,0.9819787
1021,228,0.9898289
4004,17377,0.9629293
179,180,0.9765959
15537,3383,0.9694623
4225,15464,0.98138565
7823,7394,0.9754165
17217,16007,0.98596036
15854,7079,0.96564174
3260,19927,0.9862779
17874,16351,0.9770405
12476,9988,0.9607775
12447,6235,0.9740347
1901,2292,0.97397536
9,8,0.9988065
7664,13166,0.97723526
13051,2377,0.8733447
16076,15067,0.9765621
12531,13166,0.977223
18156,16131,0.99457896
17387,18979,0.97023433
16597,12225,0.9869565
15992,7551,0.9843038
1949,10956,0.9873239
12279,18788,0.9809294
15385,12886,0.96451503
15664,5205,0.9764971
17829,15248,0.9840125
14893,18460,0.9691622
13177,7225,0.9896325
15181,14802,0.99393207
186,182,0.98369044
19074,3496,0.98299235
6840,16529,0.98256344
11667,15150,0.9822671
14919,7610,0.9867469
12066,4235,0.9861499
4685,18506,0.96999884
19282,18176,0.9800715
6432,19539,0.97364354
15463,11618,0.9694983
15864,19953,0.9761646
10542,12401,0.9810526
15803,19038,0.9885428
17032,12186,0.9856564
13832,5531,0.9920739
19755,20236,0.9743916
7143,17700,0.9948258
15074,16080,0.9477834
12158,5361,0.9929223
8554,8564,0.98026145
15821,15327,0.982404
15680,17266,0.9798362
4581,8870,0.97841305
18562,2332,0.97964555
19963,17926,0.9599506
16082,10917,0.9488626
11813,2777,0.9858662
19039,20055,0.99383754
19143,1985,0.9735024
8032,8033,0.98142564
907,903,0.8833569
12786,2121,0.99667776
10600,8560,0.98281246
2772,12837,0.992766
20174,12663,0.9909924
6843,2755,0.96574956
6919,6921,0.96294624
12871,15353,0.97221124
15723,10206,0.78896284
14206,20238,0.9878357
17897,11953,0.98992586
17137,17505,0.9862785
18911,11119,0.96545815
15056,12648,0.94750834
12221,17090,0.95511955
13068,14095,0.94375056
5984,18880,0.95471585
3193,18437,0.8855487
20130,14194,0.9812009
4437,4438,0.9496877
10015,11410,0.9883527
12908,4369,0.96265095
18449,19960,0.95505226
3214,2599,0.9763667
14530,20035,0.9830321
17976,11390,0.9602444
15052,19063,0.9794261
14327,12417,0.975525
14053,12291,0.9326876
19689,19674,0.98518777
15716,1944,0.978675
10512,11461,0.9736857
8689,2484,0.9894219
11804,11446,0.9906007
11791,15915,0.9868476
19849,2106,0.97869956
8524,8523,0.98045254
7199,10328,0.9901816
3638,4579,0.97913605
19589,18571,0.99401075
18637,18623,0.96909744
5620,10210,0.9472502
18633,17523,0.9928282
15133,8090,0.9663272
4747,12942,0.9618385
15431,17372,0.9783166
6185,6176,0.97346437
18846,18178,0.989451
11602,12632,0.9701479
3369,3368,0.9373597
18748,17000,0.9917536
13418,12486,0.97204685
7610,11401,0.98532385
15447,14936,0.98137176
7684,7682,0.979444
12525,10095,0.9824751
3187,3186,0.9717758
16552,16763,0.9782737
16538,14032,0.97489977
2734,14436,0.97320807
16591,8926,0.9760967
8963,8575,0.983343
9323,9316,0.99160236
17654,5348,0.99356824
19154,14725,0.9713812
18075,17748,0.9814026
14601,14125,0.9813632
9124,9128,0.9919076
7313,3415,0.9732005
10589,5699,0.98330575
9431,9478,0.99185526
5752,5753,0.9908139
4909,12513,0.9614779
10967,16906,0.9364558
17471,5066,0.9756467
17289,6756,0.9870842
8119,13514,0.9761811
1822,922,0.98883957
14199,18260,0.984209
13044,7854,0.9759818
19129,19641,0.99503005
9327,16605,0.99510443
3249,19368,0.98120946
14875,13355,0.9591935
15450,4822,0.9682257
3847,3143,0.972024
3695,13888,0.9697037
7329,3971,0.96431303
3759,13896,0.97179586
3500,17893,0.9810976
16379,6703,0.97476506
7258,14480,0.97597903
17830,18854,0.97525215
14779,2458,0.98784536
14250,2740,0.9880993
10681,7802,0.9767319
4313,4312,0.98290795
4360,4365,0.9742026
11859,3008,0.98105824
9176,9177,0.9919335
17393,5076,0.98947465
8122,8121,0.9762206
3384,14448,0.9744768
15169,14183,0.97397894
14268,14763,0.97180915
6409,12984,0.97038794
19886,5946,0.95872897
5652,3106,0.98755604
16919,9960,0.9729388
10715,16881,0.98067147
5571,8593,0.98413044
7159,3659,0.98590255
14276,6488,0.98732555
20296,16421,0.9661459
15667,13944,0.9907199
4226,4227,0.98017156
19491,18501,0.98120797
16485,3169,0.97289914
9030,13544,0.9944851
10030,10031,0.9778666
945,946,0.9712326
8337,15541,0.98340154
13855,18069,0.99028534
7608,5528,0.9806512
11095,6647,0.9900649
14821,17321,0.9882194
2615,11646,0.9920231
5835,18551,0.98012954
15830,18024,0.96647835
18024,18684,0.9664333
17761,11139,0.98027897
13420,19449,0.97128594
9262,10912,0.97168744
4334,5763,0.9410997
16422,16436,0.9777078
6260,15715,0.9721229
12976,5095,0.9706505
13860,4496,0.9919586
4289,4327,0.98711455
6983,13047,0.98678046
19544,6722,0.9785372
16923,14906,0.95865333
16364,12893,0.96992636
11396,7661,0.8022457
9811,13772,0.97821176
19723,8979,0.9921997
12856,16384,0.97253966
7198,7199,0.98997164
16816,2683,0.97340405
16721,15172,0.9801665
16590,8611,0.97966146
18153,13587,0.91214806
10907,9257,0.97629136
16731,18577,0.9892208
310,889,0.96708906
4715,10020,0.95901513
16905,18980,0.9718897
2963,6227,0.97395813
12000,16886,0.9700735
14651,4391,0.9770651
14670,6261,0.9816921
6078,2018,0.95845664
16522,19580,0.962141
4853,2070,0.9803402
8174,13208,0.9867237
13400,11660,0.99253285
13522,16821,0.965987
18948,18949,0.9591633
18076,14386,0.98226947
15107,10794,0.9920928
16115,5972,0.9756787
6475,8696,0.990615
11398,20015,0.9710696
11221,17851,0.9878093
16153,18145,0.9929011
12753,15576,0.99284077
12904,18460,0.9693328
16249,12994,0.95789474
19047,14951,0.9860801
14520,14613,0.96705097
16310,17302,0.9880613
4845,4844,0.9693095
1846,14181,0.96919906
12875,16872,0.9930478
3667,13885,0.9837953
16682,19734,0.98382956
16434,12929,0.9775515
6167,6164,0.984977
1916,11782,0.98507994
4084,7250,0.97222906
7178,7177,0.9859266
15492,16496,0.98829913
3651,20200,0.9754317
13839,7273,0.955738
154,155,0.99953604
4229,6729,0.98396456
10719,2049,0.99555993
17255,12792,0.979396
16131,12635,0.99497414
7102,17355,0.9768683
14573,2933,0.97535604
19821,18579,0.98894787
1899,4784,0.9881058
2389,16799,0.9846395
1924,8338,0.9723589
16638,14831,0.9217791
6391,11879,0.9880333
7528,6732,0.9792717
18259,20130,0.98638123
13172,16180,0.96725667
12343,12782,0.9763825
7463,7462,0.9896758
2913,18884,0.9907957
6457,6456,0.96861076
9680,16094,0.9888493
8472,20313,0.9837593
8423,15025,0.9753146
3818,14867,0.97555995
11954,12450,0.9718321
6182,2156,0.9855232
14872,6863,0.9695616
3798,3748,0.9705108
3004,2014,0.98209757
9567,8968,0.9366381
7891,3888,0.9870271
7637,15629,0.9906786
14487,13460,0.9757343
8275,8271,0.96607757
9314,9313,0.9924224
9296,11163,0.9743001
3888,8550,0.98682666
5025,7510,0.9949793
9148,20338,0.9875814
15064,19132,0.995067
16410,19972,0.9692208
132,133,0.9944342
9611,17608,0.98525095
8336,8335,0.98108405
15057,20129,0.99180686
9238,12656,0.99490225
5986,11059,0.9891222
17612,10562,0.9705704
19649,20172,0.9903616
15338,6636,0.9671701
7774,7773,0.97903425
18000,11417,0.97727567
15393,17931,0.96648896
13138,10045,0.986826
17984,10833,0.9815559
20066,10963,0.9836512
14425,4106,0.95886254
4868,13445,0.98279244
12079,7337,0.9805319
14278,9717,0.9839139
18357,5898,0.9906944
2281,14762,0.9841815
7624,7027,0.9826308
3244,18944,0.9744927
11976,17369,0.9804232
12991,6269,0.97169346
13765,3951,0.97756714
15931,7316,0.9872321
19429,18453,0.9795973
17310,2960,0.99186254
5894,2134,0.9846006
10116,12027,0.98000836
2075,9621,0.9881166
4583,18479,0.9640244
9174,5232,0.993979
17911,3636,0.96475315
17820,2416,0.9679022
3341,18908,0.9650555
3035,18387,0.9851736
2194,15263,0.9926301
4435,12020,0.97539955
18260,15704,0.9869164
11975,6890,0.99518836
14451,4509,0.97267187
11292,12877,0.9757898
3807,3809,0.96322334
10263,17132,0.9907514
17053,6633,0.9700909
11038,2296,0.9897351
18143,18704,0.97798073
14771,15280,0.9896912
8684,8586,0.98979354
7634,15504,0.99025327
15097,8098,0.99022686
14550,3608,0.9880828
8669,6648,0.98966277
13182,19729,0.97262686
9858,16075,0.97829026
18936,14841,0.97508293
17023,9300,0.989032
19329,8195,0.9831776
10231,10661,0.9767977
16225,6692,0.9839078
12308,6367,0.9923906
7181,3713,0.9744343
14843,16368,0.95507205
16453,15461,0.9806871
11701,12738,0.99425995
4972,16207,0.99000144
9840,9841,0.99427515
16402,4005,0.96223766
11843,11851,0.9786808
10683,19687,0.98906577
2794,10689,0.9816867
4125,17425,0.9678285
17429,10026,0.97380507
11471,3198,0.9767978
14452,19454,0.92623913
18411,17922,0.9756982
17513,17103,0.96256524
19987,4153,0.9810532
7243,7244,0.9665572
17950,12002,0.9684406
9852,5456,0.9770349
17898,3367,0.9767587
16709,16397,0.9705174
6672,17855,0.9923348
11351,10772,0.9701503
5362,11818,0.99274135
5917,11199,0.98569703
15899,11360,0.9715901
11572,2920,0.9436973
14243,5754,0.9900457
15231,4147,0.9846091
5530,6717,0.9923814
11724,12612,0.98152184
17234,12574,0.9986362
14816,6828,0.9941474
14351,11629,0.98413426
11185,11186,0.98454374
13363,2232,0.98474276
3236,3235,0.9758272
19595,10247,0.96029025
17307,15796,0.9883284
11761,13027,0.98017085
17292,2278,0.99175066
2565,16784,0.9979602
2704,2705,0.9822321
8934,15451,0.9789859
6899,9811,0.97850454
13543,9036,0.97787136
11121,5815,0.9945872
13956,12527,0.9814446
11674,12262,0.9877408
12150,7507,0.97430384
17015,10672,0.9633898
4223,12011,0.9602254
2215,2214,0.99789584
15087,19152,0.9796127
16429,15896,0.9814037
4003,14882,0.96219033
4042,4043,0.98589665
5117,13908,0.9817567
4729,16970,0.9789923
3952,12123,0.97792655
6867,7291,0.9738327
10332,10425,0.9928283
9384,9878,0.9791109
2370,13596,0.95666826
6719,6026,0.9842933
12592,13309,0.9900755
9395,9396,0.97769344
4553,7928,0.9803844
188,189,0.9975319
13640,10269,0.9547376
20021,17442,0.97758055
20019,13439,0.9814586
18403,3162,0.9716707
2038,13103,0.9708184
5885,2582,0.9838695
3999,17382,0.9742414
20223,12086,0.97162783
13990,19046,0.96468115
7428,17013,0.97205126
18513,10327,0.97823334
4442,13014,0.98003995
4594,7675,0.9808015
13996,20069,0.9770214
9455,6654,0.9612595
15974,17486,0.9774909
13278,12809,0.9739469
12330,1955,0.98276895
19223,13140,0.9640745
7593,12977,0.9889882
8312,6222,0.98942447
3625,13541,0.9875547
8997,8998,0.9831039
8945,8946,0.9654034
14594,8901,0.9942871
5723,5715,0.9727843
18664,14629,0.9868694
12238,9698,0.9889577
2567,2664,0.9899498
18672,20198,0.9875048
5748,10223,0.98552203
2031,11005,0.98487896
13669,6770,0.9950616
6871,4288,0.9773846
5157,17994,0.9700205
9457,17184,0.9868476
13906,13421,0.96819186
3299,4298,0.9914892
15194,12293,0.9819911
7032,4347,0.9842531
18012,16777,0.96499133
11808,6246,0.98897225
11339,4115,0.9356555
3876,16709,0.94816774
14837,3268,0.9724282
17879,3118,0.9725242
11544,4378,0.92764914
16286,2397,0.9846956
11475,6407,0.9876066
3652,12808,0.98850805
15254,10569,0.9852342
5962,5968,0.985693
12130,12133,0.95149463
17341,6637,0.98578125
20160,8966,0.9861583
2054,2097,0.9950631
3109,11052,0.9846986
14733,15169,0.9918801
13387,9979,0.99237156
13702,18874,0.9981166
5023,12524,0.9854338
17346,3436,0.97757626
7415,18963,0.9755778
10728,19133,0.99309087
10417,16350,0.97953963
13351,15866,0.9717639
11367,17961,0.9738341
9539,11738,0.9832961
17405,7481,0.9817918
17426,7135,0.9621669
12131,9333,0.92938393
17583,13216,0.6571911
12471,4382,0.9492332
3056,3302,0.9684522
6627,14849,0.9880459
2923,2114,0.99450135
6741,11283,0.97606057
14856,11283,0.97596747
7726,7727,0.9734185
4758,16466,0.9765696
17508,17024,0.9754024
12586,17039,0.9693796
16782,13246,0.9901917
16396,19994,0.9806927
19751,18044,0.96054745
4124,19218,0.96190953
16781,14756,0.9874729
19087,6592,0.9970086
20052,11132,0.9832493
16744,20094,0.9860955
18257,16233,0.98717844
4781,7268,0.9796315
2861,14804,0.99321014
12264,17208,0.9793849
6795,18367,0.9840456
18427,19956,0.975162
14842,1960,0.9713877
20286,13882,0.9676753
9811,9793,0.978332
15880,18478,0.9690805
19001,7133,0.96551037
12148,6146,0.96041507
11394,14471,0.97408223
17370,17925,0.9604303
6424,8085,0.9762146
16908,15404,0.97163814
13341,7091,0.96195245
3087,7685,0.9859946
15324,11489,0.978303
16419,7603,0.9739422
15727,3651,0.97685677
11276,12210,0.97868663
7894,16678,0.9729891
3536,18753,0.97788334
14289,19362,0.9940586
8985,13995,0.97620165
18121,6840,0.9827618
14597,16242,0.984438
14748,12344,0.98849875
19068,11002,0.9786478
17657,18048,0.9773647
14382,17761,0.98421997
12850,6894,0.99091786
19273,19709,0.9629192
3111,13778,0.9901524
16261,16260,0.98519564
13378,14517,0.9921772
18741,12828,0.99045753
7913,7914,0.9942153
12412,19824,0.9881533
14280,2113,0.9963504
2522,11166,0.961492
19853,14772,0.96673477
7449,18971,0.971474
3034,16367,0.98236394
7037,15438,0.96099216
17385,12482,0.9663158
17388,16911,0.9833508
11335,9548,0.97505003
9938,13906,0.9682976
19711,12758,0.97956115
19009,12992,0.9809272
15866,12890,0.9719214
14767,13724,0.98793215
18675,10906,0.68790066
230,1021,0.9894517
6506,19549,0.96216613
13503,14008,0.9884595
3066,3052,0.97159946
7246,6069,0.99430734
17099,12233,0.99450666
11737,16409,0.97822547
4790,4789,0.97590727
17914,17361,0.96792936
14615,9458,0.9934813
13446,12497,0.9785674
11862,2726,0.9804215
18925,18173,0.95571023
18480,16440,0.97424465
16254,15244,0.9636788
14083,16139,0.9841504
13787,7479,0.9925996
5509,4871,0.9864672
16109,6442,0.9786122
9923,4044,0.9797473
17015,6590,0.96320087
16997,15496,0.95800805
17240,8309,0.98880225
6873,1930,0.99533737
16720,17977,0.9794813
12564,7338,0.9765761
4998,7239,0.97878265
9193,9192,0.96602994
8386,8384,0.9937093
9971,9970,0.9806162
739,1025,0.9858307
2439,11910,0.9905099
10216,5744,0.9879429
10223,10224,0.98463607
7527,7525,0.9708891
17317,16325,0.9885055
17535,13174,0.97117877
11264,7067,0.979537
4130,4127,0.9718517
4061,4844,0.9708943
4843,13935,0.9663199
16877,7080,0.9810992
11172,9669,0.9865248
18002,14478,0.9910206
7264,17877,0.98168063
9337,10175,0.9918743
12838,11221,0.98769695
3991,18951,0.9698391
4914,5458,0.97851366
5104,5102,0.9859152
17496,19306,0.97587365
18400,14830,0.97608757
4903,15624,0.9925938
15846,6465,0.989047
14844,3316,0.96405977
13416,4331,0.9825837
2754,13267,0.96997356
2196,19845,0.99385226
12208,15025,0.9766287
6842,7070,0.9589886
7155,3661,0.98579794
9309,11644,0.9929409
14918,4565,0.96055067
4778,4777,0.9762166
4826,10026,0.97357064
14413,3886,0.9713983
5492,5874,0.9922814
16792,6198,0.97609806
19661,16613,0.9877422
19099,16042,0.97864586
17970,17971,0.9925874
20267,11561,0.9862092
10031,10029,0.9780482
7883,8012,0.98394495
15182,5311,0.9836447
5563,18322,0.9836172
14773,10663,0.9710234
16392,19967,0.96580774
12957,13952,0.9878884
4394,6777,0.9892294
5429,5441,0.9838305
11878,1878,0.99251705
12404,13782,0.9879799
12621,8320,0.9785164
8265,19781,0.9756738
7180,17363,0.97571534
12856,15292,0.9716842
2729,3875,0.9699968
15428,15893,0.9810867
13879,6602,0.95990455
3177,3178,0.97982866
13759,3014,0.9885106
15916,12061,0.9759006
20080,11534,0.98046094
12482,4208,0.9659086
14829,17340,0.9742261
13914,16419,0.9751336
15129,20034,0.9766259
155,156,0.999551
14712,17878,0.97846586
5449,17230,0.98352575
18760,8165,0.98780674
18872,5892,0.99180484
4831,4220,0.97299147
18228,13933,0.9764678
14714,18045,0.9793346
13158,5336,0.9607912
19779,17683,0.97967577
8690,8681,0.9931242
9768,6707,0.9884545
15539,13179,0.98808265
14905,4390,0.97345734
15870,12468,0.9778758
9894,13323,0.95239806
16095,15084,0.96743774
19369,6825,0.9624035
19762,12394,0.9886255
10149,10151,0.9732203
12362,16267,0.99766386
2609,5669,0.9895605
16413,18459,0.9722233
5469,5881,0.97985065
19988,14446,0.95852506
13558,13363,0.9849585
14019,16537,0.9890366
15137,10001,0.900845
18417,15323,0.97289646
15855,3596,0.9733585
11962,12862,0.94226146
13936,4855,0.9743077
4055,19433,0.9644626
8549,8548,0.98652285
18382,16338,0.9753552
2121,2563,0.99685895
20329,13540,0.97368604
10611,15265,0.9789546
17877,12895,0.98094076
3797,19959,0.9371581
10258,20234,0.96687853
16307,11854,0.976944
15852,18428,0.96582365
14558,12873,0.9619473
17364,3765,0.9766723
19975,14938,0.96283925
17569,4334,0.94083995
18184,14472,0.98722583
12983,4968,0.98997015
19548,6661,0.97185034
13981,6153,0.988235
10431,19535,0.9790146
3052,12763,0.9717694
19356,14282,0.9723893
7310,10158,0.9813464
12701,14504,0.9763582
2012,3100,0.9790219
17006,19199,0.99338657
10820,6664,0.9714077
19252,16238,0.98929185
15370,8296,0.9770428
6519,17901,0.98445266
13969,6484,0.9760165
7215,11323,0.97290164
15462,7226,0.9878512
14728,15553,0.96458864
5457,4991,0.97841305
3882,10706,0.990424
5929,5928,0.9736526
9082,9083,0.9897642
8909,20161,0.96387213
15206,19678,0.9763678
18398,4113,0.9398675
12999,20353,0.99258065
6933,4047,0.99527067
14099,9034,0.96595365
14983,4676,0.98099923
19050,19198,0.9809641
4220,4221,0.9681779
9945,5640,0.9907578
17047,16066,0.96910816
10311,4629,0.99520147
12234,20181,0.97871417
4134,4149,0.96965945
19426,19428,0.955355
4294,4330,0.9913488
6694,6682,0.968475
3879,3730,0.9385412
11896,16844,0.97775114
4099,4098,0.9776818
14248,2153,0.9761136
15381,17362,0.95700485
7090,13881,0.9747225
3518,3519,0.97662246
14319,15329,0.97217745
17806,5770,0.9945344
12498,17412,0.98847175
15767,18301,0.9782179
17389,16911,0.9823856
4473,16471,0.98490775
6324,15486,0.99035347
4952,12089,0.9865828
18005,16984,0.9418366
16698,2650,0.9924389
14461,4677,0.9865545
16889,3851,0.9494835
3995,12898,0.96341515
20315,15955,0.97937965
6744,6278,0.9906282
5460,5459,0.9845786
10452,3082,0.9804497
13764,3889,0.9705034
8831,5128,0.9827204
17229,14485,0.9932191
19046,16768,0.9626509
14215,1922,0.9816846
14586,8791,0.9878946
12093,13973,0.9789464
18645,7918,0.9909526
3093,12415,0.9763935
6973,12442,0.9771104
3154,12427,0.94668007
15533,19097,0.98650694
2965,11228,0.977745
6981,19929,0.9889964
10856,15220,0.99403495
9648,9666,0.9752382
16818,17844,0.9891009
18990,12050,0.9743781
5227,9666,0.9758044
1925,12586,0.98786783
16022,3495,0.9832865
13660,16022,0.9827806
12468,17372,0.97735846
8750,5132,0.9934928
13581,6654,0.99173135
18976,6904,0.96265996
19498,10039,0.97726554
17157,18176,0.97898906
13865,18906,0.98971295
13946,13453,0.98479235
18789,5312,0.9869292
17332,14392,0.98012334
3149,3351,0.98959166
7731,3351,0.98960847
14798,2714,0.9927764
6318,7192,0.87294257
1968,10951,0.98595583
18429,3544,0.96113306
4748,4747,0.9615816
11370,4126,0.9668747
19373,6849,0.96479803
19377,18951,0.97185826
7423,7422,0.99402833
8652,8653,0.9661055
16430,14918,0.9614193
2253,15268,0.9670603
9662,9613,0.9895064
18081,16040,0.9789642
12080,20302,0.98130155
14522,14671,0.9814021
3251,16364,0.96929383
16527,16500,0.96809083
15341,19376,0.96165895
19610,17554,0.97877866
7508,12932,0.97242355
14820,3051,0.990854
18455,15094,0.97978336
17235,2721,0.96325
11371,6914,0.96730673
16798,5786,0.9910596
6163,6162,0.9779783
8929,5210,0.9684843
9731,16096,0.98490846
10881,9627,0.97660375
16420,12478,0.9686374
3658,7141,0.9856167
11269,12868,0.9650209
16898,12469,0.96760374
15865,16889,0.9492831
6625,15995,0.98733526
2264,2265,0.98477226
18974,13420,0.97092134
17967,5092,0.98101324
16749,2069,0.9777631
14485,5075,0.99338645
7381,4091,0.96260303
4738,4737,0.97473663
15879,4071,0.9677421
7669,7531,0.9801412
14099,9031,0.97375125
14395,16863,0.973488
8701,4422,0.96678233
5974,2925,0.98338896
15709,8184,0.98534703
6578,1892,0.9693373
17446,12947,0.97956055
16463,2351,0.9806395
4452,7288,0.9784687
11264,11392,0.9792108
17457,5597,0.96798027
13830,2941,0.99245656
5471,2219,0.98691535
8691,8455,0.99349314
16307,9721,0.9766449
7029,14516,0.9332668
4844,13935,0.9738013
11839,5910,0.96948147
4091,4093,0.9656218
6611,4204,0.9762513
3235,14393,0.9766068
18952,15878,0.98042977
6854,15814,0.9751568
19424,3926,0.9633689
11963,11292,0.9754192
4666,11429,0.98161584
9615,10138,0.979943
15436,15435,0.98178506
7779,7783,0.9860984
18950,13124,0.99342066
18621,8910,0.9641085
10579,8533,0.9848355
14138,15236,0.98611337
9544,10743,0.96640736
15957,1849,0.9817053
9382,13078,0.9925533
7455,18984,0.9738979
55,56,0.99785954
16569,15553,0.9788977
2582,12997,0.98409075
4032,17383,0.9239927
19196,18137,0.9880635
7794,7892,0.98506504
19992,19458,0.95898706
7505,12048,0.9791197
18796,13396,0.96837807
14477,7624,0.982982
18516,18006,0.9723022
10365,12262,0.987728
19818,4773,0.9740571
9281,9284,0.984195
12218,16067,0.99466974
9112,9120,0.99232614
16099,17116,0.98129094
2064,20266,0.9974153
11643,5978,0.9928532
18398,4114,0.942479
15845,3322,0.99427754
18483,17418,0.97293484
5536,5499,0.9880116
3786,18476,0.9694425
2812,19746,0.98625064
9762,9256,0.96334183
17893,7080,0.98164153
7132,7117,0.9685043
2969,16528,0.8888928
6801,13280,0.9940394
9265,9266,0.9942715
15339,6877,0.9863435
19736,3483,0.9666177
4054,4053,0.97357994
4020,12900,0.97832596
11479,11447,0.9903184
2355,17455,0.9928895
16435,16943,0.9587351
7856,13498,0.9768127
2364,2363,0.99008614
13133,20348,0.9820695
12239,14112,0.98058265
20270,9734,0.9759035
7781,2141,0.97155434
15708,7479,0.9925338
9748,9775,0.98610735
5900,15788,0.9904406
2180,14257,0.9883022
4664,20311,0.98101085
15280,2363,0.98987854
5601,15253,0.98091817
14499,19529,0.98451626
2932,2107,0.98964417
20189,2859,0.9938659
2084,2082,0.995654
16107,12766,0.98727345
11676,13214,0.9814745
13655,14733,0.9919085
18504,19533,0.99103093
3715,10850,0.9796209
3461,12873,0.961556
4160,12475,0.9764174
5250,11179,0.9632722
15320,3684,0.994588
18970,18465,0.97125643
2166,10868,0.9805181
3331,15339,0.9859531
13284,18305,0.9340042
18884,9756,0.9912117
7313,19406,0.9718546
9782,11307,0.98635083
16673,14687,0.9849439
6715,17821,0.99090296
10836,4851,0.97829276
17530,18281,0.9870684
18091,15038,0.98328084
6446,10596,0.9839856
11309,11472,0.97253966
20255,5420,0.9807508
19815,19679,0.982079
13995,19561,0.9670419
14899,18466,0.9741591
14018,17027,0.97166246
18350,6714,0.9853098
11665,16703,0.9932514
18655,9537,0.9925627
15572,11125,0.98122966
17463,12101,0.9959608
3401,4327,0.98255825
14457,20004,0.9810735
15819,13316,0.9488292
4342,4332,0.99131143
15391,19899,0.9673333
13716,2257,0.9773399
20303,12481,0.9744698
13341,3630,0.960704
4501,12481,0.97402203
11481,19030,0.96758735
11471,3124,0.9767556
6750,6761,0.97384834
18343,19860,0.9868232
13214,16141,0.9808344
14049,17185,0.6761272
11102,18349,0.9845004
5224,6155,0.9912883
8845,8873,0.9736797
18839,13270,0.9902326
10611,15266,0.53973705
9703,18118,0.98482114
3510,13350,0.9712611
15773,2362,0.98484135
9992,20182,0.97994494
2162,13704,0.9906342
14681,12583,0.9864516
12592,18696,0.9901243
3770,3771,0.9662665
11488,13484,0.97790533
11432,19003,0.9786103
4451,2678,0.96325284
362,363,0.9994087
18521,20073,0.9860896
17147,15571,0.9882642
5489,10394,0.9667603
15635,12534,0.9888187
18165,6769,0.9817202
5206,11454,0.9754395
17909,7164,0.9718578
13362,8465,0.9932672
15259,11075,0.99597305
17397,17398,0.971648
4063,4173,0.97146255
1576,1577,0.99434423
16427,16426,0.97124386
19405,4174,0.9648153
10254,18766,0.9882559
10426,16546,0.9614998
4225,7665,0.9786491
4474,12022,0.9703991
12564,16510,0.97713214
13608,3201,0.98634446
738,739,0.973892
4253,19444,0.96103257
14459,12530,0.98304445
12503,16464,0.98310274
7348,7347,0.98442394
16397,19422,0.9565954
10863,5182,0.99079984
8581,8591,0.9843274
13980,6509,0.9710457
15311,6016,0.9830357
17407,19453,0.97259706
17202,17033,0.98828053
19336,20156,0.98804945
17052,8018,0.9702004
10641,10173,0.9753572
5634,9774,0.98032504
7506,6660,0.9693675
18487,12060,0.9794247
12466,7572,0.9844998
8496,19950,0.9547796
16355,16850,0.98390085
10474,10476,0.9783683
17498,17014,0.97918427
6060,7423,0.99408686
12932,13432,0.973681
17125,16173,0.9745806
13275,5927,0.96912205
15648,4391,0.9771552
15956,12266,0.9796225
18153,11675,0.9695479
14183,13019,0.9750148
16587,19627,0.96264935
14032,8077,0.97639537
14986,18544,0.97700137
8718,8570,0.9687177
5640,10361,0.92080325
5676,5675,0.9703133
9872,10458,0.98870254
1760,1761,0.6691046
19082,13658,0.97536826
6389,6179,0.9897613
7309,3932,0.9782034
9487,17534,0.9849303
14739,18061,0.9777004
16098,14402,0.94963676
1158,1160,0.9906563
17774,11799,0.9974534
17012,11072,0.97896796
13285,11246,0.97972476
9651,9658,0.9869305
11320,12887,0.9845069
7059,16874,0.9510012
2712,15050,0.9723963
6882,17874,0.9763654
3587,17909,0.97169894
20026,19023,0.9831504
7562,16336,0.99409133
7761,13639,0.96834904
16360,17912,0.9799544
3908,19961,0.9700317
3804,6827,0.96049184
10461,9886,0.9446542
16268,17842,0.9914172
9942,9435,0.974744
13758,19905,0.97732735
17481,18544,0.9776188
7038,12979,0.9829532
11825,7191,0.9885465
19867,5870,0.98703265
20272,18367,0.9856248
11814,18691,0.98407704
4989,10796,0.9945912
19126,5214,0.97800624
19460,4574,0.9746592
11637,12725,0.9925915
19732,20188,0.98803097
7004,13449,0.9845947
3590,11789,0.9632594
17088,9240,0.9945029
3539,3538,0.96492654
3711,3710,0.9714603
8920,8869,0.9797912
15609,17115,0.9888764
7710,6171,0.9691205
13989,7660,0.9727543
8774,14589,0.98530746
9629,5222,0.9761639
8191,12608,0.9836817
17069,15028,0.9877772
7140,3617,0.9717773
15537,20258,0.98114496
17490,16511,0.94950664
15480,18000,0.98463005
8196,11263,0.95950866
16481,16482,0.9831162
17166,10463,0.97088957
1526,1525,0.9880676
10611,10598,0.9758069
5413,17681,0.9854342
2978,12371,0.9814187
6180,13770,0.9848697
14057,17029,0.9877467
17332,3218,0.9803452
1183,1186,0.99161035
4325,4326,0.99078476
7835,7498,0.9528024
3782,3927,0.9601198
2287,2288,0.9944635
7341,3986,0.9469898
16447,14963,0.97643846
10662,18516,0.97410846
4375,18478,0.9693434
16415,12983,0.9904907
6939,3545,0.9647755
5519,18960,0.9649088
12863,3955,0.9771608
18332,18808,0.97666216
13878,6535,0.9679055
12159,15324,0.9777934
13823,7332,0.97623926
12191,4655,0.97441405
6473,2419,0.99011165
16650,16695,0.98936
9394,9007,0.9835276
5211,15148,0.9774315
16678,10829,0.97718596
6154,20120,0.99134374
10200,13578,0.9698555
13538,14581,0.9835697
4627,17344,0.97127414
12085,19516,0.98830414
15147,7273,0.94382405
19558,17127,0.9856447
20320,19248,0.9564522
15179,14691,0.9897187
18662,17112,0.9928894
15638,19195,0.98517054
4147,17612,0.972726
17612,13203,0.97527754
13450,14595,0.984235
17746,15535,0.98962456
18273,18220,0.98594934
12545,17472,0.9959037
13930,4234,0.9784742
11797,12812,0.9981061
11616,9116,0.93466955
18774,18172,0.9848054
15494,12339,0.98386866
13357,13368,0.98993
14050,17509,0.981428
5248,19181,0.9798385
14193,7680,0.97567606
8534,8535,0.9856754
17492,19560,0.97579116
19033,10432,0.94635797
9450,10342,0.9894958
14029,20109,0.9792541
14961,19040,0.99387
12472,18461,0.9710575
18737,2675,0.9875711
13248,2299,0.9697874
18557,12703,0.95128006
19781,8234,0.9762014
2308,7685,0.98576343
14955,14465,0.98327005
16500,6589,0.9672884
8929,8927,0.9678717
19896,5974,0.98360544
12149,10551,0.9491726
14576,16017,0.9647441
4921,17074,0.949972
891,1702,0.9914613
8187,20131,0.9664627
10506,6664,0.9717728
13292,19370,0.9883831
3390,3382,0.98422456
6793,16686,0.98978186
18102,12401,0.8009332
16316,9733,0.99502915
2133,11028,0.9979684
16309,12827,0.99039614
7435,4057,0.98949194
5265,5266,0.9956096
17393,12975,0.9863412
2252,2253,0.9668423
18891,3191,0.97005177
5092,20302,0.9791159
18079,20332,0.9912998
3385,14450,0.97460085
1950,5855,0.99236745
14901,15416,0.9713893
9539,13504,0.9835466
3268,3269,0.97231984
18397,6018,0.9752415
15429,13917,0.9741951
11698,18392,0.97049224
6544,11698,0.9702453
12608,7876,0.968216
2165,11042,0.9748303
9061,5437,0.98127615
15089,14624,0.9863941
13465,8475,0.97475886
14897,15895,0.95790786
7997,10993,0.9946538
6517,20142,0.97703063
19539,16462,0.9749279
19767,7365,0.98117846
20317,7622,0.989427
19993,4538,0.9755643
12072,7573,0.98137647
6145,19052,0.9627326
1626,1625,0.98751396
8970,7506,0.9680522
9909,13355,0.9612191
14014,7799,0.98161936
20257,13022,0.97933584
17013,8213,0.97310096
10795,3952,0.97826606
7609,14919,0.98494697
18750,19456,0.97243506
9130,9137,0.9659275
8751,5133,0.9933209
15890,12766,0.9877214
7303,6936,0.9950924
15099,15619,0.98764867
5100,12543,0.984464
2680,11206,0.954606
1663,1665,0.86254597
10717,16067,0.99475336
8603,8536,0.98496073
17608,15079,0.9852705
10410,9831,0.98633206
16906,15071,0.96903944
4286,4285,0.9843299
6000,6736,0.9806625
8678,8415,0.9851162
5942,2771,0.97147995
3358,14847,0.9746343
17339,2891,0.9779549
4344,4345,0.9940175
16495,7715,0.9686575
15983,5187,0.99358565
18129,10059,0.9813105
14425,6905,0.95808905
2365,12274,0.9884426
3132,17879,0.97285366
16969,5084,0.97904724
5048,17443,0.98017967
19860,5827,0.98684955
9618,5649,0.9191156
16277,13725,0.98424983
16933,19497,0.98100626
6157,16987,0.99093306
2373,18344,0.98535997
16838,13300,0.9912788
15469,16492,0.9710301
4832,11852,0.9744502
17365,18948,0.95938236
19285,18698,0.952677
3616,3458,0.96920377
14084,14171,0.98729765
713,785,0.99078393
3408,18689,0.99404943
17260,2132,0.9809115
5504,15490,0.9637265
8725,11090,0.98000413
3589,18366,0.9631141
11352,4351,0.98222864
19407,3440,0.9649515
9536,9224,0.96448076
16936,4663,0.9706204
9964,4499,0.97397465
8870,5141,0.97744036
13491,14529,0.9947344
10028,10029,0.9781878
15629,14645,0.99074274
8571,15760,0.9780311
16944,15887,0.9707455
15520,14186,0.9603835
6927,18921,0.98622465
19317,18309,0.9899934
6785,3080,0.9897317
9561,9563,0.9796896
10307,10871,0.99491274
8188,8050,0.98530906
14042,7945,0.9831717
13842,17022,0.99243563
20107,13031,0.9810114
10061,16956,0.9735136
17299,16317,0.99643815
6177,6217,0.98641926
19932,18422,0.984162
7472,4464,0.9770725
12957,14947,0.9880441
17157,15324,0.9783693
20034,13609,0.9780904
17074,17569,0.9385598
17791,18822,0.98473316
16096,14621,0.9378599
19772,19292,0.98433036
11017,8257,0.9840337
6723,15134,0.9787203
16902,11267,0.9760873
6138,3347,0.9941386
2640,18207,0.9661528
10484,13598,0.9810703
6698,12452,0.9853579
19577,17656,0.97417927
2867,11879,0.98795754
17559,12611,0.97490996
13677,12724,0.98528844
11991,16575,0.966162
18343,2406,0.9866496
10518,14647,0.9743172
7399,5280,0.97750115
11375,4805,0.9891804
5452,5604,0.98877037
12533,17252,0.9844446
2317,2318,0.99451584
19772,5399,0.9843664
14595,14597,0.98443514
19750,13512,0.9840677
7761,8281,0.9681759
11985,4455,0.97296125
10550,10549,0.9815692
15992,18553,0.9841458
12279,17614,0.9733131
5551,17799,0.9935534
8635,8633,0.98628116
8882,5146,0.9755145
15638,17574,0.98522574
8216,12749,0.99176216
7700,10861,0.98317844
9669,11177,0.9873104
17113,18121,0.98256516
11735,19589,0.99163765
20077,9540,0.9817085
3698,7234,0.9767726
7499,11013,0.9809033
13293,13755,0.97950256
4233,19511,0.98292726
18660,9700,0.9894043
15033,20143,0.97787637
18286,19933,0.96282756
8478,13055,0.968419
6224,15257,0.92414314
11633,17099,0.99421084
9460,9963,0.9931906
5075,12528,0.9935648
5986,9715,0.97703654
9307,16077,0.99311537
6738,8616,0.98221534
14616,19846,0.99540544
17088,13564,0.99457645
16390,11312,0.98171186
20126,17031,0.9949221
3734,13443,0.97443306
18600,19915,0.9818092
8314,8588,0.96644264
2208,18856,0.99769163
7228,8941,0.96571547
19902,13357,0.9898399
4000,3999,0.97369313
6733,18723,0.97856003
13099,16588,0.9570409
15472,11435,0.99307406
8726,8727,0.97979456
16895,14873,0.96948236
3509,16387,0.9845536
14429,14430,0.9651108
7033,14324,0.9699514
16977,14734,0.96068364
3253,14395,0.9730935
9552,12024,0.97949743
9590,10069,0.97981524
19631,15455,0.9859146
13354,18449,0.95775497
3970,10412,0.99302375
798,1376,0.9905996
8041,6582,0.98909295
5031,8549,0.9865363
14598,16964,0.9856059
2562,11600,0.9927897
7910,19064,0.9893911
12529,12107,0.9693962
17606,9538,0.9922402
18540,10566,0.977962
3959,19427,0.9760142
3181,14832,0.96736395
16250,18802,0.9635659
7429,19504,0.97561044
10790,7684,0.9795394
12934,11386,0.9842451
7706,10988,0.9751203
7556,7125,0.9671956
13052,18594,0.9872738
9698,9699,0.9894078
5803,14971,0.983502
11016,19799,0.9869338
6203,6204,0.96570224
17672,13631,0.99239445
3967,4010,0.99340856
20346,13686,0.9637842
11430,12565,0.9713704
5882,11919,0.9820732
14591,11602,0.96967626
9750,10281,0.99370676
16475,13961,0.9701656
10193,1855,0.99542844
4468,9366,0.9948212
5066,19202,0.97625583
16780,17776,0.99536395
3210,3213,0.9728292
18798,15229,0.9865667
15703,19818,0.9740276
16268,5561,0.9915132
16225,18560,0.98391706
1212,1211,0.9893516
7081,19408,0.9862288
2374,18344,0.9851062
4833,7154,0.9798425
14305,16831,0.98023593
15146,7255,0.9815781
5479,12356,0.98341656
2289,13270,0.9905494
2513,18352,0.9889866
5969,5810,0.9757555
14811,13750,0.98809856
11926,16872,0.9933268
2912,17804,0.95959175
19475,19474,0.976557
3321,15353,0.9727395
3680,16362,0.97887236
16738,5208,0.97517866
11315,3753,0.9772939
4698,4697,0.9651167
14539,17516,0.962708
17128,15406,0.982371
6492,16872,0.993568
12891,19235,0.9776368
6257,5871,0.97123486
16798,6473,0.9882316
12009,14891,0.96035415
6965,3304,0.9581731
12167,20319,0.97713625
19776,12733,0.9585955
19243,14061,0.9857524
16108,16117,0.97591996
11317,3710,0.971301
4770,7389,0.976072
15222,1890,0.97337735
17276,14771,0.9891186
13270,16811,0.99149394
10546,10904,0.9950139
12176,14224,0.98150796
1913,12284,0.972307
15018,16726,0.98557013
16197,6286,0.9861698
9232,10899,0.9771448
16722,8283,0.9941802
11871,19164,0.985182
14242,11785,0.9924092
2107,3915,0.9887814
9295,19730,0.9867128
5290,17179,0.98133427
8680,11083,0.99093854
18436,19949,0.9787497
12264,13569,0.9794226
10397,19208,0.9693926
5330,19911,0.97222656
7293,6278,0.9906176
4922,17445,0.9909768
18351,18350,0.9855742
3306,5394,0.96058863
3277,3280,0.9833657
631,1494,0.98318565
13774,14838,0.9477908
13913,18973,0.971902
4763,4762,0.9616287
16367,12441,0.982288
4540,19677,0.97413105
13435,11554,0.9771106
17434,13441,0.9827771
11937,15664,0.97626376
14266,2255,0.9756909
6958,6957,0.99310464
1952,18506,0.97072047
2739,14250,0.988298
6959,3822,0.97590077
18194,15491,0.9799943
9036,13062,0.9774465
10700,12619,0.98540676
2957,14815,0.97223973
5221,6133,0.9915291
2499,19086,0.9934662
15231,14489,0.9844602
6185,10384,0.97341913
14881,13901,0.97987133
14424,3737,0.9402587
9929,17107,0.9741727
15776,15276,0.98856235
14035,7047,0.989319
18212,15186,0.9876759
12048,13446,0.97775763
4949,18514,0.98760694
19023,16481,0.983104
6415,16499,0.9801869
6676,6632,0.9599986
13616,16063,0.986771
10522,13136,0.97870606
19534,16761,0.9909011
16521,18030,0.9923913
10688,18370,0.99706775
13641,11734,0.9643189
14922,15936,0.9790348
17382,3959,0.97494644
6477,14090,0.9927302
15769,13990,0.96437865
13007,19556,0.9803966
13871,19405,0.96457934
3114,18242,0.9731556
20257,3641,0.97947276
2292,19287,0.97151977
8941,6911,0.9653419
17492,7763,0.9749052
19479,16441,0.9858013
8694,8695,0.9934088
9815,12236,0.98584634
10126,10125,0.9940392
19901,9986,0.9767923
3783,6823,0.9843478
17948,19985,0.9590715
18434,18435,0.97219706
18387,3527,0.98502755
15879,14939,0.9680274
7108,4230,0.9844892
18964,13908,0.98218614
19541,11985,0.97456044
7384,4082,0.9514994
16174,16108,0.9757641
18644,13116,0.9635638
14884,4016,0.96287084
20305,12950,0.9731375
18480,19470,0.9736148
16228,13684,0.9665855
4940,4939,0.99530774
6557,19551,0.98865104
16542,12590,0.9730728
2101,15053,0.9958247
18663,9732,0.98547167
16163,6520,0.97029954
433,431,0.98521686
18356,2554,0.98184824
18325,5571,0.9841076
10296,12256,0.98044467
18309,12811,0.9900982
7182,7178,0.98612624
12581,7843,0.9723769
20256,5766,0.98047894
7426,6297,0.97071034
5330,13112,0.97237635
10773,10777,0.99848855
8563,17188,0.9768171
5234,5235,0.9835352
3598,18111,0.96717083
16850,6896,0.98349357
13547,8909,0.9636096
16109,18211,0.9788674
15396,5213,0.9781738
11380,7094,0.98248154
3646,16966,0.9883061
17667,2893,0.9889048
4153,19509,0.98175484
18031,18024,0.96654886
19740,12747,0.8764545
13500,14998,0.9773991
10648,10650,0.98149306
13832,3348,0.99412954
11853,2997,0.966773
8187,17552,0.92939484
18469,15437,0.97500473
8675,8664,0.98087674
11757,18258,0.9818039
8426,8427,0.9932672
10451,5665,0.9897827
6004,6003,0.98002654
8712,8709,0.98937184
6097,6096,0.9838202
5171,9012,0.979408
19965,3975,0.9640961
15840,17348,0.98554534
20285,11268,0.97467923
17868,6017,0.96317434
12183,5360,0.9776955
12528,9030,0.993996
3860,7260,0.93808776
7177,6103,0.98553383
4964,4996,0.96715754
19732,12321,0.9879974
4985,5070,0.986829
4930,18998,0.98220426
6878,7321,0.9456176
6024,16353,0.95254624
7578,17481,0.9770114
18315,2393,0.98622155
6684,14777,0.9867595
7821,17971,0.97449386
6460,15970,0.97130424
9896,8559,0.9841265
9411,9914,0.9688737
15691,15914,0.9832002
2345,17356,0.98463815
12989,6206,0.97145444
12760,17633,0.98665667
15172,18751,0.9904066
11943,6623,0.96418977
19920,3274,0.9805731
11070,16314,0.98886555
14266,6977,0.785483
13291,14811,0.9881471
16880,18858,0.98184305
19445,4169,0.97398233
14904,4482,0.96335894
8181,6285,0.9748062
3875,8303,0.9704504
17712,16210,0.95971626
11936,19400,0.9635867
18991,11385,0.98089236
13941,16434,0.9769632
7746,17970,0.9912367
4556,15901,0.9661438
20193,13575,0.98066014
6198,15250,0.9771622
2238,3138,0.98064214
13574,19661,0.98821145
12629,8823,0.96364826
19634,17581,0.9734341
11746,17750,0.98568994
15255,6200,0.9865715
19786,4029,0.97869295
7924,7925,0.9801491
1895,17017,0.9814718
2200,17864,0.98883677
17540,19729,0.9736747
11028,11029,0.9979665
18065,14719,0.9856469
14186,18068,0.96001333
11281,15099,0.9871278
13128,6195,0.9763876
5334,11534,0.9819296
13080,11645,0.9602428
17922,15863,0.9758394
14108,9262,0.9816933
3020,15523,0.97921145
2716,2715,0.98885137
3281,9834,0.9866065
14780,2473,0.9673765
19982,15420,0.9651936
13916,19976,0.9554685
18456,9924,0.975093
5213,5212,0.9785483
19977,9931,0.9708193
17977,14484,0.97923833
15916,7544,0.97435725
16923,4441,0.95737654
14756,17781,0.98848736
5456,6037,0.97783077
4034,4320,0.9676788
4603,16932,0.9765645
20352,15165,0.9651661
10740,7894,0.95317084
11370,17425,0.9681455
5280,10740,0.94281065
12717,12189,0.98440766
19263,10977,0.9638382
15761,20153,0.9865339
1861,13839,0.9556224
7354,17990,0.9773655
15641,17147,0.98853475
17990,7355,0.98250836
8503,8980,0.9846905
11099,2265,0.98732144
1946,8191,0.9577902
10297,15238,0.96506053
14262,2254,0.9790223
17522,2846,0.9917652
5575,5576,0.9839426
11478,14238,0.97945076
15895,4167,0.96192807
11624,9289,0.9722305
7618,7621,0.9887024
13156,12608,0.93558
15588,9199,0.9899602
2915,7981,0.9843047
4335,16242,0.9840481
10354,19773,0.99220794
4614,16933,0.98111385
2893,3201,0.9887582
12996,7739,0.96701384
12993,15959,0.98393965
14079,3699,0.98871535
9377,16277,0.9839987
12038,13106,0.9822146
16714,9486,0.9861937
11215,17006,0.99346715
12744,19273,0.9938897
1542,1543,0.98826575
20167,10723,0.9392866
4437,16922,0.9599672
19996,18985,0.9639982
14228,3015,0.9568093
12306,15208,0.98808295
295,813,0.9782528
19110,18087,0.98368245
18971,19988,0.88398564
864,1618,0.99175644
8172,12377,0.9943013
7112,7110,0.98209363
7226,12515,0.98754466
12759,15553,0.9791782
19100,12653,0.98621273
14938,12946,0.96160024
2013,5670,0.9796086
12171,11543,0.9645403
9056,14093,0.97805357
11512,6273,0.97949284
4491,13422,0.9831533
3706,15380,0.9601052
17063,15556,0.9788294
19297,8409,0.97521734
18001,13947,0.9822202
15558,17202,0.98810416
3517,2068,0.9682694
18788,10324,0.98611856
7639,7363,0.9866237
7705,14706,0.9686742
2936,15321,0.99342245
9374,11171,0.9822267
9793,14824,0.9779051
12307,17128,0.98205215
12652,20338,0.9882636
10791,14314,0.977196
18439,19952,0.9800521
5838,5839,0.981041
17905,7001,0.98510206
8569,17410,0.96352416
19021,11380,0.9831405
13674,2431,0.978921
5583,3254,0.98213553
3727,17915,0.97687906
7251,13950,0.97723174
11462,5588,0.97893435
14660,20218,0.965025
20159,20248,0.97388613
5933,5936,0.9655377
11149,8424,0.97075945
8076,19288,0.97924095
4950,10181,0.98707706
11259,6964,0.9665569
3593,16882,0.9800442
8086,19343,0.98524
15040,15039,0.988902
19617,11591,0.9709674
4885,4886,0.9842689
17156,14174,0.9789138
7341,16404,0.94739324
7352,6886,0.9508808
6780,7059,0.95041716
14806,11250,0.97983015
3934,19960,0.94896287
15104,2351,0.97454435
18023,15973,0.9771913
14257,5544,0.9882911
16882,3592,0.9779593
11811,18335,0.9851394
10654,6404,0.9761247
9723,10765,0.98239374
5083,4894,0.9879296
15713,19264,0.9921618
16689,14614,0.94656056
15277,1959,0.54225284
7391,19517,0.98046356
5958,17545,0.9812593
6613,15777,0.98142767
2604,2602,0.97971493
11226,12843,0.9647991
17544,9976,0.9811561
14126,2953,0.9940158
12394,12826,0.9875645
14613,17105,0.96763825
7470,7273,0.9560279
15290,6635,0.9679726
10003,4811,0.9620463
4537,4536,0.974408
11209,2701,0.9816079
10002,9508,0.99529546
18111,3597,0.96714437
15260,2185,0.9836759
10479,5972,0.9754117
3101,18141,0.98035747
2461,18728,0.9722962
12216,15126,0.9858678
2260,2427,0.9809021
1998,13200,0.9849717
7460,18350,0.9849886
16028,16230,0.9848007
8055,14573,0.9823438
7458,12359,0.99107075
8223,15541,0.9864543
15694,14020,0.9771081
4568,19793,0.9721958
8131,19583,0.97608984
8376,1850,0.9789008
6673,11138,0.98913926
11288,13201,0.9849427
1797,645,0.9894259
16890,13334,0.9723655
8057,19072,0.99355596
8666,8406,0.98836654
12223,19137,0.9942174
14866,3704,0.98505855
3769,14866,0.98529506
20042,19221,0.9844535
14783,18349,0.9847291
2259,5754,0.9902868
1880,13644,0.9813487
10702,6076,0.9865052
14747,5464,0.99164504
7582,7574,0.9789505
5667,3455,0.99140596
3419,4343,0.99385345
19460,13426,0.97421616
19956,14867,0.97490656
6395,6956,0.9690234
7765,14538,0.96254283
6641,19861,0.98602456
17329,14834,0.9752296
16741,16726,0.98259705
10945,11738,0.9831328
18479,17960,0.9636692
11341,6255,0.9694179
13249,6614,0.98949975
16439,17942,0.97630626
8845,11278,0.973518
18358,18357,0.9910557
6655,3400,0.97752476
11426,20037,0.99218833
12485,17954,0.9701236
18788,15117,0.98623973
15330,11885,0.979626
17584,5057,0.9871486
16575,12727,0.9777835
20086,15044,0.9708037
6354,11038,0.96906215
6614,8643,0.9893974
10450,10247,0.957629
13148,11454,0.96668565
16391,7175,0.97912425
16066,14723,0.9721342
18719,6431,0.9779132
4644,4645,0.99187696
4640,5338,0.9907108
14098,20240,0.9685453
7702,5003,0.98560834
18004,17997,0.9938553
18749,14346,0.98401654
7948,11213,0.98051846
8135,8133,0.9766019
9335,9342,0.9923678
8717,8718,0.96973217
13679,19811,0.9866997
12218,12646,0.99468464
8804,3625,0.9860745
5710,5709,0.9938146
4810,4809,0.98423636
20109,16013,0.97921693
12988,20334,0.9881203
3573,13987,0.99462444
15299,13146,0.9732736
8266,17225,0.9806778
17895,6961,0.9667536
8260,4629,0.99525994
11842,17962,0.98447675
2526,11853,0.966814
10153,10633,0.97216976
15798,17848,0.9676011
8648,8647,0.99376994
13130,15695,0.9615302
19532,6315,0.9665169
13270,11844,0.9903619
9485,9486,0.9858043
17940,7138,0.96130884
19983,16711,0.9576998
10138,10096,0.9799156
6674,10995,0.98577523
13986,5435,0.9709094
16126,19581,0.9896437
12088,14959,0.9778097
16569,9670,0.9721781
11405,5950,0.8616551
6197,15250,0.9769718
9430,9429,0.99204296
10730,7719,0.98112124
16515,14988,0.99014485
12779,5978,0.9894984
8617,10665,0.93639296
19163,5196,0.9920547
9686,10189,0.9797156
7797,10464,0.9807397
4127,12008,0.97145736
7413,20294,0.97468907
10036,10037,0.975626
16033,8160,0.98550594
13019,15172,0.9843205
13021,12730,0.9941705
14815,13146,0.97279257
4703,19084,0.99306035
17615,10775,0.90023434
13199,1953,0.9792214
7912,13071,0.9779925
10346,5035,0.9771638
18283,17177,0.9759193
12336,8114,0.9739464
7322,5518,0.9665129
13349,18411,0.9754665
12082,16461,0.9810462
1486,630,0.98899174
16796,14274,0.97777414
16950,7582,0.97753876
9498,9516,0.98910075
10080,10586,0.9896171
8419,8668,0.98477167
8917,20154,0.9664257
11009,6957,0.9921523
6182,6183,0.9859147
3752,3750,0.9950293
6636,15290,0.9681103
3074,18892,0.97591656
10650,12673,0.97338074
5390,12597,0.9739367
8594,8593,0.98409617
15565,14987,0.97898394
5006,11618,0.97457844
7321,6879,0.9455017
16464,7092,0.98233634
3823,14313,0.9683865
3565,11312,0.9776062
17170,14378,0.9756148
17317,17318,0.9887023
7741,7244,0.9667437
14656,18197,0.992254
17455,7755,0.9931179
18536,7570,0.9772259
18265,19345,0.9917568
14523,17211,0.9883958
10494,9907,0.9879358
19662,18661,0.9763332
10054,20193,0.9802269
5074,5073,0.9862662
10664,8619,0.83384836
7375,19513,0.98130876
19497,6303,0.9809911
5856,8461,0.9908093
2946,6797,0.9935988
11896,3731,0.97336245
5696,5470,0.98787177
16389,5907,0.97837675
2879,2878,0.98937875
17279,15318,0.97130483
11877,2929,0.9740451
12479,4575,0.9673719
8686,8556,0.9897804
4788,14935,0.9585517
4323,14900,0.96608144
7560,13492,0.99434245
9348,9330,0.96740794
16161,6239,0.97866666
2546,2680,0.95438033
18725,16689,0.9282796
12044,15898,0.98134995
20038,19550,0.99191415
9460,16607,0.9929214
6541,5155,0.98664886
19954,17368,0.9665719
6755,17837,0.9880987
15550,14628,0.9613732
14215,10846,0.988696
6258,5574,0.9847873
12591,13117,0.98903406
195,194,0.9997732
844,845,0.9914586
4026,4002,0.972121
18294,8124,0.9792469
13677,18237,0.9868788
12907,6968,0.95709133
9151,9139,0.9932939
11931,16857,0.9696277
2901,18218,0.99284333
9514,13553,0.9951049
15678,14614,0.96109617
5215,10478,0.98546183
14001,10965,0.9869211
9375,8991,0.98282844
16301,6748,0.96082354
9803,10376,0.98065186
12451,7014,0.9661125
5385,2975,0.9543605
4366,11372,0.96744823
19412,3570,0.98280555
11896,17325,0.9777759
13973,19525,0.9886431
1943,18256,0.9782576
17490,20062,0.9632638
18925,19917,0.9587355
17618,17642,0.9784241
16763,13155,0.9812775
17955,15470,0.9840301
17364,6815,0.97673506
13777,17329,0.97670346
10328,5225,0.99045664
17682,18251,0.9793214
19618,15042,0.9875444
156,157,0.9995472
9816,2361,0.98310953
12122,20328,0.97984296
9760,19541,0.97546387
6917,4850,0.9742293
2053,2050,0.9958882
20244,20079,0.9866273
5447,15522,0.97344095
2245,14599,0.98299176
16561,19476,0.9761271
7667,4840,0.9762111
11125,17510,0.98231065
9345,9347,0.9820734
5670,18189,0.9798741
9549,9550,0.98041266
9191,9192,0.9658036
9849,10424,0.9909599
19507,15932,0.9811694
19468,14457,0.9817259
13063,8813,0.979648
15149,18191,0.9666058
12915,6979,0.973217
7384,7380,0.93986076
17644,14218,0.8618246
4828,4838,0.9749716
4562,12944,0.96119916
11223,15857,0.9761687
4196,4200,0.96516365
12864,17890,0.9898892
18374,17300,0.99135345
4227,20008,0.978956
2442,2437,0.98457366
19351,19840,0.9879218
6231,19073,0.9940148
16557,13161,0.9886768
10221,12761,0.98365986
6023,16353,0.9515593
13347,7221,0.97220033
16155,16695,0.9819604
12125,12136,0.9829625
10281,9749,0.99369335
14554,16743,0.97182864
7025,14217,0.98416173
243,242,0.9867085
10537,10536,0.98268133
10370,9791,0.9722667
10071,16615,0.9770462
17110,17117,0.979894
11740,8112,0.9876167
9603,9122,0.99259853
9593,9112,0.9923741
9953,14614,0.96001893
20148,8768,0.9795574
9787,14629,0.9867994
19659,15089,0.98602456
8400,8401,0.97749054
2654,8432,0.9627651
4580,2883,0.9788574
17936,14420,0.9788173
14833,16349,0.97977257
19615,8730,0.9827685
18458,7397,0.9697102
20138,16041,0.9785517
11493,11497,0.9798554
8825,5166,0.9707063
7677,15014,0.9743421
11276,17072,0.97833484
8951,12124,0.98105067
8560,8336,0.9816731
9829,7183,0.98634076
2664,10678,0.8784224
6771,13669,0.99507165
19503,16971,0.98282176
5302,4936,0.97954184
14925,3680,0.9793702
12070,4807,0.9805862
17501,18037,0.9926642
7552,7675,0.98073363
12676,10657,0.9904253
12162,8877,0.9651369
19127,19014,0.9613589
15047,8654,0.9622038
4172,12372,0.96407527
5896,5897,0.986547
2856,2855,0.99361813
12358,5494,0.98389536
18853,18840,0.98937106
2555,18356,0.97866416
11890,15822,0.9828326
9597,10649,0.9820123
10649,10648,0.98179114
10200,10197,0.96174026
15477,5591,0.9916448
12937,12498,0.988305
5577,2747,0.9703982
4330,6871,0.9608722
18347,3456,0.97093403
19401,12448,0.9845258
14853,7001,0.9853335
20029,18507,0.98815244
18507,17985,0.9878187
16478,5161,0.97167116
10448,16184,0.972975
8987,6183,0.9857649
12438,18829,0.9784933
6522,18848,0.9806862
6671,2454,0.98420954
7045,3478,0.96111554
9765,9766,0.9619447
11237,17320,0.98818076
12949,7203,0.9568538
4437,12178,0.9506414
17974,4767,0.9695265
3168,18404,0.974704
19414,3743,0.9699019
15336,7330,0.948854
16929,6999,0.9345087
11933,3164,0.9709472
5117,7169,0.9819473
15936,7022,0.97824883
2994,2993,0.97162884
7385,4088,0.9523266
13578,10201,0.97089505
18145,14140,0.9930676
19408,15818,0.9870048
17267,2699,0.9813271
13504,19605,0.9771324
13040,17077,0.99639255
11809,6181,0.9861681
17278,2336,0.9867338
18355,2504,0.98748046
18775,18359,0.7556519
19908,3006,0.98143286
5580,15261,0.9823334
20268,5496,0.9840184
8556,8557,0.9896979
10974,2967,0.98951364
15966,6451,0.9653464
13331,19936,0.97327006
12072,4782,0.9791784
11412,5030,0.97609544
20013,7547,0.9813503
4978,4783,0.98626024
14943,20307,0.98126835
7377,10194,0.9798716
5218,19517,0.9805525
4615,20041,0.97943944
13490,15486,0.98602563
6134,5221,0.97087294
16728,16988,0.9738125
11457,5761,0.9730138
7410,14962,0.96992314
18523,6287,0.96957326
5919,9734,0.9736206
19356,6799,0.9728693
3081,5003,0.96957916
6106,11858,0.98856467
6735,2516,0.99133885
2434,16288,0.97687155
2870,15102,0.96006507
20100,10998,0.97181624
7014,14367,0.985573
18344,19343,0.9851982
14835,16385,0.97863996
11354,19968,0.96175116
17432,14473,0.98885286
14752,13219,0.97511303
6576,6575,0.96051216
15846,15844,0.9889685
12845,3019,0.9884576
13253,15277,0.97830564
11358,19102,0.9872147
15791,9718,0.97037226
3411,15361,0.9902351
18967,4095,0.9742721
4161,7434,0.976504
19988,4358,0.9603397
3679,3678,0.97693163
14612,17106,0.99851376
9584,14751,0.99285513
6524,7480,0.98759276
18972,9959,0.97285247
9145,12652,0.98963225
15284,7554,0.990433
12373,2259,0.9902076
9439,12233,0.99327725
16217,19291,0.9818742
13437,16945,0.9731276
19997,18984,0.97381616
15443,3693,0.9691205
4550,19458,0.95950866
18440,11319,0.9710467
18953,4032,0.9221954
13344,12431,0.97279376
18855,2592,0.9736788
16696,18986,0.96876246
4374,4513,0.9629332
3262,6876,0.9864385
6976,4359,0.96559596
12912,12018,0.9598637
19978,4190,0.9768489
8194,15326,0.97393584
3883,3884,0.9719011
7200,20289,0.96757656
18447,3733,0.9695497
20278,17241,0.9894024
6068,4982,0.9942781
6057,8583,0.969188
16248,7585,0.9786154
16409,18177,0.9786354
7879,15371,0.9661333
5181,5186,0.9760148
4857,7186,0.9747809
13807,13815,0.9727227
13401,17660,0.99134594
5424,10795,0.9791724
18412,16118,0.99129736
18610,17563,0.98686963
16112,12037,0.98067594
3113,18141,0.9798977
2465,2444,0.988608
12842,12412,0.98829484
17275,5774,0.98543894
5695,13221,0.9888502
9639,15080,0.9840509
4754,17131,0.97681606
13964,16123,0.9785983
4951,10181,0.9870207
12093,17460,0.9582367
11461,10516,0.9738392
8832,8747,0.9817774
10712,2221,0.9906328
12231,13080,0.96143997
14036,16539,0.97611976
8776,11056,0.9797084
8489,8481,0.98540556
13486,6436,0.9932656
6568,11094,0.9652035
7613,7615,0.9665553
6510,5332,0.9593873
8725,8729,0.97960186
14180,16031,0.9915073
17539,19592,0.9820663
18842,2507,0.9876407
15318,2944,0.9720804
2685,2684,0.97359294
12623,20329,0.98585504
10986,5833,0.9827225
8799,17075,0.98280877
12213,5609,0.9793493
8752,5135,0.9805597
10146,10149,0.9721472
7941,9975,0.9916466
11483,13139,0.96995354
18804,12596,0.98509777
16680,18582,0.98463744
13992,18232,0.8777509
18943,11975,0.9952501
3526,3225,0.98342013
16005,18201,0.992355
19272,16532,0.9873975
8660,8669,0.9892602
10006,10042,0.98136246
9207,10746,0.97499645
9706,11173,0.9782081
13024,8436,0.98870623
16183,18320,0.9906245
1004,1003,0.98616403
18407,17331,0.96376395
5910,17286,0.9704197
15374,19942,0.9862671
15183,13708,0.9860935
11110,17272,0.98888373
19450,15425,0.9624983
16847,19916,0.94044083
18923,13331,0.9729001
7926,19281,0.9864971
19638,17714,0.9826477
14211,20052,0.98211277
14540,14178,0.9836072
13143,3495,0.98328614
15150,16208,0.98238176
20241,14702,0.98406386
17681,15979,0.98576456
6461,18070,0.9848957
6621,17484,0.9845034
5992,19900,0.9806291
1162,1163,0.99053544
14887,18456,0.975099
9343,11971,0.98378974
7532,7533,0.9798989
8021,5384,0.98583084
13192,8114,0.97144306
1944,12621,0.97912896
4929,18512,0.98324585
14529,13494,0.99477494
19591,16539,0.97611016
2020,11374,0.98235565
1889,13512,0.98446184
14219,12185,0.98886675
19777,11750,0.99151176
16817,14288,0.9828143
15049,13698,0.9883708
3103,2940,0.97455853
12497,14924,0.9788014
17401,14908,0.98571694
13994,7686,0.9770058
16182,11096,0.98176426
17018,16505,0.9551885
15676,8356,0.96958935
12614,16100,0.9724681
8689,17821,0.98706484
9022,6030,0.98354006
6015,6885,0.9828718
11604,15733,0.980235
6070,11790,0.9851736
12355,10300,0.99534106
18362,2375,0.99739
16271,2228,0.98950714
1047,1048,0.96314746
11812,15319,0.99285156
17884,12860,0.95872295
2919,17680,0.9857033
17217,8152,0.98576075
2436,2437,0.9849594
5616,6355,0.9884498
6884,20089,0.95508
1416,802,0.9913214
2418,2417,0.97765917
7028,17328,0.93766564
7045,3476,0.9611996
3419,4330,0.99235666
5498,17783,0.9853956
15998,10861,0.9831218
15666,16006,0.9493237
14227,8159,0.9845828
13046,16716,0.98653585
8506,11706,0.9714892
18913,12427,0.9543863
19864,17733,0.97859186
4325,4289,0.9782898
17345,6993,0.96631837
13729,13279,0.9914663
14778,19880,0.9838366
18342,19859,0.9903217
7089,16896,0.97207177
16469,15927,0.98267937
3009,15802,0.9712199
10314,11326,0.9753454
15344,11272,0.94604975
13033,10842,0.9636621
17541,15151,0.96714485
18203,15151,0.967108
1652,1650,0.9895328
11175,10873,0.9767012
12379,5825,0.9850241
8463,7141,0.9856285
16842,18387,0.98521626
13798,6972,0.9765663
12473,7620,0.97118616
10359,10360,0.98391426
15428,19451,0.98123634
13525,18065,0.9854844
18490,17975,0.98586035
7783,7985,0.9801502
7767,5567,0.9674992
17593,12133,0.6443456
12395,10962,0.99336
15853,15373,0.97313935
4305,7199,0.9898343
11416,6170,0.9939545
7422,11416,0.9939943
14311,3038,0.9789039
15848,15847,0.98882324
17337,6934,0.98594034
18426,17349,0.9612442
12369,19931,0.97582203
13671,19083,0.9814043
6394,12812,0.9665822
17769,19354,0.99770397
4455,6697,0.97075677
13939,7604,0.9835999
6416,11467,0.9776383
15577,5214,0.97713417
19176,10326,0.98774743
20164,3689,0.96895236
5393,10098,0.9820926
16351,14833,0.9781642
2251,17796,0.9648752
17926,5518,0.9649242
10686,15950,0.99056154
19576,11454,0.9789121
15294,18857,0.9883753
18956,4173,0.971483
6523,8698,0.9794653
3942,18857,0.98839873
6643,6641,0.9857889
13247,15273,0.994786
5900,18358,0.99111265
18876,2894,0.9963728
17282,2446,0.9844648
18324,7311,0.9710305
4744,16761,0.99073845
16472,4732,0.98264045
14472,5145,0.98626953
4686,6195,0.97561634
10834,15491,0.9817893
7898,5288,0.97739637
12777,18593,0.98444855
2684,15299,0.9734727
11120,7989,0.9828944
4635,14138,0.98619056
3822,8364,0.9765103
14083,7933,0.98422307
5386,14681,0.9862335
5757,7987,0.97299826
10061,20306,0.97344446
12313,14553,0.9774991
3824,16858,0.9857766
2459,6723,0.9788304
6226,11074,0.9671532
13513,5450,0.9777035
8161,12597,0.98721296
4547,5911,0.9740977
16323,12850,0.99243486
18754,11363,0.99244565
1377,1378,0.99069124
17396,14432,0.97238976
18792,17619,0.95724756
17436,4912,0.96076494
4320,4319,0.9651138
2785,2751,0.9864369
8993,15494,0.98378074
18236,8200,0.9556826
7760,7759,0.9836774
11013,7112,0.97878265
8695,8490,0.9934449
8467,8694,0.9933215
11047,11808,0.9883385
18423,15362,0.9929478
2207,11092,0.99754083
7716,18966,0.97544754
3392,3391,0.98395544
12242,17211,0.9893516
11430,7621,0.9324942
12766,10751,0.9874724
5204,11634,0.99271166
18786,3090,0.99165267
2935,17810,0.9936126
13705,18381,0.9916916
19405,19977,0.9648245
17960,4585,0.96366584
5423,11355,0.9827346
18454,12766,0.98811054
10320,16183,0.98462117
5134,11301,0.9817806
18993,14461,0.986432
11348,4314,0.98233485
16822,17288,0.9695851
17823,14788,0.96373606
19317,15269,0.98992467
5054,4489,0.9842442
5415,17558,0.98604286
4883,9218,0.9842801
12672,19671,0.99104416
18880,2544,0.9567825
13736,3931,0.96697927
17284,11110,0.9869489
14170,13609,0.97795165
5725,16618,0.981913
3725,3726,0.9695523
17702,15438,0.97167206
4214,12010,0.97552854
3783,7211,0.9841706
12878,11292,0.97567946
12866,3320,0.9822918
3393,3394,0.9941795
7673,7669,0.9809715
8072,7674,0.98245376
17155,15628,0.9752855
16654,14092,0.97177124
7844,7615,0.96623015
14470,15937,0.9828812
16513,15510,0.978135
3668,13885,0.9839612
17986,12079,0.98318774
13355,13354,0.95950687
15234,18806,0.9826301
7848,7733,0.9828439
16342,17371,0.9709353
10196,5161,0.9716926
15427,7576,0.9807118
16362,3688,0.97651184
15931,16985,0.98719925
9802,19862,0.96904147
18678,5725,0.982129
16593,15577,0.97678965
18581,17537,0.9563874
19556,12163,0.98125595
16474,14467,0.982689
16055,18620,0.9622286
14730,16125,0.9887629
17973,4233,0.9831632
16455,15909,0.9812127
17975,12518,0.9857432
9389,9388,0.9795045
19063,9009,0.97889155
14985,14499,0.9835437
7606,7558,0.9838944
5255,7199,0.98992014
4523,3989,0.9718898
11046,6582,0.98909587
17461,16990,0.9765082
15511,10682,0.9714621
10524,10554,0.96777457
6668,6667,0.9674682
19535,17465,0.9790978
9191,9190,0.9653995
18016,10445,0.9806113
10248,14251,0.9554217
12302,20132,0.98929226
16750,10845,0.9872241
10659,10226,0.98216116
1382,1381,0.9904565
6456,16027,0.96923167
1350,1349,0.9908749
13624,3970,0.99311215
3639,1858,0.9803262
15702,12310,0.989209
2874,5963,0.97277945
14085,18139,0.98009413
19258,16231,0.95554876
8013,7668,0.99536633
16987,10686,0.9906619
9657,9656,0.9809647
10288,9752,0.99415576
20172,9202,0.989967
9633,5619,0.9908351
6350,6348,0.9813829
19133,12228,0.99370736
9807,9853,0.99432963
19134,9267,0.9191844
15057,5233,0.99236965
14663,16630,0.99166286
16746,14735,0.97736496
17646,6089,0.9734018
2212,13613,0.98878795
4198,12463,0.9772619
5805,13609,0.9767553
3602,3898,0.9825308
13403,4001,0.9727305
7572,12428,0.98445857
4724,17195,0.9823887
20013,12070,0.98171884
12975,17451,0.97416466
2038,11690,0.9788816
15859,3671,0.98550075
2004,19297,0.9737891
12967,6646,0.9717718
16502,18540,0.97764504
15121,20042,0.98463815
11742,17168,0.9922084
13427,12494,0.9905483
16504,19036,0.9923011
6561,12099,0.97824824
17379,17378,0.97675586
19383,3104,0.94759023
10340,11458,0.98284334
16122,13620,0.9723168
15465,19010,0.9810743
18017,2042,0.9742509
4001,4000,0.97314656
4074,14895,0.98039216
18508,18494,0.98248094
2048,19015,0.9732843
13852,13857,0.97570217
10416,13608,0.98925227
19512,20309,0.97891414
15455,4479,0.98591995
9060,8849,0.9941327
1993,19179,0.9782451
2022,17485,0.9666226
5608,10148,0.97985953
5609,5608,0.97978127
12991,13975,0.9729201
10833,7468,0.98158365
7792,14006,0.9806929
7832,14536,0.96708035
5424,11294,0.9740888
7540,16490,0.9790748
18594,11650,0.97227234
10867,12762,0.9839548
7607,7606,0.9846913
20332,5703,0.97776586
1972,11707,0.98610014
9010,9417,0.9940268
6151,6148,0.9873598
19058,7880,0.99203295
10117,13019,0.9923171
15786,15286,0.9820654
7939,17138,0.9810563
10348,19050,0.9810712
10670,18625,0.9800955
7887,3888,0.987115
9280,9281,0.9866283
11162,11161,0.9871497
12645,10716,0.9942901
5709,5708,0.99395776
5216,12565,0.93983984
4553,11545,0.57495165
3541,11003,0.97924346
11120,7538,0.9829784
5268,12284,0.9737085
14532,11007,0.97938436
11198,1891,0.97785544
19792,12200,0.9930682
5679,5683,0.9809303
5623,10150,0.9852872
10014,19665,0.98580444
14618,9993,0.9780768
14625,13576,0.98736084
15603,9914,0.96893424
9912,9911,0.9724001
14119,16615,0.97728944
15415,14329,0.9777353
10498,10499,0.9823827
16168,12276,0.9559957
9996,5674,0.99284315
10557,10010,0.9810652
10189,11064,0.98012835
8667,8419,0.9850581
8629,9879,0.98266304
10166,10926,0.9657041
10531,9922,0.9841638
10418,9833,0.9723602
19707,11781,0.9418
3731,14347,0.95709604
17117,15092,0.980591
19151,12245,0.9608115
9478,9494,0.99150324
7874,9529,0.99340385
14617,9545,0.99401194
15608,15086,0.98163307
13060,16049,0.93545204
242,1034,0.98925346
10758,15079,0.98531216
8881,9126,0.97224325
8371,8372,0.98423356
6990,14580,0.96569645
16044,11586,0.98738444
10699,19106,0.9793397
8863,8866,0.9758887
17044,5487,0.9840432
16760,19813,0.9814107
10625,10624,0.9837552
10591,5687,0.9852417
4229,5184,0.9842345
9001,9003,0.98302794
12513,17436,0.9630232
17937,4053,0.97435135
2404,2970,0.9805994
5090,20037,0.9921681
9214,11059,0.9938806
11233,18883,0.99504423
5784,14270,0.96985495
11623,11620,0.99068904
19294,2346,0.9793856
16294,6475,0.99073166
18396,19329,0.9833319
15303,6649,0.98933256
9654,9658,0.9869487
16303,2399,0.9963476
12420,6926,0.9609228
15293,16881,0.98074555
4158,18462,0.9759911
11955,12452,0.98570585
6876,15335,0.9859189
15412,4191,0.9783407
13902,4048,0.9820018
12521,12930,0.9726001
12973,19469,0.98398316
5162,5157,0.96876746
7696,7973,0.9785499
2802,2789,0.9848564
2613,12388,0.97010833
16896,3947,0.97343665
19403,15360,0.97497034
16877,3521,0.9812913
13716,2256,0.9771837
19960,11334,0.947945
8138,7163,0.9952425
18904,19923,0.9690119
3519,3520,0.9766311
17481,7577,0.9768198
5478,17772,0.98315513
5779,14771,0.9892069
18844,2317,0.9945539
12815,2324,0.98491573
15276,13734,0.9890259
5901,18359,0.98085004
8989,9354,0.98381054
18304,11004,0.9846747
18331,6482,0.98511815
15243,5496,0.98399144
10634,10169,0.98540163
9673,9158,0.98708016
9696,16095,0.9679987
18494,10115,0.9805565
14945,10022,0.9763945
4877,4878,0.98850375
5172,15475,0.98674446
16930,4913,0.97772604
11391,5458,0.9779599
13943,4947,0.9872366
4985,5071,0.9865003
17421,19508,0.98230815
14894,4182,0.9802776
13928,4734,0.983126
13982,11451,0.9900776
6328,2828,0.971778
7519,11518,0.9834674
10213,5749,0.98845214
10211,5744,0.9868031
2662,2663,0.9942114
16690,14304,0.97250944
2921,13782,0.98678803
11952,12445,0.9478531
19360,19365,0.9720061
19365,12409,0.9726887
13316,3270,0.9484994
16298,2524,0.96690404
3318,17340,0.97585547
17340,6054,0.9745952
11381,6237,0.9839415
5906,2605,0.97854793
6390,4242,0.96736634
19397,3314,0.9596965
6490,6489,0.98752636
19447,4329,0.9822219
13267,2611,0.9701902
18886,3410,0.97022545
7086,16441,0.98681647
17453,13949,0.9829496
10090,7298,0.9879578
15316,9743,0.98796403
9513,16084,0.99523324
8546,5823,0.9979305
9454,14615,0.9933723
9401,10002,0.99539524
1860,13159,0.99279517
17703,19745,0.9824175
19382,15833,0.99043757
2114,2922,0.9943434
3322,6846,0.9884114
18492,4819,0.96427363
5336,4296,0.9587136
12936,18482,0.9639715
10046,12948,0.965167
7107,4802,0.9801237
19420,1976,0.96504253
15366,17121,0.99311465
16393,11340,0.9610634
19490,19491,0.98049635
14172,15924,0.98203456
13590,19685,0.99063057
13059,15034,0.9929972
18509,17983,0.9791012
19044,15974,0.9772643
13614,11211,0.9800649
10286,19684,0.9707921
13805,3167,0.9742809
11220,10480,0.99305844
14667,10237,0.98899615
13862,11565,0.9735633
19534,16136,0.99111265
3916,17667,0.98934084
9819,9820,0.9802986
17256,19232,0.9624895
11257,3962,0.9838072
5654,10525,0.9487478
5847,2912,0.9886457
20341,12131,0.89280343
16118,17565,0.99158585
2159,5682,0.97445303
5119,12726,0.97174543
11692,12699,0.98129267
17851,12842,0.987904
17814,14775,0.98592883
8509,8506,0.91246617
15254,20264,0.98569787
8432,18082,0.96350455
10032,10035,0.9766892
4056,14084,0.9866463
7981,13414,0.9845495
15214,13195,0.9900656
2268,2240,0.9810681
5331,13990,0.964892
20097,14031,0.9779063
8075,13507,0.97559494
19765,17231,0.99301976
17230,14024,0.97700465
14188,18729,0.9887722
18762,15215,0.98598444
14583,17700,0.9952982
7722,7721,0.98310155
8774,11589,0.98527724
8770,8771,0.9847659
16560,8151,0.9892324
8942,17548,0.8052952
5774,5775,0.9854232
5736,5735,0.8682058
2158,2637,0.99089885
11181,11302,0.9912117
6140,11889,0.97766227
10886,10884,0.9771094
9706,10890,0.97832245
6626,15538,0.9753446
13212,13189,0.9906753
18280,12195,0.6532909
12196,16534,0.98844516
8066,7937,0.98559093
15811,18386,0.9951787
3535,17514,0.9834856
6281,14699,0.98524654
15828,5516,0.9827611
14696,5382,0.98243976
14702,11124,0.98417455
18847,15778,0.98442924
16312,11209,0.9810642
9026,9027,0.96413124
11575,19281,0.9864247
20343,15086,0.95308024
19947,16392,0.96760535
8065,8022,0.9856726
8195,6016,0.9829511
11998,14545,0.9697604
14339,17039,0.9612618
17527,18125,0.9717296
11577,18762,0.9805619
10968,15519,0.98932123
12835,2838,0.9895984
6885,6014,0.98265487
5292,16225,0.9681541
283,280,0.9872629
14553,15186,0.980427
6396,5538,0.9896668
7936,5440,0.9837964
7042,18789,0.99295455
14579,17032,0.98403776
20091,15163,0.98505616
5269,5252,0.9729541
16197,16025,0.9854446
8462,6683,0.9908824
12525,4692,0.9819526
7782,7783,0.9136421
8788,5132,0.99337715
6530,18867,0.9667944
18771,15016,0.9888364
2327,11812,0.9928571
19309,17838,0.697765
16323,16531,0.97873485
9250,10910,0.9458152
3793,11325,0.970834
453,455,0.999042
16683,14704,0.9667949
3412,4294,0.9924988
5164,19733,0.95996785
9586,9585,0.97946495
16300,7149,0.96687686
15799,2142,0.96985584
19789,11862,0.9750572
15392,13897,0.9679626
17785,2594,0.99010557
13782,13282,0.96523815
13754,14308,0.9844275
19897,14810,0.9742081
4308,4298,0.8822495
16901,12011,0.96134365
4179,4177,0.98015517
9944,16916,0.97435826
13426,15889,0.9738375
15352,19412,0.982074
7361,15459,0.98696566
5783,2911,0.9893054
7670,15974,0.9774091
10109,10108,0.9926077
13326,20282,0.97164077
12456,15834,0.95324063
19853,11119,0.9655227
6774,4243,0.97712517
11455,3224,0.9840189
9505,9506,0.98170596
18972,12480,0.9728258
12429,13759,0.98857236
9994,14801,0.9609547
11876,6657,0.9886867
14885,18953,0.9212052
13937,4857,0.9751696
4322,6975,0.96509993
7134,12857,0.96539736
18210,16676,0.97508156
17678,15664,0.9758881
7272,3872,0.9723922
13634,18732,0.97506094
2534,14953,0.9871854
2601,18713,0.9836008
18674,2588,0.98015517
5137,18209,0.9531428
2012,18703,0.97891986
6888,15330,0.98130643
4204,3576,0.9764398
17355,15903,0.9768088
15908,7074,0.9792355
14834,18404,0.9762683
19376,18898,0.96491396
18898,16364,0.9679928
12709,19506,0.96445525
5643,7002,0.953085
5782,5781,0.974502
16656,5796,0.9744129
19052,17513,0.9625562
6352,6351,0.9520726
6680,20252,0.9590257
14129,4903,0.9929785
8018,5757,0.97264254
10331,15106,0.98212105
13203,8502,0.984344
344,429,0.9991142
5934,2727,0.94747156
16004,20123,0.9653948
11792,6502,0.98088914
13744,14293,0.99551314
3427,3373,0.9530801
17979,4792,0.974327
15673,7348,0.98478794
9581,10105,0.9796459
5531,2941,0.9913366
5229,4948,0.98747885
11415,5229,0.9873663
18501,4864,0.9809599
10730,6769,0.9812478
12692,17143,0.99393797
16200,17002,0.98319227
6658,19519,0.989916
7930,14029,0.9784248
2305,19704,0.97615075
8583,15925,0.9412145
7780,3829,0.97038627
5278,19133,0.99330866
5842,18216,0.9800616
4485,18962,0.96243614
20045,12545,0.9955989
6675,6632,0.96020275
13445,12077,0.9810012
19004,13456,0.9811949
13451,15459,0.9879694
14669,16665,0.96442485
5428,10819,0.9697025
12069,4797,0.9939719
10287,17170,0.9704339
19699,19700,0.9697259
13121,14417,0.9898453
11676,10381,0.9813184
13097,19820,0.98463875
15668,12287,0.9692993
14965,7639,0.9868868
9216,11060,0.99405295
11384,15821,0.98199064
2236,17484,0.9853566
14038,8122,0.97568333
3395,3396,0.9941673
6775,15414,0.9654781
6806,13307,0.9763132
19923,13320,0.9682663
7826,14002,0.9772314
13223,8626,0.98443663
17771,2135,0.9805689
12113,14842,0.9707309
12083,7346,0.98700887
15674,13138,0.98683363
14949,12958,0.9865558
12556,18536,0.9785311
14265,6773,0.9858008
16321,5964,0.9724295
6532,11948,0.96727276
18385,14810,0.9715304
11909,13774,0.948121
3662,7155,0.985686
4219,4218,0.97402716
9108,5233,0.9928461
9172,5230,0.9938083
13916,4459,0.95573825
12907,16711,0.95523304
7487,4555,0.97013885
4967,12956,0.98852915
20202,4743,0.9895354
10318,11585,0.9732022
15388,11257,0.98395306
2426,1980,0.9794845
11155,11156,0.96112275
5111,20229,0.9639871
11088,5123,0.9801332
5461,6812,0.99180627
15526,16182,0.9869708
15552,19095,0.97863024
6691,5450,0.9784655
8131,7908,0.97561646
18554,14178,0.98278403
15214,13673,0.9901411
15221,18268,0.9898503
13423,15428,0.98119706
14891,19974,0.96200716
16566,12094,0.98743325
19017,13945,0.9847659
6076,14517,0.9868553
19742,5043,0.988881
2947,17269,0.97658294
16301,14789,0.96486306
13405,15879,0.9694875
13895,7223,0.9731054
12079,13951,0.98139805
16285,2354,0.98533183
9106,9107,0.97958755
19938,19349,0.98675805
17270,19852,0.9847291
12948,4837,0.9650275
13313,3243,0.9858904
19435,4384,0.97437173
19416,15865,0.9481517
4753,10952,0.9859455
12314,6168,0.97894233
0,1,0.99922276
1,2,0.9992269
11,2,0.9992538
15,14,0.9990251
527,20,0.99536884
22,21,0.9954484
23,22,0.9954651
23,24,0.9954763
24,25,0.99549234
25,24,0.9954945
26,28,0.99555343
27,25,0.9955146
29,28,0.99559504
30,29,0.9957634
520,30,0.9956591
31,519,0.9950653
32,31,0.99504244
34,33,0.9952911
34,311,0.9952749
40,38,0.9984003
41,65,0.9980287
47,42,0.992285
43,47,0.9925282
44,45,0.9930494
46,45,0.9931062
46,43,0.99286264
46,47,0.9927375
50,49,0.9989849
50,51,0.998992
53,54,0.9985825
54,55,0.9985884
57,58,0.9986141
61,62,0.9986755
62,63,0.99867505
64,63,0.9986733
64,62,0.998672
69,70,0.9977841
69,71,0.9977842
76,77,0.99403495
80,1458,0.989764
81,82,0.98937327
82,83,0.99049836
83,91,0.99270564
85,84,0.9879495
93,94,0.9861725
100,97,0.99284136
98,99,0.9932126
99,100,0.9932162
98,100,0.9932153
102,101,0.9947748
103,104,0.9889692
105,104,0.9923275
110,111,0.997398
115,114,0.99798286
117,116,0.996546
118,117,0.99816966
123,120,0.96689224
127,122,0.99597377
126,123,0.6725149
135,134,0.99390113
136,137,0.9928845
140,139,0.99135464
140,141,0.99140066
139,141,0.99123293
144,143,0.99975044
147,146,0.997068
156,158,0.9995468
159,160,0.9996481
160,161,0.999648
159,161,0.99964786
162,166,0.99965894
163,164,0.9984523
165,164,0.99847084
163,165,0.9984901
167,169,0.9989305
172,168,0.9995598
184,185,0.9991456
190,187,0.94493663
436,197,0.9997576
205,218,0.99984026
206,217,0.9998128
211,226,0.9998486
215,214,0.99983764
215,213,0.99980825
218,217,0.99981266
226,210,0.9998481
235,734,0.9906882
236,736,0.986074
247,481,0.9919471
248,1737,0.9919654
252,253,0.9916196
254,252,0.99129254
257,258,0.9902086
258,257,0.990176
260,258,0.9901799
276,1495,0.9888054
286,1536,0.98291266
290,1550,0.9880449
293,292,0.9881115
296,294,0.98792624
298,1588,0.98804665
299,300,0.9891151
300,299,0.98941433
303,1528,0.98965293
312,311,0.9952447
312,313,0.99521244
314,313,0.9951763
315,314,0.99514765
316,315,0.9951455
316,314,0.9951485
320,319,0.93118554
324,323,0.9996251
547,324,0.99953187
546,326,0.99974114
328,327,0.81808496
333,332,0.99975425
333,334,0.9997528
337,562,0.99978226
345,344,0.99972695
349,1245,0.99130005
351,353,0.989737
353,351,0.989737
354,355,0.98697585
357,1008,0.9883809
358,474,0.95271057
359,369,0.99142355
364,972,0.9905166
366,572,0.99118364
367,477,0.9914089
369,359,0.99142355
374,376,0.9887587
378,1254,0.9896807
384,385,0.9859037
400,468,0.9891846
402,401,0.98196435
403,400,0.9892123
404,1834,0.99266934
405,406,0.99272984
406,405,0.99272984
421,420,0.9912389
422,424,0.99144506
426,1414,0.9919194
427,1836,0.98891443
430,345,0.9997168
435,434,0.9998616
439,436,0.99975914
464,444,0.99981564
432,446,0.99352926
448,447,0.9998833
449,455,0.99904567
467,450,0.9998548
452,453,0.9998559
458,456,0.9998578
457,460,0.9998605
449,458,0.9998573
459,462,0.9983114
461,460,0.9998621
461,462,0.99830186
463,444,0.9998041
464,465,0.9998628
468,400,0.9892341
473,474,0.9542014
475,972,0.99041474
477,367,0.9914089
495,1518,0.984906
497,1514,0.98934585
505,741,0.9915814
506,741,0.9915215
507,741,0.991626
508,1693,0.9915965
509,513,0.9915969
510,179,0.9381713
511,509,0.99158365
514,1696,0.9910924
517,1009,0.9908251
519,525,0.9950753
14533,520,0.995707
526,521,0.9963521
31,522,0.99497694
523,519,0.99510795
519,524,0.995083
31,525,0.9950583
14512,526,0.9969875
527,18525,0.99538285
528,1238,0.9914306
529,371,0.98186135
530,1221,0.99149597
532,420,0.99122673
962,538,0.9816705
961,539,0.99955004
540,961,0.999551
545,544,0.9994753
546,392,0.9984773
547,323,0.99946636
330,550,0.9145938
552,334,0.9993826
568,1569,0.9917732
573,1225,0.99107707
581,1161,0.9913157
582,905,0.9887234
583,949,0.9850131
584,598,0.991389
586,1198,0.9917536
596,805,0.990299
600,259,0.99029773
601,902,0.9856265
603,1239,0.990033
604,775,0.9903251
606,788,0.9913564
607,1286,0.9908511
609,1286,0.9908635
610,612,0.9906985
620,1366,0.9911266
626,627,0.8348738
639,683,0.9854836
648,936,0.9893756
650,702,0.9888362
651,1319,0.99072146
653,1839,0.9889804
654,1482,0.9893544
655,1152,0.99146616
658,587,0.99242026
662,1433,0.9914035
668,1107,0.98875135
669,1306,0.9912322
672,659,0.99007493
677,692,0.9916196
679,939,0.98901355
684,939,0.9887637
686,685,0.98956454
689,1800,0.989422
691,1800,0.9893461
696,1215,0.98904514
697,698,0.9896973
698,697,0.9896337
701,1226,0.9890638
702,650,0.9888362
703,704,0.98899335
711,709,0.9894633
712,926,0.9913599
718,1454,0.98880184
719,292,0.98788226
727,1631,0.9918451
729,1618,0.9915099
749,1064,0.9930392
753,754,0.9914551
754,753,0.9914699
767,1316,0.98753893
768,794,0.98825383
769,910,0.9883208
770,773,0.98846984
771,770,0.98858696
772,770,0.9883046
773,770,0.9884673
774,912,0.99031305
775,604,0.9903251
778,771,0.98845416
780,1815,0.9885771
783,1815,0.98855317
787,786,0.9908289
789,606,0.9907274
795,722,0.9884283
803,1463,0.98967886
805,596,0.990299
809,840,0.990952
810,821,0.9905578
812,1545,0.9877836
814,822,0.99087924
829,833,0.9912067
830,831,0.9913428
835,838,0.99091774
840,834,0.99083614
842,841,0.9909855
847,848,0.99168605
853,826,0.9911379
856,857,0.9923124
859,858,0.9920359
857,859,0.9921943
861,733,0.9914478
862,733,0.99158585
863,737,0.9914125
865,1639,0.98919463
867,724,0.9455409
869,868,0.992416
869,873,0.99242026
870,724,0.9463772
873,875,0.9923017
875,886,0.97174925
876,507,0.9915276
879,881,0.99191886
885,1716,0.987987
886,887,0.98223233
892,1055,0.99093
894,707,0.9905939
895,710,0.990764
897,708,0.9897983
899,1239,0.9900838
910,769,0.9883208
911,772,0.9883702
912,774,0.99031305
913,776,0.9870291
916,782,0.9880287
918,917,0.98998415
930,931,0.9887074
931,932,0.9887205
932,1837,0.9886951
933,948,0.9884206
938,937,0.98934877
943,695,0.9887989
952,1217,0.98900247
953,954,0.9888015
955,1806,0.98976177
956,1218,0.9735773
957,1808,0.8057385
959,960,0.9888631
960,959,0.9888631
961,538,0.99953294
964,1164,0.98995143
970,1171,0.99134725
971,1175,0.991967
972,475,0.99059254
973,1179,0.9913298
974,1786,0.99132675
975,978,0.9919572
976,1175,0.9919904
977,1177,0.9917176
978,975,0.9919572
979,1177,0.991708
980,1432,0.99174213
981,1165,0.99009234
982,652,0.99229664
983,984,0.9922069
984,982,0.9922714
985,986,0.9888888
988,986,0.9888405
996,665,0.988936
1011,479,0.99099255
1019,1726,0.98978186
1022,1578,0.99165535
1041,1042,0.9885039
1042,1041,0.9885039
1051,1040,0.9933035
1055,1054,0.981351
1067,1070,0.98879147
1069,263,0.993782
1081,1094,0.9914512
1082,1476,0.98992443
1099,1098,0.99123853
1100,1761,0.9876293
1101,1112,0.9910459
1102,637,0.9718991
1103,1095,0.9886761
1104,1003,0.98677456
1108,1097,0.99121594
1112,1101,0.9910459
1113,1110,0.99084926
1116,1114,0.991155
1120,493,0.99096936
1121,1122,0.99150497
1124,1772,0.991305
1126,669,0.9912281
1146,764,0.9483696
1149,1374,0.9916379
1193,1191,0.99142927
1197,1796,0.97842914
1205,1202,0.9889952
1215,1805,0.9890562
1219,1220,0.9896152
1220,957,0.9894763
1221,530,0.99149597
1222,473,0.9913446
1223,698,0.98965144
1226,701,0.9890638
1227,936,0.98923486
1228,704,0.9889404
1229,573,0.9912765
1230,1810,0.9887559
1235,364,0.99072886
1236,608,0.9902228
1237,602,0.99070674
1238,347,0.9894394
1239,603,0.99006104
1240,349,0.9913755
1241,371,0.9819426
1242,1246,0.99036866
1243,1244,0.9901524
1244,1243,0.9901524
1249,1250,0.9889281
1253,375,0.9884829
1258,1259,0.9901578
1259,380,0.98990554
1263,1255,0.9894093
1269,1275,0.9908246
1271,786,0.9908172
1272,1273,0.99235255
1273,1276,0.97835904
1274,787,0.9907815
1275,1269,0.9908246
1278,1281,0.9907799
1280,377,0.99049616
1281,1279,0.86511815
1282,1283,0.9896353
1285,607,0.9909019
1286,609,0.99084854
1287,1285,0.9909496
1289,484,0.990759
1290,484,0.9907877
1294,1168,0.9912356
1296,1327,0.9907935
1312,1328,0.9911963
1321,1325,0.9899686
1323,475,0.9907178
1324,1266,0.9894028
1339,1320,0.9198185
1340,1344,0.99102646
1343,1341,0.9898415
1352,1350,0.9906419
1356,1358,0.9911328
1363,1362,0.9913065
1364,621,0.9912719
1365,1404,0.9910178
1366,620,0.991076
1368,623,0.99035174
1385,1379,0.9904586
1387,1386,0.9905206
1388,905,0.9886945
1389,925,0.9917657
1391,620,0.9911521
1397,1396,0.99032485
1398,1393,0.9890382
1403,1400,0.9907569
1404,1394,0.97961867
1406,418,0.9919133
1407,1398,0.9890485
1408,419,0.93843555
1409,1491,0.9918785
1412,1826,0.9887806
1414,426,0.9919194
1415,1421,0.9911999
1417,1826,0.98877037
1418,1416,0.9911918
1419,1421,0.9912676
1420,801,0.9913504
1421,1415,0.99124473
1422,1014,0.9912198
1423,1437,0.99132943
1424,1359,0.99101186
1425,1426,0.9911506
1426,1418,0.991165
1427,662,0.9914152
1429,1431,0.9912991
1430,1692,0.99149853
1431,1445,0.99135864
1432,1173,0.99171984
1434,802,0.9912544
1435,801,0.99127066
1445,1431,0.99138474
1447,1451,0.9896724
1448,1547,0.95911425
1449,1443,0.97840947
1450,274,0.9885994
1451,1463,0.9896931
1453,1028,0.98961884
1454,718,0.98880184
1460,1392,0.99024045
1462,1458,0.98974705
1463,1451,0.98969334
1466,421,0.9912436
1467,418,0.99192375
1472,1469,0.9899978
1474,1469,0.9900983
1475,1471,0.9573595
1476,1082,0.98992443
1477,595,0.9900421
1478,1723,0.98963124
1479,1084,0.989668
1481,1084,0.98961407
1482,654,0.98932904
1483,654,0.9893939
1485,630,0.98903006
1487,1467,0.9920398
1488,1052,0.9896436
1489,1490,0.9902563
1490,1489,0.9902563
1491,1409,0.9918785
1492,659,0.99000365
1499,1498,0.9619382
1500,1501,0.56684405
1502,661,0.981683
1504,497,0.9893246
1505,1507,0.9626908
1508,1507,0.9623434
1509,1510,0.9891059
1510,1509,0.9891059
1511,1512,0.94088024
1513,1417,0.98877317
1517,1505,0.9887761
1521,1522,0.98890465
1533,938,0.9888758
1550,290,0.9880449
1554,283,0.98808134
1555,281,0.9865057
1559,1583,0.9915109
1561,1562,0.99151343
1563,848,0.9916476
1565,850,0.99182725
1567,1581,0.9917567
1571,1572,0.99140054
1575,723,0.82188845
1591,1592,0.9749926
1593,1594,0.99074227
1594,1593,0.99074227
1595,1624,0.99094
1596,1598,0.99093014
1597,1611,0.99072546
1598,1596,0.99093014
1614,1623,0.9912213
1619,737,0.9915181
1620,1621,0.9915548
1621,1620,0.9915548
1622,1627,0.99122834
1623,1628,0.99128574
1627,1622,0.99122834
1629,1625,0.9885738
1631,727,0.9918451
1633,1609,0.9904621
1634,1635,0.99007297
1635,1634,0.99026114
1637,1635,0.9903798
1638,1587,0.9909266
1639,865,0.98919463
1640,1656,0.9895836
1641,1643,0.98948497
1642,300,0.98964906
1643,1641,0.98948497
1644,1645,0.9894992
1645,1644,0.9895443
1646,1644,0.98932236
1647,1651,0.9896367
1648,1646,0.9893444
1651,1647,0.9896367
1675,1660,0.99062085
1676,1677,0.99043536
1677,1679,0.990444
1678,1690,0.9900967
1687,1685,0.9899788
1688,1689,0.98980546
1691,906,0.9894832
1694,1697,0.99156684
1698,884,0.9918657
1700,1701,0.98669654
1704,492,0.98450166
1705,250,0.9916551
1712,1718,0.99080455
1723,1478,0.98971915
1725,663,0.9740641
1726,1019,0.98978186
1727,1018,0.98991746
1730,1025,0.9905083
1731,742,0.9894693
1732,1733,0.98927045
1734,1735,0.9918635
1740,255,0.9929173
1746,1059,0.9922401
1747,1063,0.9435477
1748,749,0.9930132
1750,262,0.9132208
1751,1075,0.83655876
1754,1079,0.9862396
1755,1478,0.9896136
1756,753,0.9914689
1757,1088,0.99154085
1766,1003,0.9872034
1777,1135,0.9919899
1780,252,0.9914008
1781,1825,0.990559
1784,1301,0.9916591
1785,1825,0.9905585
1786,1199,0.99134564
1787,927,0.9917407
1798,645,0.9894146
1800,689,0.9893846
1801,694,0.9888427
1802,686,0.98955816
1803,946,0.9886761
1804,487,0.9882366
1805,1215,0.9890531
1806,955,0.98976177
1807,945,0.9702588
1809,697,0.9896597
1810,1230,0.9887559
1815,783,0.98852533
1817,260,0.99024886
1818,1256,0.9895347
1819,1192,0.99156874
1820,1822,0.9905414
1821,677,0.99164295
1831,1438,0.9877973
1832,397,0.989611
1834,407,0.9873231
1839,653,0.9889804
1840,1408,0.99234456
1841,1843,0.99151564
1842,1276,0.97907776
1843,424,0.99154824
1851,3887,0.97814196
7952,1854,0.987147
1867,3610,0.9936312
1869,12693,0.99085677
1871,12308,0.9923529
16662,1886,0.97964776
1900,14370,0.982227
1910,12825,0.97179735
1928,2204,0.9459967
1934,15592,0.98392993
8282,1938,0.9778806
5852,1951,0.98595077
1961,3315,0.96227705
1979,1958,0.9897461
10431,1981,0.97889656
1991,8096,0.9900275
1997,1996,0.98572624
1999,11014,0.9838234
2005,18553,0.9841272
17576,2037,0.9957023
2041,2091,0.99589807
2065,12357,0.9972414
10146,2071,0.96822906
6080,2076,0.98431605
2083,12363,0.9906865
2085,15251,0.99812526
2086,17779,0.9981287
2087,2062,0.99416757
2092,6040,0.984832
2585,2105,0.980495
2109,14280,0.9961592
8543,2110,0.9938915
2110,2111,0.99407274
7443,2115,0.9866513
14337,2118,0.9771978
2139,18312,0.99810237
12392,2145,0.9934696
12795,2151,0.98449796
2171,13690,0.70844275
2193,2659,0.99185866
2198,17253,0.9708303
6333,2199,0.9773177
2211,18100,0.994044
6377,2222,0.97265166
2223,6376,0.9679589
16160,2244,0.9607722
2246,17071,0.98202574
18332,2258,0.9760122
2271,5302,0.84726834
2273,5716,0.9863972
2276,17292,0.99259007
18859,2284,0.9916367
2291,2293,0.9872149
2293,15776,0.9876556
2294,5650,0.9944342
6670,2303,0.97784775
5987,2304,0.9787981
2322,15276,0.98898715
2330,2329,0.9945129
4397,2339,0.9727103
2342,13306,0.9849642
2344,16693,0.98613095
2352,15158,0.99055344
2380,2381,0.9860005
2382,2381,0.96813565
13813,2382,0.9929583
2383,15783,0.9855085
3644,2396,0.9665414
2408,16801,0.9879134
13257,2409,0.98477477
2410,14337,0.9841196
17870,2421,0.98644686
2432,6652,0.98007846
16288,2435,0.97682637
2441,2440,0.9904817
2448,2447,0.9826994
2448,15781,0.98399067
2449,9671,0.98317
2107,2460,0.98879147
2470,18855,0.97366863
20213,2474,0.98644954
6696,2475,0.9704606
2480,6479,0.9824937
2487,2774,0.9853689
2489,2776,0.98545945
2490,18821,0.99726796
2491,16785,0.99722135
2496,14783,0.9845738
2501,14739,0.9775349
2502,13134,0.9313799
2515,6735,0.9913244
2519,2777,0.9857231
16384,2521,0.97266036
2529,9432,0.97210103
2532,9714,0.98778045
2535,11798,0.9981086
2543,18880,0.95319456
2550,12870,0.95093095
20282,2551,0.9715864
2557,13701,0.99602854
4645,2560,0.99217707
2566,11030,0.9978896
2595,2598,0.99065536
6213,2598,0.99141425
2618,14281,0.984036
2631,14158,0.9845845
2632,2633,0.9730277
2633,2630,0.97291064
4832,2634,0.9740185
7167,2646,0.9863121
2665,2647,0.986791
2653,2655,0.9929604
2655,2653,0.9929604
7395,2670,0.98184264
2673,5890,0.95553595
15666,2676,0.94937205
19054,2689,0.9833071
2694,2693,0.95803463
2700,12119,0.99273163
10816,2719,0.9811741
2725,17849,0.9867513
2730,2729,0.969237
2763,2765,0.98679346
2817,2765,0.98678535
2767,11873,0.98889714
2773,2770,0.98531103
2775,16812,0.98634505
2778,11813,0.9858386
2779,2519,0.98575324
2781,2782,0.9865376
2821,2782,0.98932076
2792,2816,0.98843503
2793,10689,0.9645471
2795,2794,0.9845494
2797,17860,0.9847972
2798,17860,0.9847685
2800,2799,0.9847949
2801,2536,0.9850343
2804,13762,0.98499435
2805,13762,0.9850759
2807,2806,0.9850637
2808,2806,0.98506016
2810,2809,0.98523986
2815,2822,0.98618364
2763,2817,0.9867721
2819,2818,0.9869421
5499,2819,0.98743033
2822,19891,0.9858088
15307,2837,0.96858585
3176,2842,0.9809491
2845,12678,0.9881171
10096,2852,0.9802808
11078,2865,0.9725175
2523,2875,0.9705557
11925,2886,0.9821797
14805,2888,0.9043714
15805,2889,0.977085
16827,2890,0.977191
6225,2899,0.98806155
2907,17497,0.9856778
3107,2918,0.9838599
2927,11236,0.9923234
2928,11828,0.9795084
2949,13533,0.9872119
2971,16881,0.98068845
2982,8508,0.8579945
18865,2995,0.9754666
2998,16837,0.9734663
2434,2999,0.9768585
7105,3010,0.9781205
3016,19808,0.98907274
3021,3059,0.9881793
3026,5998,0.99076766
3027,5999,0.9912382
3029,3473,0.9907312
3045,15323,0.97377694
3048,3833,0.97488415
15835,3054,0.9737031
6869,3059,0.9882494
3069,13305,0.98785865
4484,3072,0.97557837
12433,3096,0.9489327
3097,6881,0.94801605
3119,11931,0.9703221
17342,3122,0.97940123
3123,10447,0.9627647
3125,14829,0.9745321
3126,12420,0.96452624
2544,3127,0.95840704
13307,3129,0.9756182
13779,3137,0.9821905
3139,8205,0.97522724
3189,3142,0.98360705
11908,3155,0.9617176
14878,3157,0.9843651
17342,3171,0.979478
3176,1963,0.9808216
3189,6896,0.9833628
3190,3189,0.9832881
3196,3978,0.9844376
3200,3203,0.95789045
3211,3825,0.9742468
17927,3226,0.96528584
3245,15342,0.9790743
13790,3246,0.98018265
16366,3263,0.95447624
3289,12437,0.9830518
1963,3303,0.98093545
3307,16245,0.97737736
16376,3308,0.9776094
6333,3309,0.9778202
15350,3310,0.97752976
3311,3309,0.9774255
6137,3315,0.96188104
3323,11884,0.94895655
3324,14403,0.94776183
11934,3327,0.97117156
4078,3336,0.94841623
3339,5534,0.9244172
3343,13864,0.96850646
13864,3344,0.9686529
3349,3657,0.96569663
18421,3364,0.9747243
19236,3389,0.9838717
14404,3407,0.95833707
3426,12874,0.99048436
17359,3439,0.9673697
14855,3441,0.9656529
17253,3444,0.9707153
6898,3448,0.979806
3594,3452,0.9805253
3459,3440,0.96439517
14858,3460,0.96118075
5887,3472,0.9895761
3022,3473,0.9910528
3480,3203,0.9584825
11295,3488,0.96268874
3499,14857,0.979985
3501,3502,0.9360775
16386,3502,0.94590735
12457,3504,0.9567318
3506,3505,0.984718
3523,3902,0.9532601
3902,3524,0.953758
9310,3525,0.9526287
3531,18940,0.9663971
13035,3540,0.9205679
3542,3543,0.9759034
3548,11886,0.9775587
16807,3550,0.97321904
3555,3556,0.9764073
3556,3555,0.9764073
3566,8912,0.939574
19402,3568,0.9776118
12318,3569,0.9857939
3574,14176,0.9864123
14897,3595,0.9604364
3603,3525,0.9529348
3603,3604,0.9527719
3610,12337,0.993457
3614,14314,0.97769165
6205,3615,0.94934875
15856,3624,0.96958286
3629,18442,0.9673383
3324,3635,0.94812995
8294,3650,0.9671301
3655,3653,0.9674969
3656,18432,0.96625984
18922,3657,0.9644273
3670,3667,0.9836348
5308,3673,0.97557926
15874,3676,0.9764262
20145,3686,0.9847563
3687,12913,0.9716304
17377,3696,0.9627981
18935,3718,0.96158755
3721,3722,0.96128243
17868,3722,0.962482
3751,15990,0.9807417
3755,17928,0.97439426
18458,3764,0.9695951
8498,3766,0.9664269
3907,3777,0.9494269
12885,3778,0.94736314
3780,4431,0.9660848
3787,3789,0.9615437
3853,3789,0.96212476
3802,10924,0.97825384
3821,6868,0.9701048
3837,6837,0.98583525
18939,3840,0.98129004
3842,3840,0.9802799
3852,14859,0.9554677
3854,3853,0.96144074
12889,3856,0.96260417
3862,4014,0.95429856
17925,3864,0.9600621
16172,3866,0.9934942
3869,3867,0.9817123
19355,3873,0.96480244
18444,3874,0.96496224
14411,3878,0.9661854
3905,20165,0.9801645
17863,3907,0.9486407
20291,3910,0.96436036
3911,3909,0.9654698
3917,2584,0.9895873
3919,15101,0.99131376
9262,3930,0.9830015
14374,3938,0.986152
3938,3939,0.98560554
9261,3940,0.97377205
16896,3946,0.9737005
15873,3949,0.97066295
3956,3316,0.96398354
3368,3957,0.93919605
3969,15885,0.9631066
7329,3974,0.96530914
17934,3985,0.9479716
15570,3992,0.9942971
4019,4018,0.9779384
4019,17379,0.9778847
4025,4039,0.98465997
4028,4027,0.97196656
4031,4030,0.9712054
4039,3671,0.9845819
4051,6891,0.94605017
18466,4064,0.9737714
13909,4065,0.97237736
4067,4068,0.9683284
13904,4068,0.96798664
10990,4069,0.9676335
4566,4077,0.93445647
7380,4078,0.9474464
4104,2745,0.9646811
4105,6904,0.96295905
7449,4108,0.9713956
6939,4109,0.96474
9261,4118,0.9738312
4129,16716,0.98495376
13419,4131,0.962804
4606,4135,0.962687
4138,4606,0.9633067
14445,4151,0.9623755
4180,4177,0.98056066
18464,4184,0.9834345
4193,6966,0.9854091
6915,4210,0.9625708
16711,4211,0.95766085
4213,4657,0.97115135
4232,4239,0.96666837
6952,4240,0.9641792
4585,4241,0.9637344
19411,4248,0.9533811
15414,4250,0.9656442
19444,4255,0.96081954
4258,4274,0.98555183
4260,4261,0.9591149
5336,4261,0.9594945
4263,4524,0.9586648
16448,4267,0.9850609
4273,5313,0.98788506
4275,4262,0.9873875
4272,4282,0.987993
4283,5313,0.98797953
7208,4292,0.9699865
13910,4297,0.97253305
13415,4299,0.97390616
3322,4307,0.99312097
4324,16917,0.9841314
4336,4284,0.9859622
4355,4354,0.962533
4355,11353,0.9626121
4357,6974,0.9732285
4371,20133,0.9615761
4396,2154,0.97343236
4483,4397,0.97272295
4406,5013,0.9946774
4409,7275,0.9740959
4410,15930,0.9711509
4412,4415,0.977279
14374,4415,0.9840698
4417,4416,0.95729154
4417,6969,0.9571925
11356,4418,0.9585636
13694,4419,0.9791575
4426,4427,0.98075646
4427,4428,0.98112166
4440,17958,0.9583857
4450,4446,0.9693182
4450,4447,0.9693447
18959,4448,0.9681133
3764,4450,0.96956116
19422,4457,0.96823263
12144,4461,0.9701441
4463,13847,0.9787288
6987,4471,0.9658022
6988,4472,0.966738
4483,2339,0.97258943
4484,18892,0.975573
4505,7495,0.95176905
7481,4512,0.9823767
4524,4521,0.95907784
4169,4531,0.973914
4169,4532,0.9739025
17383,4539,0.92604965
4541,13417,0.96980244
4558,4559,0.96966594
4559,19759,0.9698659
20298,4560,0.9689228
4566,7000,0.93441826
18479,4576,0.96314347
4593,12353,0.96045935
13938,4605,0.96320665
20000,4606,0.9634672
12046,4612,0.98964894
14511,4616,0.97925824
14410,4620,0.96771806
4622,16120,0.99622065
17410,4623,0.96377367
4649,4639,0.9619172
18765,4642,0.9860665
4650,4649,0.9620259
4650,4639,0.96205294
4651,4653,0.9609577
4653,4652,0.96102065
4654,4653,0.96105534
4654,4652,0.9610822
4150,4657,0.97071594
4659,4658,0.96298075
15904,4659,0.9626672
4693,4670,0.98245126
16421,4673,0.9662091
9175,4674,0.96517545
4679,4680,0.98172015
4680,4681,0.98145455
4681,4682,0.98116094
4680,4682,0.98119843
18072,4693,0.9822364
4699,4700,0.96189773
19255,4702,0.99220157
4708,7049,0.9728961
7745,4710,0.9809291
4717,4720,0.96020925
4727,16931,0.9851089
4728,4995,0.9810494
7235,4731,0.9780166
15920,4741,0.97958714
4759,19025,0.9860823
4764,4769,0.97152126
12074,4793,0.96525407
6914,4794,0.96702176
4795,4796,0.96796227
7116,4796,0.96800876
15446,4803,0.98881954
4834,7162,0.9854799
4836,12073,0.96244943
4846,7734,0.7523796
16543,4859,0.9888416
7213,4879,0.95798993
5206,4887,0.98055845
4891,4977,0.98693115
12523,4902,0.98049265
4904,19544,0.9751221
4905,8272,0.99028355
4908,4909,0.9632942
19998,4910,0.98221314
5024,4915,0.9766764
4917,5078,0.9824124
7747,4923,0.994124
20309,4931,0.9829752
4959,13946,0.9845861
4971,4970,0.989298
4983,5176,0.98774964
4994,15580,0.9804648
15580,4995,0.98158664
4999,20314,0.9749272
8614,5013,0.9947326
5014,4407,0.97664785
8982,5049,0.9887034
14671,5062,0.9802285
5069,19485,0.9811143
13471,5078,0.98287845
15453,5085,0.97907853
5086,5180,0.98775405
5091,19023,0.9830321
2068,5097,0.9691486
12529,5099,0.97194934
4504,5108,0.9703012
5116,11580,0.98692864
5176,6153,0.98793143
5177,11437,0.9874544
12091,5188,0.99370545
5193,5194,0.9810462
7323,5194,0.98201376
5200,14251,0.95364004
5261,4033,0.9500061
5263,17026,0.9884878
5293,4786,0.9950346
5304,15202,0.97547126
5310,13153,0.9766973
5316,3166,0.9722517
5323,6709,0.9880392
16752,5329,0.8847069
5339,15519,0.9698462
7403,5343,0.976767
5349,15818,0.98721516
17069,5355,0.9865435
14550,5364,0.9335976
13064,5377,0.981146
5387,5389,0.96973574
5391,11262,0.9640368
5392,19207,0.9540452
5419,16972,0.96858704
13580,5421,0.9872493
13229,5454,0.98955053
8542,5455,0.9823727
5475,17697,0.987102
5484,5733,0.9880795
11036,5485,0.98733276
12795,5495,0.9844453
15271,5506,0.97231895
5508,5177,0.9872666
2009,5523,0.96031225
5534,6870,0.9558982
6225,5537,0.9880846
5554,13844,0.992994
5880,5599,0.9854401
5650,6262,0.99441636
10085,5705,0.9837266
5717,5716,0.9865936
14268,5731,0.97164303
17271,5732,0.97166204
5733,9600,0.9884316
7785,5762,0.95631284
5806,5807,0.9835194
7537,5807,0.98361224
5814,5812,0.97884893
5813,5812,0.979191
2592,5864,0.97572315
5866,18204,0.9857735
17132,5886,0.9897593
5889,11226,0.9772354
2546,5890,0.9553181
5893,9716,0.9909099
19299,5922,0.9889136
5938,2788,0.9832729
5941,5963,0.9736077
5948,14458,0.9425836
18632,5953,0.9915583
5965,12500,0.97345364
5966,18303,0.97347337
5981,8748,0.97162175
5987,11116,0.97883373
5993,11837,0.96489954
5995,6748,0.969159
5998,18900,0.99131435
5999,15809,0.99134856
3054,6002,0.9743757
6031,3215,0.9419818
6040,8158,0.9847497
1880,6055,0.98062485
6077,3517,0.96787596
1883,6090,0.98079336
6093,6092,0.9858041
6126,6093,0.9840964
12824,6102,0.9840567
16655,6104,0.95758957
6108,6107,0.96096295
6108,18520,0.96128196
6125,12583,0.9859767
14189,6126,0.98239064
6129,7541,0.9828782
19397,6137,0.9601914
6149,5282,0.9840447
6166,11991,0.81469524
6169,11443,0.9844199
7013,6205,0.9486691
7484,6214,0.9618561
6218,6221,0.9755408
6220,11188,0.9906282
19931,6221,0.97611135
6244,11771,0.9768301
6245,16218,0.9899804
13835,6252,0.9710144
2294,6262,0.9944166
14689,6293,0.9890246
15232,6316,0.9925783
6320,6129,0.98035425
6332,20271,0.9624682
4506,6365,0.9920907
6383,10399,0.98203963
6567,6401,0.9694938
10431,6414,0.97889805
7040,6429,0.98369056
15752,6430,0.9799974
8085,6447,0.8571598
12162,6453,0.9654507
6464,18093,0.97871953
6479,10406,0.9816815
6487,7305,0.9848091
6491,16635,0.96295285
6521,11517,0.9905338
6528,12876,0.96739334
18917,6529,0.96772176
6543,8068,0.99146515
6553,12140,0.9760809
6556,18530,0.9757734
6567,16972,0.96897125
6585,15710,0.9845866
6588,11510,0.96291184
6598,15005,0.9737275
6603,19542,0.9862803
6615,7568,0.97822636
9672,6670,0.9773426
19265,6689,0.9879631
6713,6712,0.9941766
7089,6752,0.9716888
6759,13241,0.98350775
6778,6767,0.9627189
6772,4368,0.97337544
6778,6779,0.9626754
6779,6767,0.9626852
17906,6781,0.95723516
6782,3490,0.9549953
6786,7089,0.9714787
6787,6786,0.9713954
6788,15375,0.9692526
3129,6807,0.9749503
6817,13878,0.9682254
6819,6820,0.9678702
20015,6820,0.9701217
6822,6821,0.9710489
17262,6824,0.98661023
6835,6837,0.9857869
6855,6856,0.9758271
6856,18332,0.9761776
6868,3823,0.9693564
6881,13773,0.9487504
16900,6891,0.9464563
6892,12901,0.943903
6893,3067,0.942253
12634,6913,0.99032146
11274,6916,0.969851
6918,4160,0.97652745
6938,4541,0.96976817
6952,4585,0.9641213
6966,7220,0.98540235
16915,6974,0.9731627
19986,6985,0.9653913
19986,6986,0.96538293
6987,16424,0.96582687
12491,6988,0.9668583
6997,16929,0.9344064
12030,6998,0.9351964
4077,7000,0.9343121
7008,9974,0.976076
6286,7009,0.98705417
7013,3615,0.9493091
7016,3654,0.9686402
7040,7662,0.9718987
7063,7070,0.9590368
19663,7069,0.956499
7098,4627,0.97121173
7099,11389,0.97135353
4800,7100,0.9730822
7104,7103,0.97272825
15445,7104,0.97293574
12844,7105,0.97721195
7116,4795,0.9680066
2646,7168,0.9861589
20001,7204,0.9619081
7204,7205,0.961215
7206,7207,0.9594784
7205,7207,0.96020013
7603,7208,0.9700893
20213,7213,0.98580235
10066,7229,0.99145585
14924,7235,0.97788143
7256,13479,0.98131853
7162,7266,0.9850138
13954,7275,0.97671264
7276,13954,0.97598857
7296,15925,0.99098384
5866,7305,0.9850729
11564,7315,0.9672262
5049,7319,0.9887687
5540,7379,0.98130876
7388,7390,0.9869746
7390,5178,0.98709583
7395,6300,0.9851997
5098,7402,0.9646986
7425,7426,0.971095
7436,17993,0.97334844
7438,12600,0.9890647
7439,6447,0.96993005
12910,7441,0.96372306
10386,7442,0.9866225
7443,11664,0.9709501
7446,13229,0.98958546
7477,8897,0.9731646
7478,12495,0.967799
16967,7513,0.9843949
7010,7514,0.95196325
10564,7523,0.9731252
7525,7526,0.97229564
17987,7537,0.98353404
6320,7541,0.96818316
2884,7549,0.9670085
7557,7073,0.98507565
7561,8436,0.9884603
8905,7563,0.9946985
7959,7586,0.98282975
11536,7590,0.98235655
7845,7602,0.97954845
6021,7612,0.9795054
19663,7635,0.9556553
17570,7636,0.9986242
14989,7650,0.97760516
6158,7653,0.9901315
7672,7669,0.9811654
11114,7687,0.98096025
7697,7696,0.9785367
19029,7711,0.9657795
7729,8547,0.7477295
10449,7740,0.9563562
7745,19557,0.98097885
14999,7747,0.99405694
7749,14960,0.9937389
8614,7752,0.99475384
18032,7771,0.97655916
7785,14682,0.9565639
17494,7793,0.9771237
11129,7798,0.9798982
7808,19049,0.98349947
15960,7813,0.9700815
7860,2796,0.9867144
7864,18039,0.9476577
4423,7884,0.96718806
15712,7934,0.9896231
6167,7942,0.98198146
14337,7959,0.983818
19016,7977,0.98662496
5101,7978,0.98467827
8006,10474,0.9774539
10081,8016,0.9931323
8019,10922,0.9780124
8039,5298,0.973003
11232,8044,0.9802492
8067,8078,0.9847702
19763,8068,0.9379678
8070,15949,0.98105514
12635,8080,0.9953117
8081,8082,0.9943182
8079,8082,0.9837288
2101,8083,0.99590224
8095,14356,0.9884079
8096,14556,0.9888976
8204,8097,0.98978615
8099,12122,0.97574663
8100,19079,0.976188
14911,8117,0.9823788
8127,7882,0.98319834
5283,8128,0.98364395
8144,13676,0.9758874
2092,8158,0.98480266
8062,8167,0.9776054
2093,8168,0.9685102
12777,8180,0.98945075
11310,8201,0.9886413
8204,14354,0.98658633
8205,17871,0.9752043
7055,8207,0.9835391
8236,18276,0.97062653
8247,10205,0.93609935
8248,12565,0.9896819
8249,18232,0.9335361
18165,8251,0.9816342
8255,18220,0.9783165
8264,5364,0.9706233
8269,5029,0.986497
5520,8272,0.9913504
19371,8282,0.97823274
8293,3459,0.9638359
8893,8306,0.98166853
13174,8315,0.9527452
16698,8323,0.99189466
8327,12084,0.9525245
5304,8339,0.9793244
19230,8345,0.9848424
8354,20324,0.9829762
20139,8420,0.97495055
12211,8421,0.9749942
8431,11228,0.9777309
8434,8435,0.9930489
8435,8437,0.992829
8448,10986,0.9825386
8464,10800,0.97999406
8473,14485,0.993331
8480,10389,0.97881657
8498,7132,0.96685255
8703,8515,0.96752465
8516,2232,0.98442256
8529,3686,0.98561513
3686,8545,0.9847082
10103,8552,0.9866153
8590,9037,0.9818365
7531,8595,0.9802846
8597,8590,0.9825749
8614,4406,0.99473405
8710,8697,0.97956604
8723,5122,0.9804136
3822,8724,0.97680205
5140,8754,0.9915154
15034,8777,0.99316967
10407,8805,0.970573
8809,6351,0.9618142
8815,13027,0.9824552
8859,14079,0.98861796
8880,18614,0.9875051
8837,8894,0.9753969
17480,8897,0.9477834
8905,19410,0.9935162
8921,2850,0.973319
8925,12262,0.98781896
16637,8947,0.9833767
8978,11658,0.9661976
8982,12084,0.98500514
8986,2638,0.9807945
9050,9034,0.97410226
9064,19100,0.98645407
9081,11610,0.9872436
9084,17590,0.9888466
9085,11165,0.9891117
9086,9085,0.98946863
14111,9087,0.9896583
9088,9087,0.98994035
9089,9088,0.9903348
9090,9091,0.9905867
9089,9091,0.99055266
17085,9117,0.99421376
20290,9131,0.97333354
12227,9154,0.9830208
15066,9155,0.9829525
9156,2949,0.98692256
9168,10886,0.9751755
18482,9175,0.96494704
9221,9744,0.98951775
9261,10305,0.971805
5182,9321,0.9906238
18640,9324,0.983932
9325,16598,0.9930608
15046,9341,0.97873336
9365,9867,0.9946997
9371,17100,0.97725916
9386,9385,0.97805357
5267,9402,0.9950235
9403,16080,0.9494134
9490,18102,0.9814933
9491,9490,0.98310304
9515,10843,0.91363937
9557,16081,0.9530774
12234,9572,0.97889584
9578,9577,0.9865198
2735,9600,0.98357195
9605,13261,0.9531113
10105,9614,0.97967225
19790,9646,0.980375
9665,10597,0.992849
9671,2447,0.98313534
16802,9672,0.9769762
9674,10882,0.97615474
9684,14782,0.9871044
10257,9707,0.99412787
19804,9713,0.9914185
12387,9714,0.98799896
9716,5893,0.9909099
9726,15607,0.9878655
9728,9727,0.9844141
9742,17793,0.9971775
5638,9754,0.99390393
9809,9804,0.9739664
10370,9809,0.97238785
9814,19658,0.9345768
9828,9829,0.98613805
10410,9830,0.9863034
9832,9831,0.98597485
9882,11285,0.99237084
10334,9893,0.96287006
19759,9966,0.9697453
10849,9967,0.98105824
5658,9968,0.9851001
9969,11281,0.98673034
10000,9981,0.9734953
13577,10068,0.9809739
10085,10086,0.9837075
10604,10086,0.98364395
10100,10092,0.9761583
10100,10104,0.97615755
10092,10104,0.97613484
10118,11194,0.9839659
10624,10131,0.9834516
10133,10129,0.9842429
10140,19237,0.97449344
10927,10165,0.97115165
10209,1973,0.98299754
10233,5430,0.9897564
10238,10262,0.9911841
10239,5631,0.99587643
15474,10241,0.9594934
10265,14685,0.98528916
10266,10267,0.9842115
10267,2480,0.98348355
16666,10270,0.959044
19198,10273,0.98129857
10290,10784,0.99008816
10298,12797,0.9897922
11198,10299,0.97795755
10303,9624,0.9766476
7429,10319,0.97080225
10333,7550,0.97207797
1883,10338,0.9806866
10347,19696,0.98453647
10349,19177,0.9653989
10352,12990,0.9819548
8068,10355,0.99428564
14171,10372,0.98795414
12216,10373,0.986384
10379,10393,0.96656793
10383,10792,0.9611454
10386,18305,0.94334024
12139,10389,0.9563945
10399,2239,0.9826717
2480,10406,0.9823605
18714,10415,0.974263
10420,12612,0.88733083
10422,3197,0.993274
10428,19575,0.9592408
10446,15163,0.9844499
11982,10447,0.96093184
7271,10449,0.962703
10503,10393,0.96709746
10506,10507,0.9715887
10552,16742,0.9388454
10553,18295,0.9933002
19041,10559,0.9896937
18289,10571,0.99839276
10572,17255,0.9790046
10609,14794,0.9972006
10617,15792,0.98950875
8305,10632,0.98900723
10666,10667,0.9753887
11875,10680,0.98666
10684,12752,0.9720861
13259,10685,0.9939312
10692,11039,0.99804497
10693,19839,0.9975313
5211,10704,0.97738546
10763,10972,0.674231
10764,2809,0.9852465
12609,10774,0.9584943
19229,10792,0.9591507
10815,2370,0.95566285
10837,10823,0.9619976
10837,12704,0.96312934
10847,14722,0.98125273
16779,10848,0.71068627
10849,17698,0.97988665
17196,10857,0.9856697
14561,10860,0.9793428
10882,11167,0.9759483
5238,10894,0.98749465
2823,10909,0.9812695
10914,17592,0.9902512
9239,10918,0.9923821
10924,10922,0.98030794
9538,10929,0.99248827
10931,9538,0.99239576
17309,10940,0.9930391
11604,10942,0.98504084
10947,18132,0.99007636
8443,10966,0.8892902
10984,19694,0.98740244
10990,13904,0.96703297
10996,3041,0.9385038
11014,1999,0.9838234
11030,15757,0.9979036
16754,11035,0.97026765
11039,12396,0.99792826
11041,2984,0.98434216
11049,17850,0.99719644
14485,11062,0.99335176
16742,11112,0.9688936
2304,11116,0.978833
19582,11123,0.9756867
11126,15281,0.98453945
11129,6699,0.97983414
13704,11140,0.9912582
11151,2768,0.9851976
5663,11193,0.98081297
6196,11208,0.9892547
11217,16251,0.9967507
11232,16576,0.9796988
11236,2926,0.9923733
11243,17342,0.9815377
11245,2679,0.83341426
14839,11252,0.98048234
12130,11256,0.95824903
14486,11262,0.96429336
11265,11274,0.99257094
11277,8835,0.9703917
2070,11284,0.96342105
11295,12889,0.96268624
17893,11298,0.9813069
11305,15377,0.96806777
11327,7699,0.92554575
11336,9387,0.974282
11321,11344,0.95687956
11356,19983,0.95786226
11389,7098,0.9714218
11400,19473,0.9801334
13670,11408,0.98842686
11414,17438,0.99007785
11420,9447,0.9807179
11422,15456,0.9745867
10488,11431,0.95672226
19761,11434,0.9791947
5176,11437,0.987717
11474,6178,0.9893638
11476,11513,0.9691711
11477,14510,0.991058
13153,11501,0.9765726
11510,10792,0.9623207
11516,11517,0.99081147
14273,11517,0.99078125
11524,15663,0.9684722
11536,11537,0.98235935
7590,11537,0.98237705
11542,15508,0.98487836
11546,5866,0.98502535
3614,11553,0.97833407
11562,12843,0.9854784
11563,1863,0.98480296
11574,3389,0.98538536
11610,19100,0.9868837
19846,11612,0.99039805
16596,11619,0.99172723
2615,11649,0.9936134
2888,11664,0.9685651
11688,3952,0.975438
17168,11691,0.9921611
7525,11696,0.97237563
18548,11714,0.9986551
12199,11721,0.9922645
17565,11729,0.9918045
16744,11752,0.9861859
11764,18770,0.9457058
11767,14046,0.97958755
11771,12767,0.97248423
11776,15621,0.99190724
11787,6196,0.98905295
11793,19823,0.978994
11796,11018,0.9794963
2593,11822,0.98600674
11824,15307,0.96852714
11828,2580,0.9792052
14238,11838,0.98022413
11840,11478,0.97829366
11868,12354,0.99700564
11869,12787,0.9970892
2792,11873,0.9885053
11874,19370,0.9884192
11882,17309,0.99100095
3050,11884,0.94928944
19327,11888,0.99083483
11898,15832,0.9752274
11907,4083,0.97139335
11908,18893,0.961967
11911,15480,0.9789327
11916,3190,0.9830976
11921,17129,0.99430865
14102,11924,0.990733
5487,11925,0.9833515
15335,11929,0.98664886
11930,13324,0.9914575
11934,16524,0.92360103
11945,2963,0.97376055
3373,11947,0.9541601
11949,6792,0.98269826
11950,16865,0.95431507
11958,13877,0.9924273
11965,6779,0.962645
11968,3693,0.96860784
11979,3810,0.9761236
11981,7549,0.96548116
11982,12557,0.9611989
11984,15376,0.96134365
11986,3834,0.9852314
11994,13835,0.97096115
15861,12005,0.92801166
4520,12016,0.9600519
16929,12030,0.9358249
14946,12046,0.98944676
4835,12073,0.9626366
6115,12084,0.9857283
12095,6210,0.9188957
12098,12990,0.9816984
12141,18156,0.99423003
8765,12144,0.9708241
12151,17856,0.9902407
12165,4923,0.99418676
12177,19309,0.9720481
12188,19676,0.90268505
12776,12197,0.9722925
2453,12199,0.9873492
12206,16047,0.9898381
16597,12224,0.99044377
12665,12232,0.9913975
12246,12245,0.9808265
12673,12248,0.9491678
12252,15165,0.9916431
20230,12265,0.98538524
3572,12281,0.9505181
12292,19056,0.99856913
12309,13482,0.9821884
12337,8496,0.9922793
12574,12342,0.9986457
12350,12353,0.9608814
12357,10575,0.9931078
12363,19839,0.996608
12365,12793,0.9786291
12383,16803,0.9972127
2873,12389,0.98113763
12396,11039,0.9978649
17041,12400,0.96816385
2790,12411,0.97561747
12419,3456,0.9700238
12433,3259,0.9488444
12437,18905,0.9832282
12444,3633,0.9568135
12455,10937,0.9405489
12467,9823,0.97637945
12495,18987,0.9676298
12500,5965,0.97345364
12539,20044,0.9836181
12550,14973,0.98740584
12151,12552,0.9901883
10447,12557,0.96236205
12582,10848,0.4684928
2035,12584,0.9858089
18770,12599,0.98348874
12603,16036,0.9949916
12613,17142,0.99204683
13643,12633,0.99864656
12634,20249,0.9903093
12647,10723,0.94196606
12662,12230,0.98994327
18652,12668,0.9589962
12674,14610,0.9886203
12678,2845,0.9881423
12686,19682,0.9902417
12697,16247,0.98843074
2588,12704,0.9661667
12728,13224,0.98016477
3800,12736,0.86503565
15645,12739,0.87913567
12745,18402,0.973457
2950,12748,0.958743
12750,13675,0.98075277
12752,19230,0.77827007
12787,11869,0.9970892
12793,12365,0.9786291
12358,12795,0.9844788
12798,14758,0.9908601
18276,12819,0.9764904
12824,16524,0.7829202
12849,13779,0.9818584
16315,12853,0.9889186
12876,3650,0.96734166
3488,12889,0.9627026
12901,6891,0.9435908
14441,12914,0.95239097
12924,16431,0.97782546
12938,14741,0.9863067
19473,12962,0.9801846
12987,18338,0.97965425
12990,10352,0.9818777
13034,12263,0.9712459
13037,5314,0.9849095
7729,13056,0.98577034
13064,19615,0.9837731
5233,13069,0.9924442
13081,2709,0.95713407
13090,15092,0.98076975
14120,13093,0.98054296
17878,13114,0.9789469
8147,13119,0.9821253
13120,13691,0.86668926
13127,19012,0.9930964
14672,13132,0.98627687
13141,14741,0.9862852
13142,18730,0.9543688
13153,17548,0.8302659
13160,14742,0.9855698
13196,7636,0.9986259
13197,17664,0.9927053
13218,16250,0.9630661
13224,12728,0.9800679
13225,19827,0.9592111
13228,11022,0.99811244
13229,12327,0.9863392
13237,15763,0.99292153
13242,15766,0.97958356
13258,18338,0.98090667
2870,13264,0.98028207
12552,13268,0.9901141
13290,13301,0.9903204
13303,13529,0.9924799
13304,13303,0.99247664
13305,10264,0.98436546
13306,17684,0.98538786
13329,12446,0.93957794
13338,11313,0.98351246
13348,7179,0.9732588
13356,15333,0.9902272
13365,13386,0.98635316
13379,19774,0.98092204
13380,15610,0.9792905
4865,13382,0.9748921
13383,12631,0.9795736
8565,13385,0.9804811
8565,13386,0.97908014
1921,13397,0.92958885
13398,17647,0.94901377
6938,13417,0.9698242
13428,16431,0.97808856
13431,4611,0.9890219
13477,12987,0.9795193
10880,13480,0.9892888
13528,19597,0.9986242
9156,13533,0.98724675
13545,13643,0.99863595
13555,17093,0.99035335
13556,14097,0.9903709
13559,12622,0.98565847
13565,12663,0.99059314
13595,12272,0.9620864
19676,13602,0.9624988
7705,13629,0.9691868
13643,11714,0.9986571
10970,13657,0.96826124
13659,14145,0.995514
13663,18805,0.97792155
19948,13665,0.9643164
13675,16219,0.97454584
13695,11378,0.96218604
13707,17780,0.9980757
13731,15807,0.97839385
13738,8087,0.982501
13745,17779,0.9981193
13760,17862,0.99102694
13761,19907,0.99019694
13763,17784,0.98730195
3271,13773,0.9483021
13779,11243,0.9825258
13788,13861,0.99259514
15342,13790,0.98035735
13109,13803,0.9925027
19566,13810,0.9722758
13835,11987,0.97104365
3180,13841,0.9831229
13183,13846,0.9749067
12275,13847,0.9789048
13851,3180,0.9830397
13858,19193,0.9636819
13861,7466,0.9924722
13863,3635,0.9483154
7164,13864,0.96932566
13870,12826,0.9841285
13880,3479,0.96157676
13893,16118,0.9913455
7397,13898,0.96986884
7405,13903,0.97485346
4297,13909,0.97236013
19465,13923,0.97257406
13931,17450,0.9830536
13938,20000,0.96324635
13942,11672,0.98576754
13954,7276,0.97598857
13972,19173,0.96367013
15997,13999,0.98148847
14655,14017,0.9945094
14023,12184,0.74835235
14039,14574,0.981506
14051,18247,0.970485
14070,7998,0.99249285
14074,14072,0.9841817
14077,18613,0.9918365
14078,20330,0.99204034
14094,10295,0.95450175
9735,14102,0.98843646
14115,20343,0.85458845
14145,13659,0.995514
5079,14151,0.97877836
14161,18193,0.9550738
14166,20234,0.9661434
13815,14167,0.9768216
12289,14176,0.9858845
14187,17199,0.9858343
17225,14190,0.979597
14200,6977,0.9830126
14207,4773,0.97375715
14210,18073,0.9807499
14214,8346,0.98979187
14230,17140,0.9930367
14234,17685,0.9985061
14258,18817,0.998019
14259,19883,0.98090184
14261,2376,0.99768114
19859,14273,0.99047524
6756,14281,0.9855702
14284,6978,0.9742957
14290,18319,0.9956743
14296,5989,0.98778546
14299,11797,0.99809235
3923,14323,0.9847868
14332,13033,0.98743725
18236,14336,0.98110616
4712,14337,0.95584416
2675,14341,0.9877868
3914,14342,0.92652774
18742,14343,0.8588831
3968,14344,0.9151859
19819,14354,0.9714695
14356,14372,0.988187
14360,17456,0.9786276
14364,20002,0.9852771
14370,1900,0.982227
14371,14372,0.990209
8095,14372,0.9872463
4412,14374,0.9775138
16316,14380,0.9955329
14403,3635,0.94818735
14419,18947,0.9800774
14426,19443,0.9625524
14435,12604,0.96647614
12486,14439,0.97249085
14444,6988,0.96648127
14496,16976,0.98864913
19014,14497,0.9665953
14964,14498,0.9862325
14503,15291,0.98321646
14513,15574,0.97976947
14556,17219,0.98312426
2040,14559,0.9749443
14570,2001,0.9932968
12743,14577,0.97921556
14582,13539,0.9831435
14605,16154,0.9934801
14648,19177,0.9678418
11344,14653,0.96212673
14655,18273,0.9813526
14953,14659,0.9871585
5730,14666,0.9631352
14979,14672,0.9862424
14682,16667,0.9576813
14707,16038,0.8919688
16704,14722,0.9688904
15032,14738,0.9986261
14461,14741,0.9862641
14754,16257,0.9981073
14758,12798,0.9908601
14760,12378,0.9727824
6684,14782,0.9869953
14784,14786,0.99381423
14785,11201,0.98407376
6712,14786,0.9941552
14794,18849,0.9972383
16177,14805,0.9832949
14813,17406,0.9752133
14845,14800,0.9925141
14861,17621,0.97867125
14871,3911,0.9643195
14892,14907,0.96937793
14914,19448,0.95870125
14964,5170,0.9867213
14968,13464,0.9869644
6379,14978,0.992
17473,14979,0.9862628
16910,14999,0.9939751
2321,15001,0.9784646
15005,16752,0.9693019
15012,17209,0.97410005
2377,15020,0.9678973
15032,13528,0.99862087
15046,18136,0.9067928
15060,15059,0.99217176
15060,9290,0.9927174
15065,17588,0.9902631
15066,18107,0.99035114
15073,10738,0.95796025
15101,3919,0.99131376
19778,15118,0.98931634
15124,11513,0.9684202
18236,15158,0.98045176
15159,10269,0.95364785
13528,15171,0.99862754
13119,15185,0.9327379
8339,15202,0.9769439
15217,13295,0.9788168
15232,4839,0.978592
15241,15317,0.9890583
15246,15288,0.97874445
15247,11023,0.9981358
15258,19888,0.9979754
9537,15262,0.992679
15271,18311,0.9722519
8604,15275,0.98391414
16289,15285,0.97688204
15287,16802,0.9772939
15291,14503,0.98321646
15296,18345,0.9964468
15297,12347,0.98914623
15302,17286,0.9691721
15306,19885,0.99752814
17848,15307,0.9677453
14392,15342,0.9807191
15346,11280,0.94387555
6963,15350,0.9772714
15351,11314,0.99274105
6209,15364,0.9436495
15377,3529,0.9679612
15386,3780,0.96492785
4539,15400,0.92960155
4067,15411,0.96849334
15474,12349,0.95900416
15497,6323,0.98259497
19594,15505,0.96384996
18058,15527,0.9793871
15532,18584,0.97576535
15543,17930,0.8104371
15545,14721,0.97821224
15549,4889,0.98200995
15559,14582,0.983273
3640,15569,0.85947573
15592,1934,0.98392993
15596,19135,0.98987573
15597,16079,0.9897827
7180,15600,0.94913477
16610,15606,0.9965432
15618,12199,0.9722164
15621,11776,0.99190724
15633,17638,0.99373513
15634,17160,0.9856996
18162,15643,0.96464044
15101,15656,0.9913749
15663,17478,0.9685098
14404,15689,0.9416699
5735,15724,0.9411813
15728,16621,0.99349314
15746,18345,0.9965229
14534,15752,0.9801993
15759,17788,0.9970956
15762,19841,0.99303174
15781,19868,0.98530096
15784,12383,0.9971902
15785,19344,0.99720997
15793,16785,0.9972133
16833,15795,0.98296577
13277,15805,0.9672976
15806,20275,0.99233246
12843,15807,0.97998464
15809,3028,0.99121606
15827,3089,0.9778828
19455,15875,0.9787133
17871,15876,0.9752951
15935,15920,0.9804688
15935,4741,0.98032105
15967,10554,0.9677884
15969,15929,0.9936115
3715,15977,0.98197293
8196,16010,0.96426404
16015,19625,0.9816337
18548,16036,0.9981231
15016,16038,0.9905404
16064,16154,0.9928509
15325,16071,0.9795544
16078,15594,0.99042624
17605,16085,0.99626154
16110,17140,0.99322456
17220,16129,0.9879943
16138,16649,0.96298397
15649,16140,0.98466104
3917,16144,0.9901624
16146,10721,0.97962064
16154,16064,0.99325573
12286,16162,0.99253744
6196,16176,0.9892315
15273,16179,0.9932359
16181,14049,0.94896793
16194,13389,0.6722787
18474,16199,0.9529685
16212,8304,0.527306
16221,6067,0.99421567
6451,16224,0.967862
16236,17187,0.98496825
19092,16237,0.9784839
19170,16239,0.966218
17200,16240,0.98611844
17353,16245,0.9778045
16256,19828,0.99810934
16257,14754,0.9981073
19320,16266,0.9894683
2435,16289,0.9768733
15285,16290,0.9768255
14275,16296,0.98736507
16311,17826,0.96800375
16311,16313,0.96785253
17264,16347,0.9885705
11424,16356,0.95683134
3902,16366,0.95367885
16370,11930,0.99139684
16382,20283,0.98490465
4471,16424,0.9658143
16437,15891,0.9730622
4892,16444,0.9869446
16448,3671,0.98529017
5326,16491,0.9911334
16507,16498,0.9835344
16516,17004,0.9831308
20159,16545,0.97432876
16547,14551,0.94958895
16555,20326,0.96577984
14000,16576,0.9802695
16583,19115,0.9314071
16592,18539,0.9430395
16595,12649,0.93722963
16598,12225,0.9223138
16610,17605,0.9958681
18655,16611,0.99252325
16621,18233,0.9947694
6598,16623,0.9443353
14065,16631,0.943527
16635,6491,0.96295285
16637,12743,0.9833002
16639,12704,0.9670718
17609,16642,0.986294
14025,16644,0.9753547
15643,16649,0.9644702
19229,16655,0.9578869
16661,7258,0.9817645
14682,16666,0.9576663
16667,10270,0.95873356
16681,14131,0.9875953
16687,18628,0.9270555
16692,16399,0.97971743
19148,16704,0.90657043
16718,20127,0.9775094
16733,9209,0.9734051
16740,6884,0.96965516
16752,8236,0.94050884
13157,16754,0.99070096
16762,18224,0.97971284
16770,12346,0.9972481
16785,2491,0.99722004
16787,14258,0.9980306
16800,18376,0.9972464
16290,16802,0.9769109
16803,12383,0.997232
19868,16806,0.9865224
14806,16808,0.9800878
19320,16810,0.9896651
16813,2741,0.98630744
15805,16827,0.9771442
18395,16833,0.98306906
16848,19914,0.97858495
16849,15832,0.9753886
16856,3621,0.9857751
16861,5970,0.98116887
16864,4412,0.9749367
20280,16887,0.9600975
16900,4051,0.9469805
16915,4357,0.9731895
16921,13418,0.9711646
16954,17465,0.9790992
16972,1952,0.9694968
6460,16980,0.9779432
19127,16992,0.9576359
5959,17003,0.9839192
17026,10937,0.980909
17040,2171,0.97675794
17042,12866,0.982263
17045,12318,0.9816912
17068,20330,0.9920258
17094,13074,0.9904096
17104,13051,0.9774784
17613,17114,0.9807061
17140,16110,0.99315673
17141,18297,0.9097169
17142,12613,0.99204683
17164,3228,0.97748363
17172,13175,0.98355573
17182,13603,0.9716968
19798,17196,0.98799187
17200,14360,0.9919789
17201,17625,0.982714
17204,5329,0.9889157
17239,16955,0.80400306
17258,10609,0.99719316
17297,19879,0.99747676
17303,13287,0.998111
17304,13518,0.97964805
2177,17309,0.99347407
17342,3788,0.9798703
17357,3615,0.94918936
17358,6534,0.9686318
17403,14439,0.9724764
19384,17406,0.97514707
17411,7099,0.9708082
17447,9824,0.96494263
4750,17450,0.98323387
17462,20044,0.98359585
17473,20049,0.9862829
17497,2907,0.9856778
14921,17524,0.98164845
17538,15119,0.95884335
18074,17546,0.98556906
13196,17570,0.9986229
17572,12209,0.9925137
17590,9083,0.9888573
17621,19160,0.9786194
17625,18005,0.8705702
17626,2954,0.99325055
17630,3882,0.990785
17634,17650,0.992773
17639,12488,0.98780894
17650,17634,0.992773
17653,3237,0.9853157
17663,14230,0.9930441
17664,13197,0.9927053
17685,17688,0.9985184
17688,10838,0.9985001
14979,17697,0.9857525
17725,14336,0.99052775
20332,17732,0.98966765
15583,17738,0.9776618
10942,17744,0.87010396
17755,18793,0.9962224
17759,19937,0.992358
11032,17760,0.9881224
17779,13745,0.99812204
17780,13707,0.9980757
17784,16783,0.9886911
17787,11122,0.989402
17788,15759,0.9970956
17789,18860,0.9972299
17794,9742,0.99717087
17795,12840,0.9896798
17797,18831,0.9800797
17803,11800,0.99695134
17815,17816,0.9971507
17816,17815,0.9971507
17834,19305,0.9963252
17850,19324,0.99725395
17854,19906,0.99806064
2609,17862,0.9893991
17870,3105,0.9864535
19837,17872,0.9915766
2905,17899,0.9943593
17111,17903,0.9457032
18918,17904,0.96214265
17906,17910,0.9578289
15996,17930,0.9197074
17965,7286,0.97790617
17987,5806,0.98351157
17993,7436,0.97334844
11540,18032,0.97710377
18034,10541,0.9718536
8496,18054,0.9906783
18073,18848,0.9721868
18077,8199,0.9835127
18085,11586,0.98809576
18093,15715,0.9755778
18094,18093,0.9757968
18108,17095,0.9904703
18132,10947,0.99007636
18146,12782,0.976915
10798,18150,0.981868
18161,8470,0.98516685
11262,18162,0.96433693
11652,18169,0.98078376
18182,5598,0.9844667
4702,18200,0.99058247
11546,18204,0.9858305
18225,18064,0.98999375
6088,18254,0.9851092
18262,15723,0.7078267
18276,8236,0.98081285
10838,18289,0.9985317
18295,10553,0.9933002
18344,18297,0.8491727
18303,16767,0.9735213
18308,13227,0.9981281
18312,2139,0.99810636
18319,17796,0.98823535
18338,12987,0.98054713
16282,18339,0.983668
18345,17299,0.9965161
18376,2065,0.9972453
10906,18394,0.87856764
18415,3526,0.9834974
18430,11972,0.9902587
18448,6870,0.91814864
7411,18464,0.98345965
18531,18302,0.9789811
18534,19713,0.9783398
18838,18541,0.9792357
18542,14994,0.96590793
12633,18548,0.99866116
18574,17753,0.98033285
18576,19291,0.98140633
18578,6290,0.96869355
18580,19191,0.9779984
18584,15532,0.97576535
18596,19237,0.9746621
18602,13539,0.9848742
8832,18608,0.9812779
18613,14077,0.9918365
18627,12653,0.9850278
18640,13073,0.99026895
18646,15070,0.9898887
18649,9953,0.95739937
3826,18702,0.9742553
8477,18714,0.9736422
18716,4622,0.99733305
18726,14198,0.9734899
18186,18730,0.9546676
17478,18731,0.9689971
17154,18734,0.9859407
18736,14315,0.96777993
18739,13127,0.9950098
18744,10943,0.98625803
2482,18768,0.95796585
6526,18770,0.7415904
18793,17755,0.9962224
18800,4584,0.9906414
18817,14258,0.9980147
18819,2139,0.9980909
18821,2490,0.99726796
18823,19324,0.99729246
18824,10693,0.9974375
2897,18825,0.99358577
18831,13224,0.98000175
18838,7736,0.9790724
18849,14794,0.99725217
18860,17789,0.9972299
18866,15240,0.99754614
2856,18871,0.9936069
16071,18887,0.97561604
18888,20156,0.98780185
18905,9835,0.9834394
18907,6963,0.9777297
8294,18917,0.9673477
18931,16887,0.95903605
18935,4564,0.961626
18940,3849,0.96734446
18947,17873,0.9798431
7478,18987,0.9678596
18989,8200,0.97470564
19012,16670,0.97063375
19029,19532,0.96533895
5959,19042,0.98403543
19056,522,0.99740344
19076,3701,0.98864925
19590,19079,0.975019
8866,19115,0.8482064
19121,17639,0.9876972
19643,19140,0.99847347
19260,19148,0.9377196
14861,19160,0.9786764
13399,19161,0.972131
19167,10298,0.9897531
16234,19169,0.97186613
19177,10333,0.9694751
16649,19193,0.9617413
7258,19204,0.98191905
19207,2572,0.95418787
12551,19210,0.9706999
19230,17141,0.98102576
19236,11574,0.98400795
19237,18596,0.9746056
11697,19246,0.9757321
11649,19255,0.9894077
14707,19265,0.9380153
19268,19093,0.98109657
19293,19783,0.99307936
19295,1920,0.97231233
17159,19300,0.98802817
19305,17834,0.9963252
19308,14115,0.97940457
11011,19315,0.99600923
19319,11801,0.9738229
19320,14757,0.9895225
19324,18823,0.99730265
19334,12830,0.98617095
19342,15048,0.9977028
19344,12383,0.9971987
15743,19347,0.9806923
19385,3821,0.9697833
19442,14944,0.96927106
19443,19436,0.96224153
19455,14420,0.9786476
19462,12924,0.97719574
19466,19465,0.97251016
19466,13923,0.97256124
19473,19490,0.9797472
19485,15935,0.98085564
19499,2052,0.9940745
19037,19505,0.9750172
19566,2007,0.9699711
19590,8076,0.97589874
19596,18582,0.9845404
19597,12574,0.99864024
19603,18155,0.8883294
19608,17514,0.9748752
19625,11900,0.9842308
19643,14612,0.9984931
17943,19647,0.98858696
19651,14096,0.99019593
7569,19663,0.9655821
13077,19668,0.99058163
10963,19675,0.9833845
19682,12686,0.9902417
19693,14658,0.9898835
19695,20204,0.9913181
10009,19737,0.951046
5254,19757,0.9749944
19759,4560,0.96975964
19780,13029,0.8964734
19783,19293,0.99307936
19784,12523,0.9773292
10178,19798,0.987122
19801,5864,0.9766663
19808,3016,0.98907274
19810,12678,0.98793435
19819,19801,0.97673494
19828,16256,0.99810934
19829,17303,0.99810493
19831,2083,0.98773557
19832,18866,0.9975817
19839,10693,0.9975459
19842,17269,0.9923233
19844,2251,0.9924223
19868,2508,0.9867966
19881,17891,0.9890676
19883,2280,0.98075473
19885,15306,0.99752814
19888,15258,0.9979754
20346,19910,0.9846972
6899,19914,0.9786153
19919,15344,0.94450235
18896,19925,0.97561204
19937,13877,0.99227893
19964,18450,0.96118915
19966,14880,0.66730285
20000,4138,0.96355826
20022,17436,0.96269405
20036,13477,0.97986674
20044,12539,0.9836273
9339,20049,0.986315
13010,20072,0.9968426
20088,7929,0.99130684
5352,20106,0.97653836
15365,20112,0.9871171
6122,20127,0.9778355
20141,14078,0.99197805
13070,20169,0.9951533
20178,18628,0.966334
20206,15650,0.9520595
20219,17754,0.9899573
11045,20220,0.99059206
20237,15244,0.9952129
20249,6913,0.99031186
20259,4655,0.97162217
20275,11878,0.99238104
20280,3721,0.9606761
20290,9129,0.9404214
19759,20298,0.96974486
20324,11769,0.9752728
5389,20326,0.96752477
20327,10129,0.9842727
20330,14078,0.9920759
20333,20217,0.9756798
2067,20345,0.99426186
